ATP,Location,Tournament,Date,Series,Court,Surface,Round,Best of,Winner,Loser,WRank,LRank,WPts,LPts,W1,L1,W2,L2,W3,L3,W4,L4,W5,L5,Wsets,Lsets,Comment,B365W,B365L,PSW,PSL,MaxW,MaxL,AvgW,AvgL,BFEW,BFEL
1,Brisbane,Brisbane International,1/4/2026,ATP250,Outdoor,Hard,1st Round,3,Tiafoe F.,Vukic A.,30,87,1485,693,6,2,6,2,,,,,,,2,0,Completed,1.44,2.75,1.52,2.7,1.53,2.95,1.47,2.63,1.53,2.88
1,Brisbane,Brisbane International,1/4/2026,ATP250,Outdoor,Hard,1st Round,3,Tien L.,Ugo Carabelli C.,26,48,1540,1028,7,6,6,3,,,,,,,2,0,Completed,1.14,5.5,1.2,5.21,1.18,5.5,1.16,5.06,1.19,6
1,Brisbane,Brisbane International,1/5/2026,ATP250,Outdoor,Hard,1st Round,3,Korda S.,Vacherot V.,46,31,1090,1469,7,6,6,3,,,,,,,2,0,Completed,1.5,2.63,1.54,2.64,1.52,2.75,1.48,2.61,1.56,2.74
1,Brisbane,Brisbane International,1/5/2026,ATP250,Outdoor,Hard,1st Round,3,Michelsen A.,Duckworth J.,37,86,1300,694,6,7,7,6,6,3,,,,,2,1,Completed,1.73,2.1,1.73,2.22,1.8,2.2,1.71,2.11,1.75,2.28
1,Brisbane,Brisbane International,1/5/2026,ATP250,Outdoor,Hard,1st Round,3,Lehecka J.,Machac T.,19,35,2075,1360,6,4,6,7,6,2,,,,,2,1,Completed,1.5,2.63,1.52,2.71,1.57,2.75,1.49,2.56,1.54,2.76
1,Brisbane,Brisbane International,1/5/2026,ATP250,Outdoor,Hard,1st Round,3,Majchrzak K.,Altmaier D.,59,44,861,1123,7,6,6,0,,,,,,,2,0,Completed,1.91,1.91,,,1.95,1.91,1.91,1.84,2.02,1.94
1,Brisbane,Brisbane International,1/5/2026,ATP250,Outdoor,Hard,1st Round,3,Halys Q.,Popyrin A.,91,50,669,1000,5,7,6,3,6,4,,,,,2,1,Completed,2.5,1.53,2.49,1.6,2.5,1.57,2.4,1.55,2.6,1.61
1,Brisbane,Brisbane International,1/5/2026,ATP250,Outdoor,Hard,1st Round,3,Opelka R.,Sweeny D.,60,183,861,315,6,3,7,5,,,,,,,2,0,Completed,1.62,2.3,1.6,2.49,1.62,2.6,1.56,2.39,1.64,2.52
1,Brisbane,Brisbane International,1/5/2026,ATP250,Outdoor,Hard,1st Round,3,Medvedev D.,Fucsovics M.,13,54,2710,949,6,2,6,3,,,,,,,2,0,Completed,1.29,3.75,1.28,4.03,1.29,3.8,1.26,3.73,1.28,4.3
1,Brisbane,Brisbane International,1/6/2026,ATP250,Outdoor,Hard,1st Round,3,Collignon R.,Shapovalov D.,84,23,704,1665,6,4,6,2,,,,,,,2,0,Completed,2.1,1.73,2.03,1.86,2.2,1.78,2.06,1.74,2.14,1.86
1,Brisbane,Brisbane International,1/6/2026,ATP250,Outdoor,Hard,1st Round,3,Nakashima B.,Davidovich Fokina A.,33,14,1380,2585,7,6,6,4,,,,,,,2,0,Completed,2.5,1.53,2.4,1.63,2.5,1.65,2.35,1.57,2.48,1.66
1,Brisbane,Brisbane International,1/6/2026,ATP250,Outdoor,Hard,1st Round,3,Mpetshi G.,Paul T.,67,20,825,2050,7,6,3,6,7,6,,,,,2,1,Completed,2.75,1.44,2.73,1.51,2.75,1.55,2.64,1.47,2.84,1.52
1,Brisbane,Brisbane International,1/6/2026,ATP250,Outdoor,Hard,1st Round,3,Kovacevic A.,Kyrgios N.,58,670,877,50,6,3,6,4,,,,,,,2,0,Completed,1.62,2.3,1.6,2.47,1.65,2.5,1.6,2.29,1.59,2.66
1,Brisbane,Brisbane International,1/6/2026,ATP250,Outdoor,Hard,1st Round,3,Norrie C.,Humbert U.,28,36,1523,1355,1,6,7,6,7,5,,,,,2,1,Completed,2.2,1.67,2.21,1.74,2.2,1.8,2.1,1.72,2.3,1.75
1,Brisbane,Brisbane International,1/6/2026,ATP250,Outdoor,Hard,1st Round,3,Hijikata R.,Walton A.,111,77,546,732,6,3,6,2,,,,,,,2,0,Completed,1.73,2.1,1.79,2.13,1.76,2.1,1.73,2.08,1.8,2.22
1,Brisbane,Brisbane International,1/6/2026,ATP250,Outdoor,Hard,1st Round,3,Dimitrov G.,Carreno Busta P.,47,92,1080,656,6,3,6,2,,,,,,,2,0,Completed,1.44,2.75,1.51,2.74,1.55,2.8,1.47,2.67,1.52,2.9
1,Brisbane,Brisbane International,1/7/2026,ATP250,Outdoor,Hard,2nd Round,3,Michelsen A.,Tien L.,37,26,1300,1540,6,4,6,2,,,,,,,2,0,Completed,2.38,1.57,2.57,1.56,2.54,1.58,2.45,1.54,2.68,1.58
1,Brisbane,Brisbane International,1/7/2026,ATP250,Outdoor,Hard,2nd Round,3,Medvedev D.,Tiafoe F.,13,30,2710,1485,6,3,6,2,,,,,,,2,0,Completed,1.3,3.5,1.35,3.44,1.33,3.55,1.31,3.42,1.38,3.55
1,Brisbane,Brisbane International,1/7/2026,ATP250,Outdoor,Hard,2nd Round,3,Korda S.,Lehecka J.,46,19,1090,2075,6,3,1,2,,,,,,,1,0,Retired,2.2,1.67,2.51,1.58,2.35,1.71,2.25,1.62,2.52,1.63
1,Brisbane,Brisbane International,1/7/2026,ATP250,Outdoor,Hard,2nd Round,3,Majchrzak K.,Opelka R.,59,60,861,861,6,7,7,6,7,6,,,,,2,1,Completed,2,1.8,2.08,1.82,2.04,1.83,1.99,1.8,2.12,1.87
1,Brisbane,Brisbane International,1/8/2026,ATP250,Outdoor,Hard,2nd Round,3,Kovacevic A.,Norrie C.,58,28,877,1523,7,6,4,6,6,4,,,,,2,1,Completed,2.63,1.5,2.69,1.52,2.75,1.5,2.64,1.48,2.84,1.54
1,Brisbane,Brisbane International,1/8/2026,ATP250,Outdoor,Hard,2nd Round,3,Nakashima B.,Halys Q.,33,91,1380,669,6,2,6,4,,,,,,,2,0,Completed,1.44,2.75,1.44,3,1.45,2.88,1.43,2.77,1.48,3
1,Brisbane,Brisbane International,1/8/2026,ATP250,Outdoor,Hard,2nd Round,3,Mpetshi G.,Hijikata R.,67,111,825,546,4,6,7,6,7,6,,,,,2,1,Completed,1.57,2.38,1.65,2.35,1.65,2.38,1.6,2.29,1.68,2.42
1,Brisbane,Brisbane International,1/8/2026,ATP250,Outdoor,Hard,2nd Round,3,Collignon R.,Dimitrov G.,84,47,704,1080,7,6,6,3,,,,,,,2,0,Completed,2.75,1.44,2.76,1.5,2.75,1.53,2.63,1.48,2.84,1.53
1,Brisbane,Brisbane International,1/9/2026,ATP250,Outdoor,Hard,Quarterfinals,3,Kovacevic A.,Mpetshi G.,58,67,877,825,7,6,4,6,6,3,,,,,2,1,Completed,2.3,1.62,2.25,1.72,2.38,1.68,2.25,1.62,2.32,1.73
1,Brisbane,Brisbane International,1/9/2026,ATP250,Outdoor,Hard,Quarterfinals,3,Nakashima B.,Collignon R.,33,84,1380,704,6,3,6,3,,,,,,,2,0,Completed,1.62,2.3,1.68,2.32,1.83,2.3,1.66,2.18,1.75,2.3
1,Brisbane,Brisbane International,1/9/2026,ATP250,Outdoor,Hard,Quarterfinals,3,Michelsen A.,Korda S.,37,46,1300,1090,6,3,7,6,,,,,,,2,0,Completed,2.75,1.44,2.82,1.49,2.75,1.5,2.65,1.46,2.88,1.52
1,Brisbane,Brisbane International,1/9/2026,ATP250,Outdoor,Hard,Quarterfinals,3,Medvedev D.,Majchrzak K.,13,59,2710,861,6,7,6,3,6,2,,,,,2,1,Completed,1.14,5.5,1.17,5.95,1.18,6.5,1.15,5.38,1.17,6.8
1,Brisbane,Brisbane International,1/10/2026,ATP250,Outdoor,Hard,Semifinals,3,Nakashima B.,Kovacevic A.,33,58,1380,877,7,6,6,4,,,,,,,2,0,Completed,1.36,3.2,1.37,3.38,1.4,3.2,1.36,3.04,1.4,3.4
1,Brisbane,Brisbane International,1/10/2026,ATP250,Outdoor,Hard,Semifinals,3,Medvedev D.,Michelsen A.,13,37,2710,1300,6,4,6,2,,,,,,,2,0,Completed,1.25,4,,,1.29,4,1.26,3.77,1.32,4
1,Brisbane,Brisbane International,1/11/2026,ATP250,Outdoor,Hard,The Final,3,Medvedev D.,Nakashima B.,13,33,2710,1380,6,2,7,6,,,,,,,2,0,Completed,1.29,3.75,1.29,4.01,1.3,3.75,1.28,3.6,1.31,4.2
2,Hong Kong,Hong Kong Tennis Open,1/5/2026,ATP250,Outdoor,Hard,1st Round,3,Borges N.,Dzumhur D.,45,65,1120,837,6,4,6,3,,,,,,,2,0,Completed,1.44,2.75,1.47,2.88,1.49,2.8,1.44,2.69,1.51,2.88
2,Hong Kong,Hong Kong Tennis Open,1/5/2026,ATP250,Outdoor,Hard,1st Round,3,Cilic M.,Mannarino A.,70,68,765,817,6,3,6,2,,,,,,,2,0,Completed,1.8,2,1.77,2.16,1.81,2.06,1.76,2.02,1.83,2.16
2,Hong Kong,Hong Kong Tennis Open,1/5/2026,ATP250,Outdoor,Hard,1st Round,3,Wu Y.,Marozsan F.,179,53,322,975,6,4,6,2,,,,,,,2,0,Completed,2,1.8,2.23,1.72,2.2,1.84,2.08,1.72,2.32,1.74
2,Hong Kong,Hong Kong Tennis Open,1/6/2026,ATP250,Outdoor,Hard,1st Round,3,Etcheverry T.,Royer V.,57,56,895,924,6,4,7,5,,,,,,,2,0,Completed,1.8,2,1.95,1.93,1.91,2.1,1.84,1.93,2.02,1.96
2,Hong Kong,Hong Kong Tennis Open,1/6/2026,ATP250,Outdoor,Hard,1st Round,3,Sonego L.,Sakamoto R.,39,200,1240,292,6,2,7,6,,,,,,,2,0,Completed,1.44,2.75,1.51,2.74,1.5,2.75,1.46,2.63,1.52,2.84
2,Hong Kong,Hong Kong Tennis Open,1/6/2026,ATP250,Outdoor,Hard,1st Round,3,Muller A.,Kecmanovic M.,52,51,980,1000,7,5,6,4,,,,,,,2,0,Completed,2.3,1.62,2.26,1.7,2.3,1.73,2.23,1.62,2.26,1.75
2,Hong Kong,Hong Kong Tennis Open,1/6/2026,ATP250,Outdoor,Hard,1st Round,3,Wong C.,Navone M.,150,72,406,760,6,3,7,5,,,,,,,2,0,Completed,1.73,2.1,1.84,2.06,1.82,2.2,1.76,2.02,1.94,2.06
2,Hong Kong,Hong Kong Tennis Open,1/6/2026,ATP250,Outdoor,Hard,1st Round,3,Diallo G.,De Jong J.,40,71,1215,763,6,4,7,6,,,,,,,2,0,Completed,1.44,2.75,1.43,3.05,1.45,2.9,1.41,2.8,1.46,3.05
2,Hong Kong,Hong Kong Tennis Open,1/6/2026,ATP250,Outdoor,Hard,1st Round,3,Mmoh M.,Tabilo A.,285,81,184,717,7,5,6,4,,,,,,,2,0,Completed,2.3,1.62,2.38,1.65,2.6,1.68,2.35,1.57,2.48,1.66
2,Hong Kong,Hong Kong Tennis Open,1/6/2026,ATP250,Outdoor,Hard,1st Round,3,Van De Zandschulp B.,Struff J.L.,75,82,746,711,6,3,1,6,6,1,,,,,2,1,Completed,2.1,1.73,2.22,1.73,2.23,1.73,2.17,1.66,2.34,1.72
2,Hong Kong,Hong Kong Tennis Open,1/6/2026,ATP250,Outdoor,Hard,1st Round,3,Giron M.,Djere L.,64,95,845,652,6,2,6,0,,,,,,,2,0,Completed,1.67,2.2,1.73,2.22,1.73,2.2,1.69,2.11,1.72,2.32
2,Hong Kong,Hong Kong Tennis Open,1/6/2026,ATP250,Outdoor,Hard,1st Round,3,Shang J.,Comesana F.,406,66,115,829,6,4,6,4,,,,,,,2,0,Completed,1.5,2.63,1.55,2.61,1.6,2.63,1.5,2.53,1.55,2.78
2,Hong Kong,Hong Kong Tennis Open,1/7/2026,ATP250,Outdoor,Hard,2nd Round,3,Musetti L.,Etcheverry T.,7,57,3990,895,6,7,6,2,6,4,,,,,2,1,Completed,1.3,3.5,,,1.32,3.5,1.3,3.4,1.33,3.85
2,Hong Kong,Hong Kong Tennis Open,1/7/2026,ATP250,Outdoor,Hard,2nd Round,3,Borges N.,Cilic M.,45,70,1120,765,7,5,6,3,,,,,,,2,0,Completed,1.91,1.91,1.93,1.95,1.95,1.94,1.88,1.89,1.96,2.02
2,Hong Kong,Hong Kong Tennis Open,1/7/2026,ATP250,Outdoor,Hard,2nd Round,3,Wong C.,Diallo G.,150,40,406,1215,1,6,7,5,7,5,,,,,2,1,Completed,2.75,1.44,,,2.95,1.5,2.65,1.46,2.88,1.51
2,Hong Kong,Hong Kong Tennis Open,1/7/2026,ATP250,Outdoor,Hard,2nd Round,3,Rublev A.,Wu Y.,16,179,2510,322,3,6,6,2,6,1,,,,,2,1,Completed,1.44,2.75,1.51,2.6,1.5,2.75,1.47,2.61,1.51,2.96
2,Hong Kong,Hong Kong Tennis Open,1/8/2026,ATP250,Outdoor,Hard,2nd Round,3,Shang J.,Sonego L.,406,39,115,1240,6,3,6,4,,,,,,,2,0,Completed,1.62,2.3,1.69,2.29,1.68,2.3,1.63,2.23,1.73,2.34
2,Hong Kong,Hong Kong Tennis Open,1/8/2026,ATP250,Outdoor,Hard,2nd Round,3,Giron M.,Muller A.,64,52,845,980,6,4,7,6,,,,,,,2,0,Completed,1.8,2,1.8,2.11,1.84,2.01,1.79,1.99,1.84,2.16
2,Hong Kong,Hong Kong Tennis Open,1/8/2026,ATP250,Outdoor,Hard,2nd Round,3,Mmoh M.,Khachanov K.,285,17,184,2320,7,6,7,6,,,,,,,2,0,Completed,3.4,1.33,3.32,1.37,3.4,1.35,3.25,1.33,3.55,1.38
2,Hong Kong,Hong Kong Tennis Open,1/8/2026,ATP250,Outdoor,Hard,2nd Round,3,Bublik A.,Van De Zandschulp B.,11,75,2845,746,6,3,6,3,,,,,,,2,0,Completed,1.44,2.75,1.48,2.82,1.5,2.8,1.46,2.65,1.53,2.82
2,Hong Kong,Hong Kong Tennis Open,1/9/2026,ATP250,Outdoor,Hard,Quarterfinals,3,Musetti L.,Wong C.,7,150,3990,406,6,4,6,4,,,,,,,2,0,Completed,1.25,4,1.29,4.05,1.29,4,1.26,3.71,1.29,4.3
2,Hong Kong,Hong Kong Tennis Open,1/9/2026,ATP250,Outdoor,Hard,Quarterfinals,3,Rublev A.,Borges N.,16,45,2510,1120,6,3,6,4,,,,,,,2,0,Completed,1.44,2.75,1.53,2.69,1.5,2.75,1.47,2.62,1.58,2.72
2,Hong Kong,Hong Kong Tennis Open,1/9/2026,ATP250,Outdoor,Hard,Quarterfinals,3,Bublik A.,Shang J.,11,406,2845,115,6,1,7,6,,,,,,,2,0,Completed,1.53,2.5,,,1.58,2.5,1.54,2.42,1.61,2.6
2,Hong Kong,Hong Kong Tennis Open,1/9/2026,ATP250,Outdoor,Hard,Quarterfinals,3,Giron M.,Mmoh M.,64,285,845,184,6,3,1,0,,,,,,,1,0,Retired,1.57,2.38,1.62,2.46,1.62,2.4,1.57,2.35,1.63,2.54
2,Hong Kong,Hong Kong Tennis Open,1/10/2026,ATP250,Outdoor,Hard,Semifinals,3,Musetti L.,Rublev A.,7,16,3990,2510,6,7,7,5,6,4,,,,,2,1,Completed,1.8,2,,,1.91,2,1.83,1.95,2,1.98
2,Hong Kong,Hong Kong Tennis Open,1/10/2026,ATP250,Outdoor,Hard,Semifinals,3,Bublik A.,Giron M.,11,64,2845,845,3,6,6,4,6,2,,,,,2,1,Completed,1.29,3.75,,,1.3,3.75,1.28,3.6,1.31,4.1
2,Hong Kong,Hong Kong Tennis Open,1/11/2026,ATP250,Outdoor,Hard,The Final,3,Bublik A.,Musetti L.,11,7,2845,3990,7,6,6,3,,,,,,,2,0,Completed,1.8,2,1.86,2.05,1.87,2.05,1.8,1.98,1.93,2.06
3,Adelaide,Adelaide International,1/12/2026,ATP250,Outdoor,Hard,1st Round,3,Opelka R.,Popyrin A.,62,49,873,1000,6,3,7,6,,,,,,,2,0,Completed,2,1.8,2.07,1.83,2.08,1.85,2.01,1.77,2.12,1.86
3,Adelaide,Adelaide International,1/12/2026,ATP250,Outdoor,Hard,1st Round,3,Munar J.,Altmaier D.,38,44,1295,1123,6,3,6,0,,,,,,,2,0,Completed,1.4,3,1.41,3.14,1.44,3,1.39,2.9,1.43,3.25
3,Adelaide,Adelaide International,1/12/2026,ATP250,Outdoor,Hard,1st Round,3,Vacherot V.,Kecmanovic M.,32,59,1469,910,7,6,6,4,,,,,,,2,0,Completed,1.73,2.1,1.78,2.15,1.75,2.2,1.72,2.09,1.84,2.16
3,Adelaide,Adelaide International,1/12/2026,ATP250,Outdoor,Hard,1st Round,3,Humbert U.,Atmane T.,36,64,1355,862,6,3,7,6,,,,,,,2,0,Completed,1.3,3.5,1.38,3.3,1.36,3.5,1.33,3.27,1.39,3.5
3,Adelaide,Adelaide International,1/12/2026,ATP250,Outdoor,Hard,1st Round,3,Kokkinakis T.,Korda S.,670,51,50,975,3,6,6,3,7,6,,,,,2,1,Completed,3.5,1.3,3.47,1.35,3.6,1.35,3.37,1.31,3.55,1.38
3,Adelaide,Adelaide International,1/13/2026,ATP250,Outdoor,Hard,1st Round,3,Machac T.,Duckworth J.,35,86,1360,694,6,3,6,3,,,,,,,2,0,Completed,1.62,2.3,1.58,2.53,1.67,2.3,1.62,2.25,1.74,2.32
3,Adelaide,Adelaide International,1/13/2026,ATP250,Outdoor,Hard,1st Round,3,Hijikata R.,Schoolkate T.,115,97,527,641,6,4,6,4,,,,,,,2,0,Completed,1.62,2.3,1.71,2.25,1.67,2.3,1.63,2.23,1.8,2.22
3,Adelaide,Adelaide International,1/13/2026,ATP250,Outdoor,Hard,1st Round,3,Halys Q.,Fearnley J.,85,77,697,752,6,3,6,4,,,,,,,2,0,Completed,1.57,2.38,,,1.68,2.38,1.63,2.23,1.71,2.34
3,Adelaide,Adelaide International,1/13/2026,ATP250,Outdoor,Hard,1st Round,3,Shevchenko A.,Dzumhur D.,104,66,597,837,4,6,6,4,7,5,,,,,2,1,Completed,1.73,2.1,,,1.74,2.25,1.67,2.15,1.74,2.32
3,Adelaide,Adelaide International,1/13/2026,ATP250,Outdoor,Hard,1st Round,3,Vavassori A.,Diallo G.,336,41,147,1215,6,3,7,6,,,,,,,2,0,Completed,3.4,1.33,,,3.5,1.9,3.05,1.42,3.75,1.35
3,Adelaide,Adelaide International,1/13/2026,ATP250,Outdoor,Hard,1st Round,3,Fucsovics M.,Quinn E.,55,78,949,733,6,4,6,4,,,,,,,2,0,Completed,1.8,2,1.74,2.21,1.9,2.05,1.79,1.98,1.89,2.06
3,Adelaide,Adelaide International,1/13/2026,ATP250,Outdoor,Hard,1st Round,3,Vukic A.,Tsitsipas S.,87,33,693,1455,7,6,7,6,,,,,,,2,0,Completed,3.75,1.29,,,3.75,1.32,3.51,1.29,4,1.32
3,Adelaide,Adelaide International,1/14/2026,ATP250,Outdoor,Hard,2nd Round,3,Munar J.,Cerundolo F.,38,20,1295,2035,3,6,7,5,6,4,,,,,2,1,Completed,1.67,2.2,,,1.67,2.25,1.65,2.2,1.76,2.28
3,Adelaide,Adelaide International,1/14/2026,ATP250,Outdoor,Hard,2nd Round,3,Humbert U.,Griekspoor T.,36,25,1355,1565,6,4,6,1,,,,,,,2,0,Completed,1.53,2.5,,,1.6,2.5,1.53,2.45,1.61,2.58
3,Adelaide,Adelaide International,1/14/2026,ATP250,Outdoor,Hard,2nd Round,3,Machac T.,Halys Q.,35,85,1360,697,6,4,6,2,,,,,,,2,0,Completed,1.57,2.38,,,1.67,2.4,1.58,2.32,1.64,2.52
3,Adelaide,Adelaide International,1/14/2026,ATP250,Outdoor,Hard,2nd Round,3,Paul T.,Opelka R.,21,62,2000,873,6,4,6,4,,,,,,,2,0,Completed,1.53,2.5,,,1.61,2.5,1.55,2.4,1.59,2.66
3,Adelaide,Adelaide International,1/14/2026,ATP250,Outdoor,Hard,2nd Round,3,Shevchenko A.,Fucsovics M.,104,55,597,949,6,3,7,6,,,,,,,2,0,Completed,2.75,1.44,,,2.75,1.53,2.61,1.48,2.62,1.59
3,Adelaide,Adelaide International,1/14/2026,ATP250,Outdoor,Hard,2nd Round,3,Vukic A.,Vavassori A.,87,336,693,147,6,2,7,6,,,,,,,2,0,Completed,1.62,2.3,,,1.63,2.5,1.56,2.39,1.66,2.48
3,Adelaide,Adelaide International,1/14/2026,ATP250,Outdoor,Hard,2nd Round,3,Vacherot V.,Kokkinakis T.,32,670,1469,50,,,,,,,,,,,,,Walkover,1.44,2.75,,,1.5,2.88,1.44,2.73,1.46,3.05
3,Adelaide,Adelaide International,1/14/2026,ATP250,Outdoor,Hard,2nd Round,3,Davidovich Fokina A.,Hijikata R.,15,115,2585,527,6,3,6,2,,,,,,,2,0,Completed,1.36,3.2,,,1.44,3.2,1.37,3.03,1.43,3.25
3,Adelaide,Adelaide International,1/15/2026,ATP250,Outdoor,Hard,Quarterfinals,3,Machac T.,Munar J.,35,38,1360,1295,6,4,6,4,,,,,,,2,0,Completed,1.73,2.1,,,1.91,2.1,1.77,2.01,1.89,2.1
3,Adelaide,Adelaide International,1/15/2026,ATP250,Outdoor,Hard,Quarterfinals,3,Paul T.,Vukic A.,21,87,2000,693,6,3,6,2,,,,,,,2,0,Completed,1.22,4.33,,,1.29,4.33,1.24,3.97,1.28,4.4
3,Adelaide,Adelaide International,1/15/2026,ATP250,Outdoor,Hard,Quarterfinals,3,Humbert U.,Shevchenko A.,36,104,1355,597,6,0,6,3,,,,,,,2,0,Completed,1.25,4,,,1.26,4.2,1.24,3.89,1.29,4.3
3,Adelaide,Adelaide International,1/15/2026,ATP250,Outdoor,Hard,Quarterfinals,3,Davidovich Fokina A.,Vacherot V.,15,32,2585,1469,7,6,6,2,,,,,,,2,0,Completed,1.53,2.5,,,1.87,2.5,1.55,2.43,1.61,2.6
3,Adelaide,Adelaide International,1/16/2026,ATP250,Outdoor,Hard,Semifinals,3,Machac T.,Paul T.,35,21,1360,2000,2,6,6,3,6,3,,,,,2,1,Completed,2.38,1.57,,,2.4,1.63,2.31,1.59,2.48,1.65
3,Adelaide,Adelaide International,1/16/2026,ATP250,Outdoor,Hard,Semifinals,3,Humbert U.,Davidovich Fokina A.,36,15,1355,2585,6,3,5,7,7,6,,,,,2,1,Completed,1.8,2,,,1.83,2.05,1.77,2.01,1.85,2.16
3,Adelaide,Adelaide International,1/17/2026,ATP250,Outdoor,Hard,The Final,3,Machac T.,Humbert U.,35,36,1360,1355,6,4,6,7,6,2,,,,,2,1,Completed,2.2,1.67,,,2.25,1.68,2.2,1.66,2.36,1.72
4,Auckland,ASB Classic,1/11/2026,ATP250,Outdoor,Hard,1st Round,3,Spizzirri E.,Mannarino A.,89,69,672,810,6,4,6,3,,,,,,,2,0,Completed,1.62,2.3,1.59,2.5,1.62,2.4,1.57,2.33,1.62,2.58
4,Auckland,ASB Classic,1/12/2026,ATP250,Outdoor,Hard,1st Round,3,Brooksby J.,Watt J.,48,643,1017,55,6,4,6,3,,,,,,,2,0,Completed,1.07,9,1.08,10,1.07,13,1.06,8.69,1.09,11
4,Auckland,ASB Classic,1/12/2026,ATP250,Outdoor,Hard,1st Round,3,Comesana F.,Royer V.,68,57,829,924,6,4,6,4,,,,,,,2,0,Completed,2.2,1.67,2.21,1.74,2.25,1.75,2.12,1.7,2.2,1.78
4,Auckland,ASB Classic,1/12/2026,ATP250,Outdoor,Hard,1st Round,3,Norrie C.,Gaston H.,28,94,1538,653,6,3,6,4,,,,,,,2,0,Completed,1.5,2.63,1.53,2.65,1.53,2.8,1.5,2.55,1.59,2.66
4,Auckland,ASB Classic,1/12/2026,ATP250,Outdoor,Hard,1st Round,3,Baez S.,Nava E.,39,88,1250,677,4,6,7,5,6,3,,,,,2,1,Completed,2,1.8,2.19,1.75,2.1,1.8,2.02,1.76,2.22,1.81
4,Auckland,ASB Classic,1/12/2026,ATP250,Outdoor,Hard,1st Round,3,Tabilo A.,Ugo Carabelli C.,81,47,722,1028,6,4,6,2,,,,,,,2,0,Completed,1.44,2.75,1.47,2.88,1.45,2.8,1.43,2.73,1.46,3
4,Auckland,ASB Classic,1/12/2026,ATP250,Outdoor,Hard,1st Round,3,Michelsen A.,Navone M.,37,74,1350,760,2,6,6,2,7,5,,,,,2,1,Completed,1.3,3.5,1.34,3.55,1.32,3.5,1.3,3.44,1.35,3.7
4,Auckland,ASB Classic,1/13/2026,ATP250,Outdoor,Hard,1st Round,3,Mpetshi G.,Bautista Agut R.,63,90,865,670,6,3,7,6,,,,,,,2,0,Completed,1.44,2.75,1.4,3.19,1.47,3.1,1.4,2.88,1.4,3.4
4,Auckland,ASB Classic,1/13/2026,ATP250,Outdoor,Hard,1st Round,3,Giron M.,Muller A.,60,50,895,980,6,2,6,2,,,,,,,2,0,Completed,1.8,2,1.88,2,1.8,2.12,1.74,2.05,1.82,2.18
4,Auckland,ASB Classic,1/13/2026,ATP250,Outdoor,Hard,1st Round,3,Medjedovic H.,Kovacevic A.,96,54,643,964,6,4,3,6,7,6,,,,,2,1,Completed,1.44,2.75,1.53,2.67,1.5,2.8,1.46,2.67,1.54,2.8
4,Auckland,ASB Classic,1/13/2026,ATP250,Outdoor,Hard,1st Round,3,Marozsan F.,Monfils G.,52,110,975,550,5,7,6,3,6,4,,,,,2,1,Completed,1.62,2.3,1.67,2.33,1.65,2.38,1.6,2.3,1.64,2.5
4,Auckland,ASB Classic,1/13/2026,ATP250,Outdoor,Hard,1st Round,3,Borges N.,Etcheverry T.,46,61,1070,895,7,5,3,6,7,6,,,,,2,1,Completed,1.8,2,1.88,2,1.85,2,1.81,1.96,1.87,2.14
4,Auckland,ASB Classic,1/13/2026,ATP250,Outdoor,Hard,2nd Round,3,Giron M.,Michelsen A.,60,37,895,1350,6,4,6,4,,,,,,,2,0,Completed,1.91,1.91,,,2.02,1.91,1.96,1.81,2.12,1.87
4,Auckland,ASB Classic,1/13/2026,ATP250,Outdoor,Hard,2nd Round,3,Shelton B.,Comesana F.,8,68,3960,829,7,5,6,4,,,,,,,2,0,Completed,1.25,4,,,1.32,4,1.29,3.53,1.32,4.1
4,Auckland,ASB Classic,1/14/2026,ATP250,Outdoor,Hard,2nd Round,3,Baez S.,Brooksby J.,39,48,1250,1017,7,5,6,0,,,,,,,2,0,Completed,2.5,1.53,,,2.63,1.6,2.41,1.55,2.5,1.65
4,Auckland,ASB Classic,1/14/2026,ATP250,Outdoor,Hard,2nd Round,3,Darderi L.,Tabilo A.,24,81,1579,722,1,6,7,5,6,3,,,,,2,1,Completed,2.3,1.62,,,2.43,1.65,2.34,1.59,2.36,1.72
4,Auckland,ASB Classic,1/14/2026,ATP250,Outdoor,Hard,2nd Round,3,Spizzirri E.,Borges N.,89,46,672,1070,7,6,6,4,,,,,,,2,0,Completed,2.1,1.73,,,2.18,1.75,2.08,1.72,2.12,1.85
4,Auckland,ASB Classic,1/14/2026,ATP250,Outdoor,Hard,2nd Round,3,Mpetshi G.,Norrie C.,63,28,865,1538,4,6,6,3,7,6,,,,,2,1,Completed,2.1,1.73,,,2.12,1.85,2.05,1.74,2.16,1.85
4,Auckland,ASB Classic,1/14/2026,ATP250,Outdoor,Hard,2nd Round,3,Marozsan F.,Ruud C.,52,13,975,2795,6,4,6,4,,,,,,,2,0,Completed,3,1.4,,,3,1.49,2.76,1.44,2.9,1.5
4,Auckland,ASB Classic,1/14/2026,ATP250,Outdoor,Hard,2nd Round,3,Mensik J.,Medjedovic H.,18,96,2125,643,6,1,3,6,6,3,,,,,2,1,Completed,1.67,2.2,,,1.7,2.3,1.66,2.19,1.71,2.38
4,Auckland,ASB Classic,1/14/2026,ATP250,Outdoor,Hard,Quarterfinals,3,Giron M.,Darderi L.,60,24,895,1579,1,6,7,5,6,4,,,,,2,1,Completed,1.4,3,,,1.44,3,1.41,2.84,1.46,3.05
4,Auckland,ASB Classic,1/15/2026,ATP250,Outdoor,Hard,Quarterfinals,3,Mensik J.,Mpetshi G.,18,63,2125,865,6,4,6,2,,,,,,,2,0,Completed,1.62,2.3,,,1.65,2.3,1.62,2.25,1.69,2.38
4,Auckland,ASB Classic,1/15/2026,ATP250,Outdoor,Hard,Quarterfinals,3,Marozsan F.,Spizzirri E.,52,89,975,672,6,4,2,6,6,2,,,,,2,1,Completed,1.73,2.1,,,1.73,2.18,1.71,2.11,1.79,2.22
4,Auckland,ASB Classic,1/15/2026,ATP250,Outdoor,Hard,Quarterfinals,3,Baez S.,Shelton B.,39,8,1250,3960,7,5,6,3,,,,,,,2,0,Completed,4.33,1.22,,,4.33,1.25,4.03,1.23,4.5,1.27
4,Auckland,ASB Classic,1/16/2026,ATP250,Outdoor,Hard,Semifinals,3,Mensik J.,Marozsan F.,18,52,2125,975,7,6,4,6,6,1,,,,,2,1,Completed,1.3,3.5,,,1.33,3.5,1.32,3.3,1.35,3.75
4,Auckland,ASB Classic,1/16/2026,ATP250,Outdoor,Hard,Semifinals,3,Baez S.,Giron M.,39,60,1250,895,6,1,6,4,,,,,,,2,0,Completed,2.38,1.57,,,2.6,1.6,2.49,1.52,2.8,1.54
4,Auckland,ASB Classic,1/17/2026,ATP250,Outdoor,Hard,The Final,3,Mensik J.,Baez S.,18,39,2125,1250,6,3,7,6,,,,,,,2,0,Completed,1.44,2.75,,,1.47,2.8,1.45,2.72,1.47,3.05
5,Melbourne,Australian Open,1/18/2026,Grand Slam,Outdoor,Hard,1st Round,5,Etcheverry T.,Kecmanovic M.,62,60,895,910,6,2,3,6,4,6,6,3,6,4,3,2,Completed,1.73,2.1,,,1.75,2.16,1.71,2.11,1.8,2.24
5,Melbourne,Australian Open,1/18/2026,Grand Slam,Outdoor,Hard,1st Round,5,Fery A.,Cobolli F.,186,22,316,1955,7,6,6,4,6,1,,,,,3,0,Completed,3.2,1.36,,,3.2,1.43,2.89,1.4,3.4,1.4
5,Melbourne,Australian Open,1/18/2026,Grand Slam,Outdoor,Hard,1st Round,5,Moutet C.,Schoolkate T.,37,98,1383,641,6,4,7,6,6,3,,,,,3,0,Completed,1.33,3.4,,,1.36,3.5,1.34,3.22,1.39,3.5
5,Melbourne,Australian Open,1/18/2026,Grand Slam,Outdoor,Hard,1st Round,5,Zverev A.,Diallo G.,3,41,5105,1215,6,7,6,1,6,4,6,2,,,3,1,Completed,1.13,6,,,1.14,6.5,1.13,5.88,1.16,6.8
5,Melbourne,Australian Open,1/18/2026,Grand Slam,Outdoor,Hard,1st Round,5,Cerundolo F.,Zhang Zh.,21,368,2035,130,6,3,7,6,6,3,,,,,3,0,Completed,1.4,3,,,1.43,3,1.41,2.83,1.46,3.1
5,Melbourne,Australian Open,1/18/2026,Grand Slam,Outdoor,Hard,1st Round,5,Comesana F.,Kypson P.,68,116,829,527,6,2,6,3,3,6,6,3,,,3,1,Completed,1.57,2.38,,,1.62,2.38,1.59,2.3,1.67,2.46
5,Melbourne,Australian Open,1/18/2026,Grand Slam,Outdoor,Hard,1st Round,5,Nava E.,Jacquet K.,89,128,683,477,6,2,7,5,6,7,4,6,7,6,3,2,Completed,1.57,2.38,,,1.64,2.4,1.58,2.32,1.61,2.58
5,Melbourne,Australian Open,1/18/2026,Grand Slam,Outdoor,Hard,1st Round,5,Dzumhur D.,Draxl L.,66,145,837,429,7,5,6,0,6,4,,,,,3,0,Completed,1.73,2.1,,,1.8,2.1,1.74,2.05,1.82,2.18
5,Melbourne,Australian Open,1/18/2026,Grand Slam,Outdoor,Hard,1st Round,5,Zheng M.,Korda S.,174,53,337,975,6,4,6,4,3,6,6,7,6,3,3,2,Completed,3.5,1.3,,,3.8,1.33,3.45,1.3,3.85,1.34
5,Melbourne,Australian Open,1/18/2026,Grand Slam,Outdoor,Hard,1st Round,5,Faria J.,Blockx A.,151,96,413,653,6,3,3,6,6,3,6,4,,,3,1,Completed,2.38,1.57,,,2.65,1.62,2.4,1.55,2.6,1.61
5,Melbourne,Australian Open,1/18/2026,Grand Slam,Outdoor,Hard,1st Round,5,Fucsovics M.,Ugo Carabelli C.,54,49,967,1028,7,6,6,1,6,2,,,,,3,0,Completed,1.2,4.5,,,1.23,4.5,1.22,4.19,1.24,4.9
5,Melbourne,Australian Open,1/18/2026,Grand Slam,Outdoor,Hard,1st Round,5,Tiafoe F.,Kubler J.,34,194,1500,305,7,6,6,3,6,2,,,,,3,0,Completed,1.29,3.75,,,1.3,4,1.29,3.53,1.34,3.85
5,Melbourne,Australian Open,1/18/2026,Grand Slam,Outdoor,Hard,1st Round,5,Hanfmann Y.,Svajda Z.,102,143,611,431,7,5,4,6,6,4,7,6,,,3,1,Completed,2.3,1.62,,,2.4,1.64,2.31,1.58,2.54,1.64
5,Melbourne,Australian Open,1/18/2026,Grand Slam,Outdoor,Hard,1st Round,5,Norrie C.,Bonzi B.,27,106,1553,566,6,0,6,7,4,6,6,3,6,4,3,2,Completed,1.3,3.5,,,1.3,4,1.28,3.54,1.32,4
5,Melbourne,Australian Open,1/18/2026,Grand Slam,Outdoor,Hard,1st Round,5,Bublik A.,Brooksby J.,10,48,3065,1042,6,4,6,4,6,4,,,,,3,0,Completed,1.29,3.75,,,1.29,3.9,1.27,3.73,1.35,3.85
5,Melbourne,Australian Open,1/18/2026,Grand Slam,Outdoor,Hard,1st Round,5,Alcaraz C.,Walton A.,1,81,12050,727,6,3,7,6,6,2,,,,,3,0,Completed,1,41,,,1.01,41,1.01,24.06,1.01,55
5,Melbourne,Australian Open,1/19/2026,Grand Slam,Outdoor,Hard,1st Round,5,Medjedovic H.,Navone M.,90,74,681,760,6,2,6,7,6,4,6,2,,,3,1,Completed,1.36,3.2,,,1.4,3.2,1.37,3,1.44,3.25
5,Melbourne,Australian Open,1/19/2026,Grand Slam,Outdoor,Hard,1st Round,5,Shevchenko A.,Ymer E.,97,175,650,337,3,6,7,5,6,4,6,1,,,3,1,Completed,1.44,2.75,,,1.5,2.9,1.44,2.72,1.53,2.84
5,Melbourne,Australian Open,1/19/2026,Grand Slam,Outdoor,Hard,1st Round,5,Borges N.,Auger-Aliassime F.,46,8,1070,3990,3,6,6,4,6,4,0,0,,,2,1,Retired,3.75,1.29,,,3.75,1.33,3.61,1.28,4.5,1.27
5,Melbourne,Australian Open,1/19/2026,Grand Slam,Outdoor,Hard,1st Round,5,Halys Q.,Tabilo A.,83,79,725,737,6,2,6,2,7,6,,,,,3,0,Completed,1.8,2,,,1.85,2.3,1.77,2.03,1.9,2.1
5,Melbourne,Australian Open,1/19/2026,Grand Slam,Outdoor,Hard,1st Round,5,Medvedev D.,De Jong J.,12,73,2910,763,7,5,6,2,7,6,,,,,3,0,Completed,1.04,13,,,1.06,13,1.05,9.88,1.05,17.5
5,Melbourne,Australian Open,1/19/2026,Grand Slam,Outdoor,Hard,1st Round,5,Marozsan F.,Rinderknech A.,47,28,1065,1551,6,3,6,4,6,7,6,4,,,3,1,Completed,1.8,2,,,1.85,2.1,1.81,1.97,1.91,2.06
5,Melbourne,Australian Open,1/19/2026,Grand Slam,Outdoor,Hard,1st Round,5,Paul T.,Kovacevic A.,20,56,2050,964,6,4,6,3,6,3,,,,,3,0,Completed,1.17,5,,,1.2,5.75,1.17,4.81,1.2,5.5
5,Melbourne,Australian Open,1/19/2026,Grand Slam,Outdoor,Hard,1st Round,5,Shang J.,Bautista Agut R.,318,91,165,670,6,4,6,7,6,4,6,0,,,3,1,Completed,1.3,3.5,,,1.32,3.8,1.29,3.48,1.33,3.9
5,Melbourne,Australian Open,1/19/2026,Grand Slam,Outdoor,Hard,1st Round,5,Opelka R.,Budkov Kjaer N.,63,135,873,446,6,4,6,3,6,4,,,,,3,0,Completed,1.53,2.5,,,1.6,2.6,1.55,2.41,1.64,2.52
5,Melbourne,Australian Open,1/19/2026,Grand Slam,Outdoor,Hard,1st Round,5,Rublev A.,Arnaldi M.,15,65,2600,858,6,4,6,2,6,3,,,,,3,0,Completed,1.22,4.33,,,1.25,4.5,1.24,4.01,1.25,4.7
5,Melbourne,Australian Open,1/19/2026,Grand Slam,Outdoor,Hard,1st Round,5,Thompson J.,Cerundolo J.M.,111,87,548,700,6,7,7,5,6,1,6,1,,,3,1,Completed,1.44,2.75,,,1.45,2.88,1.42,2.79,1.5,2.96
5,Melbourne,Australian Open,1/19/2026,Grand Slam,Outdoor,Hard,1st Round,5,De Minaur A.,McDonald M.,6,113,4080,546,6,2,6,2,6,3,,,,,3,0,Completed,1.05,11,,,1.06,11,1.05,10.02,1.04,21
5,Melbourne,Australian Open,1/19/2026,Grand Slam,Outdoor,Hard,1st Round,5,Tien L.,Giron M.,29,51,1540,985,7,6,4,6,3,6,7,6,6,2,3,2,Completed,1.5,2.63,,,1.55,2.63,1.52,2.49,1.59,2.68
5,Melbourne,Australian Open,1/19/2026,Grand Slam,Outdoor,Hard,1st Round,5,Davidovich Fokina A.,Misolic F.,14,84,2635,725,6,2,6,3,6,3,,,,,3,0,Completed,1.06,10,,,1.08,10,1.06,8.94,1.06,14
5,Melbourne,Australian Open,1/19/2026,Grand Slam,Outdoor,Hard,1st Round,5,Tirante T.A.,Vukic A.,103,78,605,746,7,5,6,2,6,2,,,,,3,0,Completed,2.75,1.44,,,2.95,1.45,2.78,1.43,3,1.48
5,Melbourne,Australian Open,1/19/2026,Grand Slam,Outdoor,Hard,1st Round,5,Wawrinka S.,Djere L.,139,92,437,659,5,7,6,3,6,4,7,6,,,3,1,Completed,1.8,2,,,1.85,2.05,1.81,1.96,1.85,2.14
5,Melbourne,Australian Open,1/19/2026,Grand Slam,Outdoor,Hard,1st Round,5,Majchrzak K.,Fearnley J.,59,77,918,752,7,6,7,5,3,6,7,6,,,3,1,Completed,1.44,2.75,,,1.5,2.88,1.43,2.75,1.5,2.96
5,Melbourne,Australian Open,1/19/2026,Grand Slam,Outdoor,Hard,1st Round,5,Cilic M.,Altmaier D.,70,44,790,1123,6,0,6,0,7,6,,,,,3,0,Completed,1.5,2.63,,,1.55,2.63,1.52,2.49,1.59,2.62
5,Melbourne,Australian Open,1/19/2026,Grand Slam,Outdoor,Hard,1st Round,5,Van De Zandschulp B.,Nakashima B.,75,30,759,1535,6,3,4,6,7,6,7,6,,,3,1,Completed,3.2,1.36,,,3.25,1.4,3.09,1.35,3.45,1.38
5,Melbourne,Australian Open,1/19/2026,Grand Slam,Outdoor,Hard,1st Round,5,Maestrelli F.,Atmane T.,141,64,436,862,6,4,3,6,6,7,6,1,6,1,3,2,Completed,2.63,1.5,,,2.63,1.53,2.52,1.5,2.66,1.59
5,Melbourne,Australian Open,1/19/2026,Grand Slam,Outdoor,Hard,1st Round,5,Munar J.,Svrcina D.,39,95,1335,655,3,6,6,2,6,7,7,5,6,3,3,2,Completed,1.22,4.33,,,1.25,4.33,1.23,3.98,1.26,4.7
5,Melbourne,Australian Open,1/19/2026,Grand Slam,Outdoor,Hard,1st Round,5,Shapovalov D.,Bu Y.,23,120,1650,499,6,3,7,6,6,1,,,,,3,0,Completed,1.5,2.63,,,1.52,2.63,1.49,2.57,1.58,2.7
5,Melbourne,Australian Open,1/19/2026,Grand Slam,Outdoor,Hard,1st Round,5,Hijikata R.,Mannarino A.,114,69,542,810,6,3,6,3,6,1,,,,,3,0,Completed,1.57,2.38,,,1.7,2.4,1.6,2.31,1.64,2.52
5,Melbourne,Australian Open,1/19/2026,Grand Slam,Outdoor,Hard,1st Round,5,Gea A.,Lehecka J.,198,19,300,2090,7,5,7,6,7,5,,,,,3,0,Completed,3.4,1.33,,,3.4,1.35,3.26,1.32,3.7,1.36
5,Melbourne,Australian Open,1/19/2026,Grand Slam,Outdoor,Hard,1st Round,5,Vacherot V.,Damm M.,31,177,1519,333,6,4,6,4,6,4,,,,,3,0,Completed,1.44,2.75,,,1.48,2.75,1.46,2.67,1.49,2.96
5,Melbourne,Australian Open,1/19/2026,Grand Slam,Outdoor,Hard,1st Round,5,Muller A.,Popyrin A.,52,50,980,1000,2,6,6,3,3,6,7,6,7,6,3,2,Completed,3.2,1.36,,,3.25,1.41,3.04,1.36,3.3,1.42
5,Melbourne,Australian Open,1/19/2026,Grand Slam,Outdoor,Hard,1st Round,5,Ruud C.,Bellucci M.,13,76,2795,758,6,1,6,2,6,4,,,,,3,0,Completed,1.17,5,,,1.21,5.25,1.19,4.61,1.2,5.5
5,Melbourne,Australian Open,1/19/2026,Grand Slam,Outdoor,Hard,1st Round,5,Djokovic N.,Martinez P.,4,71,4780,768,6,3,6,2,6,2,,,,,3,0,Completed,1.02,17,,,1.04,17,1.03,12.53,1.06,15
5,Melbourne,Australian Open,1/20/2026,Grand Slam,Outdoor,Hard,1st Round,5,Sonego L.,Taberner C.,40,99,1240,630,6,4,6,0,6,3,,,,,3,0,Completed,1.08,8,,,1.1,8.5,1.08,7.38,1.1,10
5,Melbourne,Australian Open,1/20/2026,Grand Slam,Outdoor,Hard,1st Round,5,Darderi L.,Garin C.,25,82,1599,726,7,6,7,5,7,6,,,,,3,0,Completed,1.5,2.63,,,1.53,2.88,1.49,2.57,1.61,2.6
5,Melbourne,Australian Open,1/20/2026,Grand Slam,Outdoor,Hard,1st Round,5,Musetti L.,Collignon R.,5,72,4105,767,4,6,7,6,7,5,3,2,,,2,1,Retired,1.25,4,,,1.26,4.2,1.24,3.93,1.26,4.7
5,Melbourne,Australian Open,1/20/2026,Grand Slam,Outdoor,Hard,1st Round,5,Quinn E.,Griekspoor T.,80,26,733,1565,6,2,6,3,6,2,,,,,3,0,Completed,2.1,1.73,,,2.17,1.8,2.08,1.72,2.2,1.81
5,Melbourne,Australian Open,1/20/2026,Grand Slam,Outdoor,Hard,1st Round,5,Baez S.,Mpetshi G.,36,61,1390,905,6,4,6,4,3,6,5,7,6,3,3,2,Completed,2.3,1.62,,,2.3,1.73,2.16,1.67,2.36,1.72
5,Melbourne,Australian Open,1/20/2026,Grand Slam,Outdoor,Hard,1st Round,5,Khachanov K.,Michelsen A.,18,38,2320,1350,4,6,6,4,6,3,5,7,6,3,3,2,Completed,1.57,2.38,,,1.62,2.45,1.56,2.38,1.63,2.56
5,Melbourne,Australian Open,1/20/2026,Grand Slam,Outdoor,Hard,1st Round,5,Basavareddy N.,O Connell C.,242,118,230,521,4,6,7,6,6,7,6,2,6,3,3,2,Completed,1.62,2.3,,,1.7,2.32,1.62,2.25,1.64,2.5
5,Melbourne,Australian Open,1/20/2026,Grand Slam,Outdoor,Hard,1st Round,5,Mensik J.,Carreno Busta P.,17,94,2345,656,7,5,4,6,2,6,7,6,6,3,3,2,Completed,1.22,4.33,,,1.24,4.33,1.22,4.08,1.24,5
5,Melbourne,Australian Open,1/20/2026,Grand Slam,Outdoor,Hard,1st Round,5,Shelton B.,Humbert U.,7,33,4000,1510,6,3,7,6,7,6,,,,,3,0,Completed,1.57,2.38,,,1.62,2.43,1.57,2.34,1.66,2.48
5,Melbourne,Australian Open,1/20/2026,Grand Slam,Outdoor,Hard,1st Round,5,Spizzirri E.,Fonseca J.,85,32,725,1510,6,4,2,6,6,1,6,2,,,3,1,Completed,2.63,1.5,,,2.63,1.55,2.48,1.53,2.52,1.64
5,Melbourne,Australian Open,1/20/2026,Grand Slam,Outdoor,Hard,1st Round,5,Wu Y.,Nardi L.,168,108,347,561,7,5,4,6,6,4,6,2,,,3,1,Completed,1.25,4,,,1.3,4.5,1.24,3.97,1.28,4.3
5,Melbourne,Australian Open,1/20/2026,Grand Slam,Outdoor,Hard,1st Round,5,Sweeny D.,Monfils G.,182,110,325,550,6,7,7,5,6,4,7,5,,,3,1,Completed,2.38,1.57,,,2.5,1.57,2.41,1.54,2.62,1.6
5,Melbourne,Australian Open,1/20/2026,Grand Slam,Outdoor,Hard,1st Round,5,Jodar R.,Sakamoto R.,150,203,418,292,7,6,6,1,5,7,4,6,6,3,3,2,Completed,1.33,3.4,,,1.42,3.4,1.37,3.04,1.44,3.2
5,Melbourne,Australian Open,1/20/2026,Grand Slam,Outdoor,Hard,1st Round,5,Hurkacz H.,Bergs Z.,55,43,965,1170,6,7,7,6,6,3,6,3,,,3,1,Completed,1.36,3.2,,,1.4,3.25,1.37,3.02,1.41,3.35
5,Melbourne,Australian Open,1/20/2026,Grand Slam,Outdoor,Hard,1st Round,5,Duckworth J.,Prizmic D.,88,127,694,481,7,6,3,6,1,6,7,5,6,3,3,2,Completed,2.1,1.73,,,2.13,1.75,2.07,1.73,2.16,1.84
5,Melbourne,Australian Open,1/20/2026,Grand Slam,Outdoor,Hard,1st Round,5,Fritz T.,Royer V.,9,58,3840,924,7,6,5,7,6,1,6,3,,,3,1,Completed,1.11,6.5,,,1.14,7,1.12,6.24,1.15,7.2
5,Melbourne,Australian Open,1/20/2026,Grand Slam,Outdoor,Hard,1st Round,5,Kopriva V.,Struff J.L.,101,86,626,706,4,6,6,2,2,6,6,3,6,1,3,2,Completed,3,1.4,,,3,1.44,2.83,1.41,2.98,1.48
5,Melbourne,Australian Open,1/20/2026,Grand Slam,Outdoor,Hard,1st Round,5,Sinner J.,Gaston H.,2,93,11500,656,6,2,6,1,,,,,,,2,0,Retired,1,51,,,1.01,51,1.01,26.85,1.01,90
5,Melbourne,Australian Open,1/20/2026,Grand Slam,Outdoor,Hard,1st Round,5,Machac T.,Dimitrov G.,24,45,1610,1105,6,4,6,4,6,3,,,,,3,0,Completed,1.73,2.1,,,1.73,2.2,1.68,2.14,1.76,2.26
5,Melbourne,Australian Open,1/20/2026,Grand Slam,Outdoor,Hard,1st Round,5,Tsitsipas S.,Mochizuki S.,35,112,1455,547,4,6,6,3,6,2,6,2,,,3,1,Completed,1.11,6.5,,,1.15,7,1.12,5.96,1.14,7.6
5,Melbourne,Australian Open,1/21/2026,Grand Slam,Outdoor,Hard,2nd Round,5,Marozsan F.,Majchrzak K.,47,59,1065,918,6,3,6,4,7,6,,,,,3,0,Completed,1.57,2.38,,,1.65,2.38,1.59,2.33,1.67,2.46
5,Melbourne,Australian Open,1/21/2026,Grand Slam,Outdoor,Hard,2nd Round,5,Cerundolo F.,Dzumhur D.,21,66,2035,837,6,3,6,2,6,1,,,,,3,0,Completed,1.2,4.5,,,1.22,4.75,1.2,4.41,1.22,5.1
5,Melbourne,Australian Open,1/21/2026,Grand Slam,Outdoor,Hard,2nd Round,5,Paul T.,Tirante T.A.,20,103,2050,605,6,3,6,4,6,2,,,,,3,0,Completed,1.07,9,,,1.1,9,1.08,7.83,1.1,10
5,Melbourne,Australian Open,1/21/2026,Grand Slam,Outdoor,Hard,2nd Round,5,Rublev A.,Faria J.,15,151,2600,413,6,4,6,3,4,6,7,5,,,3,1,Completed,1.1,7,,,1.12,7.5,1.1,6.54,1.13,8
5,Melbourne,Australian Open,1/21/2026,Grand Slam,Outdoor,Hard,2nd Round,5,Medvedev D.,Halys Q.,12,83,2910,725,6,7,6,3,6,4,6,2,,,3,1,Completed,1.1,7,,,1.12,7.5,1.1,6.55,1.14,7.8
5,Melbourne,Australian Open,1/21/2026,Grand Slam,Outdoor,Hard,2nd Round,5,Etcheverry T.,Fery A.,62,186,895,316,7,6,6,1,6,3,,,,,3,0,Completed,1.62,2.3,,,1.63,2.35,1.6,2.29,1.7,2.42
5,Melbourne,Australian Open,1/21/2026,Grand Slam,Outdoor,Hard,2nd Round,5,Davidovich Fokina A.,Opelka R.,14,63,2635,873,6,3,7,6,5,7,4,6,6,4,3,2,Completed,1.4,3,,,1.44,3,1.4,2.89,1.43,3.25
5,Melbourne,Australian Open,1/21/2026,Grand Slam,Outdoor,Hard,2nd Round,5,Alcaraz C.,Hanfmann Y.,1,102,12050,611,7,6,6,3,6,2,,,,,3,0,Completed,1.01,26,,,1.02,29,1.01,19.31,1.01,55
5,Melbourne,Australian Open,1/21/2026,Grand Slam,Outdoor,Hard,2nd Round,5,Borges N.,Thompson J.,46,111,1070,548,6,7,6,3,6,2,6,4,,,3,1,Completed,1.53,2.5,,,1.67,2.53,1.55,2.43,1.53,2.84
5,Melbourne,Australian Open,1/21/2026,Grand Slam,Outdoor,Hard,2nd Round,5,Moutet C.,Zheng M.,37,174,1383,337,3,6,6,1,6,3,2,0,,,2,1,Retired,1.62,2.3,,,1.67,2.35,1.64,2.24,1.74,2.32
5,Melbourne,Australian Open,1/21/2026,Grand Slam,Outdoor,Hard,2nd Round,5,Tien L.,Shevchenko A.,29,97,1540,650,6,2,5,7,6,1,6,0,,,3,1,Completed,1.17,5,,,1.21,5.25,1.18,4.71,1.21,5.4
5,Melbourne,Australian Open,1/21/2026,Grand Slam,Outdoor,Hard,2nd Round,5,Norrie C.,Nava E.,27,89,1553,683,6,1,7,6,4,6,7,6,,,3,1,Completed,1.44,2.75,,,1.44,2.9,1.42,2.83,1.51,2.96
5,Melbourne,Australian Open,1/21/2026,Grand Slam,Outdoor,Hard,2nd Round,5,Bublik A.,Fucsovics M.,10,54,3065,967,7,5,6,4,7,5,,,,,3,0,Completed,1.2,4.5,,,1.2,5,1.2,4.48,1.21,5.7
5,Melbourne,Australian Open,1/21/2026,Grand Slam,Outdoor,Hard,2nd Round,5,Zverev A.,Muller A.,3,52,5105,980,6,3,4,6,6,3,6,4,,,3,1,Completed,1.05,11,,,1.06,11,1.05,9.98,1.05,17
5,Melbourne,Australian Open,1/21/2026,Grand Slam,Outdoor,Hard,2nd Round,5,De Minaur A.,Medjedovic H.,6,90,4080,681,6,7,6,2,6,2,6,1,,,3,1,Completed,1.13,6,,,1.15,6,1.14,5.5,1.16,6.8
5,Melbourne,Australian Open,1/21/2026,Grand Slam,Outdoor,Hard,2nd Round,5,Tiafoe F.,Comesana F.,34,68,1500,829,6,4,6,3,4,6,6,2,,,3,1,Completed,1.4,3,,,1.44,3,1.4,2.91,1.45,3.15
5,Melbourne,Australian Open,1/22/2026,Grand Slam,Outdoor,Hard,2nd Round,5,Vacherot V.,Hijikata R.,31,114,1519,542,6,1,6,3,4,6,6,2,,,3,1,Completed,1.5,2.63,,,1.54,2.63,1.51,2.53,1.54,2.82
5,Melbourne,Australian Open,1/22/2026,Grand Slam,Outdoor,Hard,2nd Round,5,Mensik J.,Jodar R.,17,150,2345,418,6,2,6,4,6,4,,,,,3,0,Completed,1.44,2.75,,,1.55,2.75,1.52,2.5,1.63,2.58
5,Melbourne,Australian Open,1/22/2026,Grand Slam,Outdoor,Hard,2nd Round,5,Darderi L.,Baez S.,25,36,1599,1390,6,3,1,6,6,4,6,3,,,3,1,Completed,2.5,1.53,,,2.5,1.6,2.38,1.56,2.44,1.68
5,Melbourne,Australian Open,1/22/2026,Grand Slam,Outdoor,Hard,2nd Round,5,Khachanov K.,Basavareddy N.,18,242,2320,230,6,1,6,4,6,3,,,,,3,0,Completed,1.29,3.75,,,1.34,3.8,1.3,3.46,1.33,3.85
5,Melbourne,Australian Open,1/22/2026,Grand Slam,Outdoor,Hard,2nd Round,5,Musetti L.,Sonego L.,5,40,4105,1240,6,3,6,3,6,4,,,,,3,0,Completed,1.36,3.2,,,1.4,3.25,1.36,3.09,1.38,3.6
5,Melbourne,Australian Open,1/22/2026,Grand Slam,Outdoor,Hard,2nd Round,5,Shelton B.,Sweeny D.,7,182,4000,325,6,3,6,2,6,2,,,,,3,0,Completed,1.06,10,,,1.09,10,1.07,8.06,1.08,12
5,Melbourne,Australian Open,1/22/2026,Grand Slam,Outdoor,Hard,2nd Round,5,Quinn E.,Hurkacz H.,80,55,733,965,6,4,7,6,6,1,,,,,3,0,Completed,4,1.25,,,4,1.26,3.9,1.24,4.2,1.29
5,Melbourne,Australian Open,1/22/2026,Grand Slam,Outdoor,Hard,2nd Round,5,Djokovic N.,Maestrelli F.,4,141,4780,436,6,3,6,2,6,2,,,,,3,0,Completed,1.01,29,,,1.02,29,1.01,17.12,1.03,32
5,Melbourne,Australian Open,1/22/2026,Grand Slam,Outdoor,Hard,2nd Round,5,Van De Zandschulp B.,Shang J.,75,318,759,165,7,6,6,2,6,3,,,,,3,0,Completed,2.3,1.62,,,2.3,1.7,2.22,1.64,2.3,1.73
5,Melbourne,Australian Open,1/22/2026,Grand Slam,Outdoor,Hard,2nd Round,5,Spizzirri E.,Wu Y.,85,168,725,347,6,2,6,4,6,7,4,6,6,3,3,2,Completed,1.67,2.2,,,1.7,2.21,1.67,2.17,1.72,2.34
5,Melbourne,Australian Open,1/22/2026,Grand Slam,Outdoor,Hard,2nd Round,5,Wawrinka S.,Gea A.,139,198,437,300,4,6,6,3,3,6,7,5,7,6,3,2,Completed,2.5,1.53,,,2.5,1.58,2.4,1.55,2.56,1.63
5,Melbourne,Australian Open,1/22/2026,Grand Slam,Outdoor,Hard,2nd Round,5,Machac T.,Tsitsipas S.,24,35,1610,1455,6,4,3,6,7,6,7,6,,,3,1,Completed,1.67,2.2,,,1.7,2.45,1.59,2.32,1.65,2.52
5,Melbourne,Australian Open,1/22/2026,Grand Slam,Outdoor,Hard,2nd Round,5,Cilic M.,Shapovalov D.,70,23,790,1650,6,4,6,3,6,2,,,,,3,0,Completed,2.2,1.67,,,2.3,1.7,2.21,1.65,2.4,1.7
5,Melbourne,Australian Open,1/22/2026,Grand Slam,Outdoor,Hard,2nd Round,5,Fritz T.,Kopriva V.,9,101,3840,626,6,1,6,4,7,6,,,,,3,0,Completed,1.08,8,,,1.09,8.5,1.08,7.73,1.1,10
5,Melbourne,Australian Open,1/22/2026,Grand Slam,Outdoor,Hard,2nd Round,5,Sinner J.,Duckworth J.,2,88,11500,694,6,1,6,4,6,2,,,,,3,0,Completed,1,51,,,1.01,51,1.01,22.15,1.01,90
5,Melbourne,Australian Open,1/22/2026,Grand Slam,Outdoor,Hard,2nd Round,5,Ruud C.,Munar J.,13,39,2795,1335,6,3,7,5,6,4,,,,,3,0,Completed,1.4,3,,,1.42,3.1,1.39,2.92,1.44,3.25
5,Melbourne,Australian Open,1/23/2026,Grand Slam,Outdoor,Hard,3rd Round,5,Tien L.,Borges N.,29,46,1540,1070,7,6,6,4,6,2,,,,,3,0,Completed,1.4,3,,,1.44,3,1.42,2.82,1.46,3.1
5,Melbourne,Australian Open,1/23/2026,Grand Slam,Outdoor,Hard,3rd Round,5,Medvedev D.,Marozsan F.,12,47,2910,1065,6,7,4,6,7,5,6,0,6,3,3,2,Completed,1.17,5,,,1.19,5,1.18,4.67,1.22,5.4
5,Melbourne,Australian Open,1/23/2026,Grand Slam,Outdoor,Hard,3rd Round,5,Paul T.,Davidovich Fokina A.,20,14,2050,2635,6,1,6,1,,,,,,,2,0,Retired,1.44,2.75,,,1.5,2.8,1.47,2.65,1.54,2.8
5,Melbourne,Australian Open,1/23/2026,Grand Slam,Outdoor,Hard,3rd Round,5,Alcaraz C.,Moutet C.,1,37,12050,1383,6,2,6,4,6,1,,,,,3,0,Completed,1.01,21,,,1.02,23,1.01,17.54,1.03,32
5,Melbourne,Australian Open,1/23/2026,Grand Slam,Outdoor,Hard,3rd Round,5,Cerundolo F.,Rublev A.,21,15,2035,2600,6,3,7,6,6,3,,,,,3,0,Completed,2.1,1.73,,,2.2,1.75,2.1,1.72,2.26,1.78
5,Melbourne,Australian Open,1/23/2026,Grand Slam,Outdoor,Hard,3rd Round,5,De Minaur A.,Tiafoe F.,6,34,4080,1500,6,3,6,4,7,5,,,,,3,0,Completed,1.17,5,,,1.18,5.1,1.17,4.8,1.19,6
5,Melbourne,Australian Open,1/23/2026,Grand Slam,Outdoor,Hard,3rd Round,5,Zverev A.,Norrie C.,3,27,5105,1553,7,5,4,6,6,3,6,1,,,3,1,Completed,1.2,4.5,,,1.22,5.25,1.21,4.35,1.23,5.1
5,Melbourne,Australian Open,1/23/2026,Grand Slam,Outdoor,Hard,3rd Round,5,Bublik A.,Etcheverry T.,10,62,3065,895,7,6,7,6,6,4,,,,,3,0,Completed,1.2,4.5,,,1.25,4.5,1.22,4.12,1.25,4.9
5,Melbourne,Australian Open,1/23/2026,Grand Slam,Outdoor,Hard,3rd Round,5,Musetti L.,Machac T.,5,24,4105,1610,5,7,6,4,6,2,5,7,6,2,3,2,Completed,1.5,2.63,,,1.54,2.63,1.5,2.52,1.56,2.74
5,Melbourne,Australian Open,1/23/2026,Grand Slam,Outdoor,Hard,3rd Round,5,Darderi L.,Khachanov K.,25,18,1599,2320,7,6,3,6,6,3,6,4,,,3,1,Completed,4.5,1.2,,,4.5,1.23,4.26,1.21,4.8,1.25
5,Melbourne,Australian Open,1/24/2026,Grand Slam,Outdoor,Hard,3rd Round,5,Sinner J.,Spizzirri E.,2,85,11500,725,4,6,6,3,6,4,6,4,,,3,1,Completed,-,41,,,1.01,67,1.01,33.15,1.01,70
5,Melbourne,Australian Open,1/24/2026,Grand Slam,Outdoor,Hard,3rd Round,5,Shelton B.,Vacherot V.,7,31,4000,1519,6,4,6,4,7,6,,,,,3,0,Completed,1.22,4.33,,,1.29,4.33,1.23,4.04,1.26,4.7
5,Melbourne,Australian Open,1/24/2026,Grand Slam,Outdoor,Hard,3rd Round,5,Fritz T.,Wawrinka S.,9,139,3840,437,7,6,2,6,6,4,6,4,,,3,1,Completed,1.08,8,,,1.09,8.5,1.08,7.48,1.1,10
5,Melbourne,Australian Open,1/24/2026,Grand Slam,Outdoor,Hard,3rd Round,5,Djokovic N.,Van De Zandschulp B.,4,75,4780,759,6,3,6,4,7,6,,,,,3,0,Completed,1.06,10,,,1.08,10,1.07,8.23,1.08,12
5,Melbourne,Australian Open,1/24/2026,Grand Slam,Outdoor,Hard,3rd Round,5,Mensik J.,Quinn E.,17,80,2345,733,6,2,7,6,7,6,,,,,3,0,Completed,1.44,2.75,,,1.48,2.75,1.45,2.69,1.53,2.88
5,Melbourne,Australian Open,1/24/2026,Grand Slam,Outdoor,Hard,3rd Round,5,Ruud C.,Cilic M.,13,70,2795,790,6,4,6,4,3,6,7,5,,,3,1,Completed,1.33,3.4,,,1.4,3.4,1.35,3.14,1.38,3.55
5,Melbourne,Australian Open,1/25/2026,Grand Slam,Outdoor,Hard,4th Round,5,Alcaraz C.,Paul T.,1,20,12050,2050,7,6,6,4,7,5,,,,,3,0,Completed,1.08,8,,,1.12,8,1.09,6.94,1.11,9.2
5,Melbourne,Australian Open,1/25/2026,Grand Slam,Outdoor,Hard,4th Round,5,Zverev A.,Cerundolo F.,3,21,5105,2035,6,2,6,4,6,4,,,,,3,0,Completed,1.36,3.2,,,1.4,3.25,1.35,3.12,1.38,3.55
5,Melbourne,Australian Open,1/25/2026,Grand Slam,Outdoor,Hard,4th Round,5,Tien L.,Medvedev D.,29,12,1540,2910,6,4,6,0,6,3,,,,,3,0,Completed,2.75,1.44,,,3,1.48,2.75,1.43,3.05,1.47
5,Melbourne,Australian Open,1/25/2026,Grand Slam,Outdoor,Hard,4th Round,5,De Minaur A.,Bublik A.,6,10,4080,3065,6,4,6,1,6,1,,,,,3,0,Completed,1.53,2.5,,,1.6,2.55,1.55,2.41,1.59,2.66
5,Melbourne,Australian Open,1/26/2026,Grand Slam,Outdoor,Hard,4th Round,5,Musetti L.,Fritz T.,5,9,4105,3840,6,2,7,5,6,4,,,,,3,0,Completed,2.1,1.73,,,2.15,1.75,2.1,1.72,2.2,1.82
5,Melbourne,Australian Open,1/26/2026,Grand Slam,Outdoor,Hard,4th Round,5,Sinner J.,Darderi L.,2,25,11500,1599,6,1,6,3,7,6,,,,,3,0,Completed,1.01,26,,,1.02,26,1.02,16.08,1.03,29
5,Melbourne,Australian Open,1/26/2026,Grand Slam,Outdoor,Hard,4th Round,5,Djokovic N.,Mensik J.,4,17,4780,2345,,,,,,,,,,,,,Walkover,1.25,4,,,1.29,4,1.26,3.72,1.29,4.2
5,Melbourne,Australian Open,1/26/2026,Grand Slam,Outdoor,Hard,4th Round,5,Shelton B.,Ruud C.,7,13,4000,2795,3,6,6,4,6,3,6,4,,,3,1,Completed,1.53,2.5,,,1.55,2.6,1.53,2.47,1.58,2.7
5,Melbourne,Australian Open,1/27/2026,Grand Slam,Outdoor,Hard,Quarterfinals,5,Zverev A.,Tien L.,3,29,5105,1540,6,3,6,7,6,1,7,6,,,3,1,Completed,1.44,2.75,,,1.5,2.9,1.44,2.75,1.47,3.1
5,Melbourne,Australian Open,1/27/2026,Grand Slam,Outdoor,Hard,Quarterfinals,5,Alcaraz C.,De Minaur A.,1,6,12050,4080,7,5,6,2,6,1,,,,,3,0,Completed,1.14,5.5,,,1.16,6,1.14,5.39,1.17,6.6
5,Melbourne,Australian Open,1/28/2026,Grand Slam,Outdoor,Hard,Quarterfinals,5,Djokovic N.,Musetti L.,4,5,4780,4105,4,6,3,6,3,1,,,,,0,2,Retired,1.3,3.5,,,1.35,4,1.31,3.38,1.38,3.55
5,Melbourne,Australian Open,1/28/2026,Grand Slam,Outdoor,Hard,Quarterfinals,5,Sinner J.,Shelton B.,2,7,11500,4000,6,3,6,4,6,4,,,,,3,0,Completed,1.08,8,,,1.1,8.5,1.08,7.42,1.11,9.4
5,Melbourne,Australian Open,1/30/2026,Grand Slam,Outdoor,Hard,Semifinals,5,Alcaraz C.,Zverev A.,1,3,12050,5105,6,4,7,6,6,7,6,7,7,5,3,2,Completed,1.14,5.5,,,1.19,5.5,1.16,5.19,1.2,5.9
5,Melbourne,Australian Open,1/30/2026,Grand Slam,Outdoor,Hard,Semifinals,5,Djokovic N.,Sinner J.,4,2,4780,11500,3,6,6,3,4,6,6,4,6,4,3,2,Completed,10,1.06,,,10,1.08,8.63,1.07,10,1.1
5,Melbourne,Australian Open,2/1/2026,Grand Slam,Outdoor,Hard,The Final,5,Alcaraz C.,Djokovic N.,1,4,12050,4780,2,6,6,2,6,3,7,5,,,3,1,Completed,1.3,3.5,,,1.33,3.8,1.31,3.44,1.36,3.7
6,Montpellier,Open Sud de France,2/2/2026,ATP250,Indoor,Hard,1st Round,3,Mannarino A.,Martinez P.,70,77,810,728,7,6,6,1,,,,,,,2,0,Completed,1.62,2.3,,,1.67,2.32,1.61,2.25,1.67,2.46
6,Montpellier,Open Sud de France,2/2/2026,ATP250,Indoor,Hard,1st Round,3,Gea A.,Mpetshi G.,168,57,353,905,6,3,0,0,,,,,,,1,0,Retired,2.2,1.67,,,2.25,1.75,2.16,1.67,2.26,1.78
6,Montpellier,Open Sud de France,2/2/2026,ATP250,Indoor,Hard,1st Round,3,Bautista Agut R.,O Connell C.,89,119,670,511,5,7,6,3,7,5,,,,,2,1,Completed,1.67,2.2,,,1.68,2.4,1.62,2.24,1.68,2.42
6,Montpellier,Open Sud de France,2/3/2026,ATP250,Indoor,Hard,1st Round,3,Carreno Busta P.,Kecmanovic M.,100,69,616,820,4,6,6,3,7,6,,,,,2,1,Completed,2.1,1.73,,,2.18,1.8,2.1,1.7,2.26,1.77
6,Montpellier,Open Sud de France,2/3/2026,ATP250,Indoor,Hard,1st Round,3,Damm M.,Hurkacz H.,160,52,373,965,7,6,6,4,,,,,,,2,0,Completed,4,1.25,,,4.33,1.26,3.95,1.24,4.6,1.27
6,Montpellier,Open Sud de France,2/3/2026,ATP250,Indoor,Hard,1st Round,3,Droguet T.,Choinski J.,150,125,403,498,6,2,7,6,,,,,,,2,0,Completed,1.3,3.5,,,1.32,3.75,1.3,3.43,1.34,3.75
6,Montpellier,Open Sud de France,2/3/2026,ATP250,Indoor,Hard,1st Round,3,Humbert U.,Van De Zandschulp B.,38,67,1320,849,6,3,6,4,,,,,,,2,0,Completed,1.29,3.75,,,1.3,4.25,1.29,3.53,1.34,3.85
6,Montpellier,Open Sud de France,2/3/2026,ATP250,Indoor,Hard,1st Round,3,Fils A.,Royer V.,42,56,1110,920,7,6,6,7,6,2,,,,,2,1,Completed,1.67,2.2,,,1.73,2.25,1.66,2.17,1.8,2.24
6,Montpellier,Open Sud de France,2/3/2026,ATP250,Indoor,Hard,1st Round,3,Blanchet U.,Vavassori A.,174,282,343,185,6,4,6,3,,,,,,,2,0,Completed,2.3,1.62,,,2.38,1.62,2.29,1.59,2.44,1.68
6,Montpellier,Open Sud de France,2/4/2026,ATP250,Indoor,Hard,1st Round,3,Nardi L.,Basilashvili N.,106,137,571,464,6,3,6,3,,,,,,,2,0,Completed,1.62,2.3,,,1.65,2.3,1.62,2.23,1.72,2.36
6,Montpellier,Open Sud de France,2/4/2026,ATP250,Indoor,Hard,1st Round,3,Kovacevic A.,Kouame M.,83,551,709,70,6,7,6,2,6,2,,,,,2,1,Completed,1.4,3,,,1.43,3,1.41,2.82,1.44,3.2
6,Montpellier,Open Sud de France,2/4/2026,ATP250,Indoor,Hard,1st Round,3,Wawrinka S.,Medjedovic H.,113,80,537,717,7,6,6,4,,,,,,,2,0,Completed,2.75,1.44,,,2.75,1.56,2.54,1.5,2.88,1.52
6,Montpellier,Open Sud de France,2/4/2026,ATP250,Indoor,Hard,2nd Round,3,Damm M.,Bautista Agut R.,160,89,373,670,6,1,6,3,,,,,,,2,0,Completed,1.67,2.2,,,1.7,2.25,1.65,2.17,1.71,2.38
6,Montpellier,Open Sud de France,2/4/2026,ATP250,Indoor,Hard,2nd Round,3,Mannarino A.,Humbert U.,70,38,810,1320,6,7,6,3,7,6,,,,,2,1,Completed,5,1.17,,,5.5,1.19,4.78,1.17,5.3,1.22
6,Montpellier,Open Sud de France,2/4/2026,ATP250,Indoor,Hard,2nd Round,3,Gea A.,Machac T.,168,28,353,1610,6,3,4,5,,,,,,,1,0,Retired,2.75,1.44,,,2.9,1.44,2.78,1.42,3,1.49
6,Montpellier,Open Sud de France,2/5/2026,ATP250,Indoor,Hard,2nd Round,3,Droguet T.,Kovacevic A.,150,83,403,709,4,6,7,6,6,4,,,,,2,1,Completed,1.8,2,,,1.86,2.05,1.8,1.98,1.93,2.04
6,Montpellier,Open Sud de France,2/5/2026,ATP250,Indoor,Hard,2nd Round,3,Griekspoor T.,Carreno Busta P.,29,100,1565,616,6,4,6,4,,,,,,,2,0,Completed,1.62,2.3,,,1.67,2.3,1.63,2.23,1.71,2.38
6,Montpellier,Open Sud de France,2/5/2026,ATP250,Indoor,Hard,2nd Round,3,Nardi L.,Cobolli F.,106,20,571,1955,6,2,6,3,,,,,,,2,0,Completed,2.1,1.73,,,2.15,1.73,2.11,1.7,2.22,1.81
6,Montpellier,Open Sud de France,2/5/2026,ATP250,Indoor,Hard,2nd Round,3,Auger-Aliassime F.,Wawrinka S.,8,113,3725,537,6,4,7,6,,,,,,,2,0,Completed,1.3,3.5,,,1.33,3.5,1.3,3.41,1.35,3.75
6,Montpellier,Open Sud de France,2/5/2026,ATP250,Indoor,Hard,2nd Round,3,Fils A.,Blanchet U.,42,174,1110,343,7,6,7,5,,,,,,,2,0,Completed,1.25,4,,,1.27,4.25,1.24,3.86,1.24,5
6,Montpellier,Open Sud de France,2/6/2026,ATP250,Indoor,Hard,Quarterfinals,3,Mannarino A.,Gea A.,70,168,810,353,5,7,6,4,6,4,,,,,2,1,Completed,2.1,1.73,,,2.15,1.75,2.1,1.71,2.2,1.8
6,Montpellier,Open Sud de France,2/6/2026,ATP250,Indoor,Hard,Quarterfinals,3,Damm M.,Nardi L.,160,106,373,571,6,3,7,6,,,,,,,2,0,Completed,,,,,1.8,2.06,1.77,2,1.88,2.12
6,Montpellier,Open Sud de France,2/6/2026,ATP250,Indoor,Hard,Quarterfinals,3,Auger-Aliassime F.,Fils A.,8,42,3725,1110,6,4,6,2,,,,,,,2,0,Completed,1.5,2.63,,,1.52,2.65,1.49,2.57,1.57,2.7
6,Montpellier,Open Sud de France,2/6/2026,ATP250,Indoor,Hard,Quarterfinals,3,Droguet T.,Griekspoor T.,150,29,403,1565,7,6,7,6,,,,,,,2,0,Completed,2.5,1.53,,,2.55,1.55,2.38,1.53,2.72,1.57
6,Montpellier,Open Sud de France,2/7/2026,ATP250,Indoor,Hard,Semifinals,3,Mannarino A.,Damm M.,70,160,810,373,1,6,6,3,6,4,,,,,2,1,Completed,2.3,1.62,,,2.3,1.65,2.25,1.61,2.42,1.69
6,Montpellier,Open Sud de France,2/7/2026,ATP250,Indoor,Hard,Semifinals,3,Auger-Aliassime F.,Droguet T.,8,150,3725,403,6,4,6,7,6,1,,,,,2,1,Completed,1.22,4.33,,,1.25,4.75,1.21,4.26,1.24,5.1
6,Montpellier,Open Sud de France,2/8/2026,ATP250,Indoor,Hard,The Final,3,Auger-Aliassime F.,Mannarino A.,8,70,3725,810,6,3,7,6,,,,,,,2,0,Completed,1.17,5,,,1.19,5.25,1.17,4.85,1.19,6
7,Buenos Aires,Argentina Open,2/9/2026,ATP250,Outdoor,Clay,1st Round,3,Dellien H.,Dzumhur D.,167,62,355,877,6,4,6,1,,,,,,,2,0,Completed,1.8,2,,,1.83,2.05,1.81,1.96,1.92,2.06
7,Buenos Aires,Argentina Open,2/9/2026,ATP250,Outdoor,Clay,1st Round,3,Martinez P.,Midon L.,94,229,636,245,6,4,6,1,,,,,,,2,0,Completed,1.73,2.1,,,1.8,2.1,1.75,2.04,1.8,2.2
7,Buenos Aires,Argentina Open,2/9/2026,ATP250,Outdoor,Clay,1st Round,3,Etcheverry T.,Pellegrino A.,54,145,945,434,6,3,6,4,,,,,,,2,0,Completed,1.2,4.5,,,1.22,4.5,1.2,4.36,1.23,5.2
7,Buenos Aires,Argentina Open,2/9/2026,ATP250,Outdoor,Clay,1st Round,3,Kopriva V.,Barrena A.,95,180,632,336,6,4,3,6,6,4,,,,,2,1,Completed,1.44,2.75,,,1.54,2.75,1.48,2.59,1.52,2.88
7,Buenos Aires,Argentina Open,2/10/2026,ATP250,Outdoor,Clay,1st Round,3,Cerundolo J.M.,Altmaier D.,80,51,717,995,6,2,6,2,,,,,,,2,0,Completed,1.67,2.2,,,1.72,2.31,1.64,2.21,1.73,2.3
7,Buenos Aires,Argentina Open,2/10/2026,ATP250,Outdoor,Clay,1st Round,3,Barrios M.,Seyboth Wild T.,114,197,546,305,4,6,6,5,,,,,,,0,1,Retired,1.62,2.3,,,1.67,2.3,1.63,2.23,1.71,2.34
7,Buenos Aires,Argentina Open,2/10/2026,ATP250,Outdoor,Clay,1st Round,3,Tabilo A.,Diaz Acosta F.,71,285,774,182,7,6,6,3,,,,,,,2,0,Completed,1.8,2,,,1.8,2.09,1.77,2.01,1.91,2.06
7,Buenos Aires,Argentina Open,2/10/2026,ATP250,Outdoor,Clay,1st Round,3,Burruchaga R.,Djere L.,104,91,568,651,6,2,6,4,,,,,,,2,0,Completed,1.67,2.2,,,1.75,2.2,1.69,2.14,1.76,2.28
7,Buenos Aires,Argentina Open,2/10/2026,ATP250,Outdoor,Clay,1st Round,3,Buse I.,Passaro F.,96,159,623,376,5,7,7,5,6,4,,,,,2,1,Completed,2.38,1.57,,,2.4,1.58,2.36,1.56,2.58,1.61
7,Buenos Aires,Argentina Open,2/10/2026,ATP250,Outdoor,Clay,1st Round,3,Berrettini M.,Coria F.,58,322,895,156,7,5,7,5,,,,,,,2,0,Completed,1.11,6.5,,,1.14,7.5,1.12,5.99,1.13,7.8
7,Buenos Aires,Argentina Open,2/11/2026,ATP250,Outdoor,Clay,1st Round,3,Ugo Carabelli C.,Comesana F.,47,63,1028,869,6,4,7,6,,,,,,,2,0,Completed,1.73,2.1,,,1.8,2.13,1.72,2.08,1.81,2.2
7,Buenos Aires,Argentina Open,2/11/2026,ATP250,Outdoor,Clay,1st Round,3,Navone M.,Nava E.,73,81,760,710,6,2,6,1,,,,,,,2,0,Completed,1.44,2.75,,,1.48,2.75,1.45,2.67,1.51,2.9
7,Buenos Aires,Argentina Open,2/11/2026,ATP250,Outdoor,Clay,2nd Round,3,Etcheverry T.,Burruchaga R.,54,104,945,568,7,6,6,7,6,4,,,,,2,1,Completed,1.44,2.75,,,2.48,2.75,1.56,2.54,1.59,2.66
7,Buenos Aires,Argentina Open,2/11/2026,ATP250,Outdoor,Clay,2nd Round,3,Kopriva V.,Berrettini M.,95,58,632,895,6,4,6,3,,,,,,,2,0,Completed,3,1.4,,,3.1,1.44,2.95,1.38,3.1,1.46
7,Buenos Aires,Argentina Open,2/11/2026,ATP250,Outdoor,Clay,2nd Round,3,Tabilo A.,Fonseca J.,71,33,774,1440,6,3,3,6,7,5,,,,,2,1,Completed,2.38,1.57,,,2.4,1.62,2.33,1.57,2.54,1.62
7,Buenos Aires,Argentina Open,2/12/2026,ATP250,Outdoor,Clay,2nd Round,3,Cerundolo F.,Dellien H.,19,167,2135,355,6,0,7,6,,,,,,,2,0,Completed,1.13,6,,,1.17,6,1.14,5.43,1.17,6.4
7,Buenos Aires,Argentina Open,2/12/2026,ATP250,Outdoor,Clay,2nd Round,3,Darderi L.,Barrios M.,22,114,1789,546,6,1,6,3,,,,,,,2,0,Completed,1.3,3.5,,,1.3,4.4,1.29,3.54,1.35,3.75
7,Buenos Aires,Argentina Open,2/12/2026,ATP250,Outdoor,Clay,2nd Round,3,Martinez P.,Cerundolo J.M.,94,80,636,717,7,6,6,4,,,,,,,2,0,Completed,2.5,1.53,,,2.5,1.57,2.43,1.54,2.5,1.65
7,Buenos Aires,Argentina Open,2/12/2026,ATP250,Outdoor,Clay,2nd Round,3,Baez S.,Buse I.,34,96,1420,623,6,4,6,3,,,,,,,2,0,Completed,1.36,3.2,,,1.4,3.2,1.36,3.08,1.39,3.5
7,Buenos Aires,Argentina Open,2/12/2026,ATP250,Outdoor,Clay,2nd Round,3,Ugo Carabelli C.,Navone M.,47,73,1028,760,6,2,7,5,,,,,,,2,0,Completed,2.3,1.62,,,2.3,1.67,2.2,1.64,2.32,1.75
7,Buenos Aires,Argentina Open,2/13/2026,ATP250,Outdoor,Clay,Quarterfinals,3,Etcheverry T.,Tabilo A.,54,71,945,774,1,6,6,3,6,4,,,,,2,1,Completed,1.62,2.3,,,1.67,2.38,1.59,2.3,1.7,2.4
7,Buenos Aires,Argentina Open,2/13/2026,ATP250,Outdoor,Clay,Quarterfinals,3,Cerundolo F.,Kopriva V.,19,95,2135,632,6,4,6,3,,,,,,,2,0,Completed,1.14,5.5,,,1.17,6,1.15,5.28,1.18,6.2
7,Buenos Aires,Argentina Open,2/13/2026,ATP250,Outdoor,Clay,Quarterfinals,3,Baez S.,Ugo Carabelli C.,34,47,1420,1028,7,6,6,2,,,,,,,2,0,Completed,1.5,2.63,,,1.53,2.75,1.5,2.55,1.58,2.68
7,Buenos Aires,Argentina Open,2/14/2026,ATP250,Outdoor,Clay,Quarterfinals,3,Darderi L.,Martinez P.,22,94,1789,636,7,5,6,1,,,,,,,2,0,Completed,1.17,5.5,,,1.19,5.5,1.17,4.91,1.18,6.4
7,Buenos Aires,Argentina Open,2/14/2026,ATP250,Outdoor,Clay,Semifinals,3,Cerundolo F.,Etcheverry T.,19,54,2135,945,6,3,7,5,,,,,,,2,0,Completed,1.4,3,,,1.4,3.2,1.39,2.94,1.44,3.25
7,Buenos Aires,Argentina Open,2/14/2026,ATP250,Outdoor,Clay,Semifinals,3,Darderi L.,Baez S.,22,34,1789,1420,7,6,6,1,,,,,,,2,0,Completed,1.62,2.3,,,1.65,2.33,1.62,2.26,1.68,2.44
7,Buenos Aires,Argentina Open,2/15/2026,ATP250,Outdoor,Clay,The Final,3,Cerundolo F.,Darderi L.,19,22,2135,1789,6,4,6,2,,,,,,,2,0,Completed,1.91,1.91,,,1.93,1.91,1.9,1.88,2.02,1.97
8,Dallas,Dallas Open,2/9/2026,ATP500,Indoor,Hard,1st Round,3,Nakashima B.,Bellucci M.,29,107,1535,553,6,3,6,4,,,,,,,2,0,Completed,1.4,3,,,1.44,3,1.4,2.9,1.44,3.2
8,Dallas,Dallas Open,2/9/2026,ATP500,Indoor,Hard,1st Round,3,Davidovich Fokina A.,Svajda Z.,14,110,2535,551,6,4,7,6,,,,,,,2,0,Completed,1.44,2.75,,,1.46,3.5,1.44,2.75,1.5,2.92
8,Dallas,Dallas Open,2/10/2026,ATP500,Indoor,Hard,1st Round,3,Tiafoe F.,Atmane T.,30,64,1510,849,4,6,6,2,6,2,,,,,2,1,Completed,1.25,4,,,1.28,4,1.26,3.77,1.29,4.3
8,Dallas,Dallas Open,2/10/2026,ATP500,Indoor,Hard,1st Round,3,Korda S.,Zheng M.,53,151,960,414,6,3,6,4,,,,,,,2,0,Completed,1.36,3.2,,,1.4,3.3,1.36,3.07,1.41,3.35
8,Dallas,Dallas Open,2/10/2026,ATP500,Indoor,Hard,1st Round,3,Cilic M.,Tien L.,61,23,890,1710,7,5,7,6,,,,,,,2,0,Completed,3.2,1.36,,,3.25,1.41,3.02,1.37,3.3,1.42
8,Dallas,Dallas Open,2/10/2026,ATP500,Indoor,Hard,1st Round,3,Kecmanovic M.,Shimabukuro S.,66,144,820,441,6,7,6,3,7,6,,,,,2,1,Completed,1.57,2.38,,,1.65,2.5,1.57,2.34,1.64,2.5
8,Dallas,Dallas Open,2/10/2026,ATP500,Indoor,Hard,1st Round,3,Michelsen A.,Dimitrov G.,41,43,1160,1105,5,7,6,4,6,4,,,,,2,1,Completed,1.8,2,,,1.91,2,1.86,1.91,1.95,2
8,Dallas,Dallas Open,2/10/2026,ATP500,Indoor,Hard,1st Round,3,Pinnington Jones J.,Cobolli F.,181,20,331,1955,6,2,6,2,,,,,,,2,0,Completed,2.5,1.53,,,2.75,1.55,2.46,1.53,2.66,1.59
8,Dallas,Dallas Open,2/10/2026,ATP500,Indoor,Hard,1st Round,3,Shelton B.,Diallo G.,9,38,3560,1175,6,4,6,4,,,,,,,2,0,Completed,1.17,5,,,1.2,5,1.18,4.64,1.2,5.7
8,Dallas,Dallas Open,2/11/2026,ATP500,Indoor,Hard,1st Round,3,Fritz T.,Giron M.,7,59,3940,895,6,4,5,7,7,6,,,,,2,1,Completed,1.4,3,,,1.4,3.2,1.38,2.96,1.39,3.55
8,Dallas,Dallas Open,2/11/2026,ATP500,Indoor,Hard,1st Round,3,Kovacevic A.,Kypson P.,78,109,721,552,6,4,7,6,,,,,,,2,0,Completed,,,,,1.7,4.33,1.59,2.44,1.69,2.26
8,Dallas,Dallas Open,2/11/2026,ATP500,Indoor,Hard,1st Round,3,Shapovalov D.,Jodar R.,40,124,1160,498,6,1,6,2,,,,,,,2,0,Completed,1.73,2.1,,,1.85,2.2,1.74,2.05,1.81,2.2
8,Dallas,Dallas Open,2/11/2026,ATP500,Indoor,Hard,1st Round,3,Paul T.,Brooksby J.,24,45,1700,1042,4,6,6,4,7,6,,,,,2,1,Completed,1.33,3.4,,,1.36,3.45,1.33,3.23,1.38,3.6
8,Dallas,Dallas Open,2/11/2026,ATP500,Indoor,Hard,1st Round,3,Quinn E.,Svajda T.,74,363,758,131,7,6,7,5,,,,,,,2,0,Completed,1.25,4,,,1.26,4.33,1.25,3.85,1.3,4.2
8,Dallas,Dallas Open,2/11/2026,ATP500,Indoor,Hard,1st Round,3,Spizzirri E.,Duckworth J.,68,83,781,691,6,2,6,4,,,,,,,2,0,Completed,1.3,3.5,,,1.33,4.25,1.29,3.51,1.32,3.9
8,Dallas,Dallas Open,2/11/2026,ATP500,Indoor,Hard,1st Round,3,Mannarino A.,Walton A.,52,93,975,643,6,4,6,2,,,,,,,2,0,Completed,1.67,2.2,,,1.75,2.25,1.67,2.15,1.71,2.36
8,Dallas,Dallas Open,2/11/2026,ATP500,Indoor,Hard,2nd Round,3,Davidovich Fokina A.,Michelsen A.,14,41,2535,1160,6,4,6,4,,,,,,,2,0,Completed,1.73,2.1,,,1.8,2.1,1.75,2.04,1.86,2.14
8,Dallas,Dallas Open,2/12/2026,ATP500,Indoor,Hard,2nd Round,3,Fritz T.,Nakashima B.,7,29,3940,1535,6,3,6,4,,,,,,,2,0,Completed,1.57,2.38,,,1.65,2.5,1.59,2.32,1.68,2.42
8,Dallas,Dallas Open,2/12/2026,ATP500,Indoor,Hard,2nd Round,3,Korda S.,Tiafoe F.,53,30,960,1510,7,5,6,1,,,,,,,2,0,Completed,1.73,2.1,,,1.8,2.2,1.71,2.1,1.83,2.16
8,Dallas,Dallas Open,2/12/2026,ATP500,Indoor,Hard,2nd Round,3,Cilic M.,Quinn E.,61,74,890,758,7,6,6,3,,,,,,,2,0,Completed,1.53,2.5,,,1.55,2.5,1.53,2.46,1.6,2.62
8,Dallas,Dallas Open,2/12/2026,ATP500,Indoor,Hard,2nd Round,3,Pinnington Jones J.,Spizzirri E.,181,68,331,781,7,6,4,6,7,6,,,,,2,1,Completed,2.63,1.5,,,2.75,1.53,2.63,1.47,2.8,1.54
8,Dallas,Dallas Open,2/12/2026,ATP500,Indoor,Hard,2nd Round,3,Shapovalov D.,Kovacevic A.,40,78,1160,721,6,4,6,4,,,,,,,2,0,Completed,1.33,3.4,,,1.34,3.5,1.32,3.29,1.37,3.6
8,Dallas,Dallas Open,2/13/2026,ATP500,Indoor,Hard,2nd Round,3,Shelton B.,Mannarino A.,9,52,3560,975,7,6,6,7,6,3,,,,,2,1,Completed,1.2,4.5,,,1.2,4.75,1.18,4.57,1.21,5.5
8,Dallas,Dallas Open,2/13/2026,ATP500,Indoor,Hard,2nd Round,3,Kecmanovic M.,Paul T.,66,24,820,1700,5,7,6,4,6,4,,,,,2,1,Completed,5,1.17,,,5.5,1.23,4.42,1.2,5.7,1.2
8,Dallas,Dallas Open,2/13/2026,ATP500,Indoor,Hard,Quarterfinals,3,Cilic M.,Pinnington Jones J.,61,181,890,331,6,1,6,4,,,,,,,2,0,Completed,1.29,3.75,,,1.3,3.85,1.28,3.64,1.33,3.9
8,Dallas,Dallas Open,2/13/2026,ATP500,Indoor,Hard,Quarterfinals,3,Fritz T.,Korda S.,7,53,3940,960,6,7,6,4,7,6,,,,,2,1,Completed,1.53,2.5,,,1.57,2.5,1.54,2.43,1.59,2.66
8,Dallas,Dallas Open,2/14/2026,ATP500,Indoor,Hard,Quarterfinals,3,Shelton B.,Kecmanovic M.,9,66,3560,820,5,7,6,3,6,4,,,,,2,1,Completed,1.2,4.5,,,1.21,5.25,1.19,4.52,1.2,5.7
8,Dallas,Dallas Open,2/14/2026,ATP500,Indoor,Hard,Quarterfinals,3,Shapovalov D.,Davidovich Fokina A.,40,14,1160,2535,5,7,6,4,6,3,,,,,2,1,Completed,1.73,2.1,,,1.9,2.2,1.72,2.09,1.86,2.12
8,Dallas,Dallas Open,2/14/2026,ATP500,Indoor,Hard,Semifinals,3,Fritz T.,Cilic M.,7,61,3940,890,7,6,7,6,,,,,,,2,0,Completed,1.53,2.5,,,1.57,2.5,1.54,2.43,1.59,2.66
8,Dallas,Dallas Open,2/14/2026,ATP500,Indoor,Hard,Semifinals,3,Shelton B.,Shapovalov D.,9,40,3560,1160,4,6,6,4,7,6,,,,,2,1,Completed,1.5,2.63,,,1.56,2.75,1.5,2.55,1.54,2.82
8,Dallas,Dallas Open,2/15/2026,ATP500,Indoor,Hard,The Final,3,Shelton B.,Fritz T.,9,7,3560,3940,3,6,6,3,7,5,,,,,2,1,Completed,2.1,1.73,,,2.2,1.76,2.08,1.73,2.18,1.81
9,Rotterdam,ABN AMRO World Tennis Tournament,2/9/2026,ATP500,Indoor,Hard,1st Round,3,Norrie C.,Bautista Agut R.,26,85,1603,685,7,6,6,1,,,,,,,2,0,Completed,1.29,3.75,,,1.33,4,1.27,3.7,1.31,4
9,Rotterdam,ABN AMRO World Tennis Tournament,2/9/2026,ATP500,Indoor,Hard,1st Round,3,Humbert U.,Medvedev D.,36,11,1335,3060,7,6,3,6,6,3,,,,,2,1,Completed,2.75,1.44,,,2.88,1.45,2.76,1.43,3.05,1.47
9,Rotterdam,ABN AMRO World Tennis Tournament,2/9/2026,ATP500,Indoor,Hard,1st Round,3,O Connell C.,Royer V.,119,57,511,897,6,4,4,6,7,6,,,,,2,1,Completed,2,1.8,,,2.2,1.8,2.07,1.74,2.14,1.87
9,Rotterdam,ABN AMRO World Tennis Tournament,2/9/2026,ATP500,Indoor,Hard,1st Round,3,Van De Zandschulp B.,Pavlovic L.,65,219,849,262,7,6,6,3,,,,,,,2,0,Completed,1.17,5,,,1.21,5.2,1.18,4.61,1.23,5.2
9,Rotterdam,ABN AMRO World Tennis Tournament,2/9/2026,ATP500,Indoor,Hard,1st Round,3,Munar J.,Budkov Kjaer N.,37,132,1185,476,6,1,6,3,,,,,,,2,0,Completed,1.44,2.75,,,1.5,2.88,1.44,2.75,1.53,2.86
9,Rotterdam,ABN AMRO World Tennis Tournament,2/10/2026,ATP500,Indoor,Hard,1st Round,3,Halys Q.,Rottgering M.,77,614,725,59,3,6,6,1,6,1,,,,,2,1,Completed,1.22,4.33,,,1.25,4.4,1.24,3.98,1.28,4.4
9,Rotterdam,ABN AMRO World Tennis Tournament,2/10/2026,ATP500,Indoor,Hard,1st Round,3,Griekspoor T.,Mpetshi G.,27,56,1585,905,6,4,6,4,,,,,,,2,0,Completed,1.5,2.63,,,1.55,2.63,1.53,2.48,1.57,2.68
9,Rotterdam,ABN AMRO World Tennis Tournament,2/10/2026,ATP500,Indoor,Hard,1st Round,3,Struff J.L.,Grenier H.,82,188,706,323,6,0,6,4,,,,,,,2,0,Completed,1.36,3.2,,,1.38,3.3,1.35,3.17,1.4,3.45
9,Rotterdam,ABN AMRO World Tennis Tournament,2/10/2026,ATP500,Indoor,Hard,1st Round,3,De Minaur A.,Fils A.,8,42,3835,1110,7,6,6,2,,,,,,,2,0,Completed,1.22,4.33,,,1.25,4.33,1.22,4.09,1.26,4.7
9,Rotterdam,ABN AMRO World Tennis Tournament,2/10/2026,ATP500,Indoor,Hard,1st Round,3,Bergs Z.,Medjedovic H.,39,79,1170,717,6,7,6,7,,,,,,,2,0,Completed,1.8,2,,,1.85,2.01,1.81,1.98,1.94,2.04
9,Rotterdam,ABN AMRO World Tennis Tournament,2/11/2026,ATP500,Indoor,Hard,1st Round,3,Wawrinka S.,Boogaard T.,106,1048,562,14,6,3,6,4,,,,,,,2,0,Completed,,,,,1.2,7.5,1.13,5.92,1.2,5.1
9,Rotterdam,ABN AMRO World Tennis Tournament,2/11/2026,ATP500,Indoor,Hard,1st Round,3,Den Ouden G.,Fucsovics M.,169,49,355,1009,7,6,6,1,,,,,,,2,0,Completed,4,1.25,,,4.1,1.25,3.9,1.25,4.1,1.31
9,Rotterdam,ABN AMRO World Tennis Tournament,2/11/2026,ATP500,Indoor,Hard,1st Round,3,Tsitsipas S.,Rinderknech A.,32,28,1445,1542,7,5,6,3,,,,,,,2,0,Completed,1.53,2.5,,,1.57,2.5,1.54,2.47,1.56,2.72
9,Rotterdam,ABN AMRO World Tennis Tournament,2/11/2026,ATP500,Indoor,Hard,1st Round,3,Khachanov K.,De Jong J.,18,86,2320,673,3,6,6,4,7,5,,,,,2,1,Completed,1.14,5.5,,,1.17,5.7,1.14,5.32,1.19,6
9,Rotterdam,ABN AMRO World Tennis Tournament,2/11/2026,ATP500,Indoor,Hard,1st Round,3,Bublik A.,Hurkacz H.,10,70,3235,775,6,7,7,6,7,5,,,,,2,1,Completed,1.67,2.2,,,1.76,2.2,1.71,2.11,1.83,2.2
9,Rotterdam,ABN AMRO World Tennis Tournament,2/11/2026,ATP500,Indoor,Hard,1st Round,3,Auger-Aliassime F.,Popyrin A.,6,50,3950,1000,7,5,6,3,,,,,,,2,0,Completed,1.22,4.33,,,1.22,4.4,1.22,4.14,1.23,5
9,Rotterdam,ABN AMRO World Tennis Tournament,2/11/2026,ATP500,Indoor,Hard,2nd Round,3,O Connell C.,Norrie C.,119,26,511,1603,7,6,6,4,,,,,,,2,0,Completed,4,1.25,,,4,1.3,3.6,1.28,4.1,1.31
9,Rotterdam,ABN AMRO World Tennis Tournament,2/11/2026,ATP500,Indoor,Hard,2nd Round,3,Griekspoor T.,Halys Q.,27,77,1585,725,7,5,7,6,,,,,,,2,0,Completed,1.57,2.38,,,1.6,2.6,1.55,2.43,1.6,2.64
9,Rotterdam,ABN AMRO World Tennis Tournament,2/12/2026,ATP500,Indoor,Hard,2nd Round,3,Humbert U.,Den Ouden G.,36,169,1335,355,6,4,6,3,,,,,,,2,0,Completed,1.1,7,,,1.12,8,1.1,6.77,1.13,8.2
9,Rotterdam,ABN AMRO World Tennis Tournament,2/12/2026,ATP500,Indoor,Hard,2nd Round,3,Munar J.,Khachanov K.,37,18,1185,2320,7,6,3,6,6,3,,,,,2,1,Completed,2.3,1.62,,,2.3,1.7,2.23,1.64,2.42,1.69
9,Rotterdam,ABN AMRO World Tennis Tournament,2/12/2026,ATP500,Indoor,Hard,2nd Round,3,Van De Zandschulp B.,Tsitsipas S.,65,32,849,1445,6,4,7,6,,,,,,,2,0,Completed,3,1.4,,,3,1.5,2.79,1.43,3.15,1.44
9,Rotterdam,ABN AMRO World Tennis Tournament,2/12/2026,ATP500,Indoor,Hard,2nd Round,3,De Minaur A.,Wawrinka S.,8,106,3835,562,6,4,6,2,,,,,,,2,0,Completed,1.1,7,,,1.12,7,1.11,6.58,1.12,8.8
9,Rotterdam,ABN AMRO World Tennis Tournament,2/12/2026,ATP500,Indoor,Hard,2nd Round,3,Auger-Aliassime F.,Medjedovic H.,6,79,3950,717,6,4,6,4,,,,,,,2,0,Completed,1.22,4.33,,,1.27,4.33,1.25,3.84,1.28,4.5
9,Rotterdam,ABN AMRO World Tennis Tournament,2/12/2026,ATP500,Indoor,Hard,2nd Round,3,Bublik A.,Struff J.L.,10,82,3235,706,7,6,4,6,6,3,,,,,2,1,Completed,1.36,3.2,,,1.37,3.5,1.34,3.24,1.36,3.7
9,Rotterdam,ABN AMRO World Tennis Tournament,2/13/2026,ATP500,Indoor,Hard,Quarterfinals,3,Humbert U.,O Connell C.,36,119,1335,511,6,4,6,1,,,,,,,2,0,Completed,1.2,4.5,,,1.22,4.8,1.21,4.36,1.24,4.9
9,Rotterdam,ABN AMRO World Tennis Tournament,2/13/2026,ATP500,Indoor,Hard,Quarterfinals,3,De Minaur A.,Van De Zandschulp B.,8,65,3835,849,3,6,7,6,7,5,,,,,2,1,Completed,1.13,6,,,1.15,6,1.14,5.63,1.16,6.6
9,Rotterdam,ABN AMRO World Tennis Tournament,2/13/2026,ATP500,Indoor,Hard,Quarterfinals,3,Auger-Aliassime F.,Griekspoor T.,6,27,3950,1585,7,6,6,2,,,,,,,2,0,Completed,1.3,3.5,,,1.36,3.6,1.32,3.38,1.39,3.5
9,Rotterdam,ABN AMRO World Tennis Tournament,2/13/2026,ATP500,Indoor,Hard,Quarterfinals,3,Bublik A.,Munar J.,10,37,3235,1185,6,4,6,7,7,6,,,,,2,1,Completed,1.5,2.63,,,1.5,2.75,1.49,2.63,1.51,2.92
9,Rotterdam,ABN AMRO World Tennis Tournament,2/14/2026,ATP500,Indoor,Hard,Semifinals,3,De Minaur A.,Humbert U.,8,36,3835,1335,6,4,6,3,,,,,,,2,0,Completed,1.4,3,,,1.45,3.1,1.41,2.85,1.44,3.2
9,Rotterdam,ABN AMRO World Tennis Tournament,2/14/2026,ATP500,Indoor,Hard,Semifinals,3,Auger-Aliassime F.,Bublik A.,6,10,3950,3235,6,1,6,2,,,,,,,2,0,Completed,1.44,2.75,,,1.5,2.85,1.45,2.7,1.52,2.88
9,Rotterdam,ABN AMRO World Tennis Tournament,2/15/2026,ATP500,Indoor,Hard,The Final,3,De Minaur A.,Auger-Aliassime F.,8,6,3835,3950,6,3,6,2,,,,,,,2,0,Completed,2.5,1.53,,,2.5,1.6,2.43,1.56,2.56,1.64
10,Delray Beach,Delray Beach Open,2/16/2026,ATP250,Outdoor,Hard,1st Round,3,Atmane T.,Kypson P.,66,105,833,565,6,3,2,6,6,4,,,,,2,1,Completed,2.2,1.67,,,2.2,1.73,2.14,1.69,2.3,1.74
10,Delray Beach,Delray Beach Open,2/16/2026,ATP250,Outdoor,Hard,1st Round,3,Wong C.,Borges N.,137,45,458,1070,7,6,4,6,6,3,,,,,2,1,Completed,2.1,1.73,,,2.15,1.75,2.09,1.71,2.3,1.74
10,Delray Beach,Delray Beach Open,2/16/2026,ATP250,Outdoor,Hard,1st Round,3,Michelsen A.,Vacherot V.,41,26,1110,1605,7,6,6,4,,,,,,,2,0,Completed,1.91,1.91,,,1.93,1.91,1.89,1.87,2.04,1.94
10,Delray Beach,Delray Beach Open,2/16/2026,ATP250,Outdoor,Hard,1st Round,3,Giron M.,Shimabukuro S.,64,135,855,466,6,3,7,5,,,,,,,2,0,Completed,1.4,3,,,1.43,3,1.4,2.86,1.44,3.2
10,Delray Beach,Delray Beach Open,2/17/2026,ATP250,Outdoor,Hard,1st Round,3,Tiafoe F.,Hijikata R.,28,113,1550,546,6,4,6,4,,,,,,,2,0,Completed,1.3,3.5,,,1.3,4,1.28,3.56,1.29,4.3
10,Delray Beach,Delray Beach Open,2/17/2026,ATP250,Outdoor,Hard,1st Round,3,Svajda Z.,Kovacevic A.,106,75,563,746,7,6,6,3,,,,,,,2,0,Completed,1.5,2.63,,,1.57,2.75,1.49,2.57,1.57,2.7
10,Delray Beach,Delray Beach Open,2/17/2026,ATP250,Outdoor,Hard,1st Round,3,Korda S.,McDonald M.,50,116,1020,535,6,4,7,5,,,,,,,2,0,Completed,1.2,4.5,,,1.23,4.5,1.2,4.3,1.24,4.8
10,Delray Beach,Delray Beach Open,2/17/2026,ATP250,Outdoor,Hard,1st Round,3,Nakashima B.,Cilic M.,29,43,1535,1090,7,6,7,6,,,,,,,2,0,Completed,1.62,2.3,,,1.63,2.3,1.6,2.26,1.7,2.4
10,Delray Beach,Delray Beach Open,2/17/2026,ATP250,Outdoor,Hard,1st Round,3,Jodar R.,Quinn E.,118,70,523,776,6,2,6,3,,,,,,,2,0,Completed,2,1.8,,,2,1.91,1.95,1.81,2.02,1.97
10,Delray Beach,Delray Beach Open,2/17/2026,ATP250,Outdoor,Hard,1st Round,3,Walton A.,Diallo G.,93,39,643,1175,7,6,6,3,,,,,,,2,0,Completed,3.2,1.36,,,3.2,1.4,3.05,1.36,3.4,1.4
10,Delray Beach,Delray Beach Open,2/17/2026,ATP250,Outdoor,Hard,1st Round,3,Kecmanovic M.,Bellucci M.,83,109,670,553,6,1,6,4,,,,,,,2,0,Completed,1.44,2.75,,,1.5,2.88,1.45,2.69,1.51,2.94
10,Delray Beach,Delray Beach Open,2/18/2026,ATP250,Outdoor,Hard,1st Round,3,Paul T.,Moutet C.,24,34,1700,1383,4,6,6,3,6,4,,,,,2,1,Completed,1.25,4,,,1.29,4.1,1.25,3.82,1.28,4.4
10,Delray Beach,Delray Beach Open,2/18/2026,ATP250,Outdoor,Hard,2nd Round,3,Cobolli F.,Atmane T.,20,66,1955,833,7,5,6,4,,,,,,,2,0,Completed,1.73,2.1,,,1.75,2.13,1.73,2.08,1.87,2.12
10,Delray Beach,Delray Beach Open,2/18/2026,ATP250,Outdoor,Hard,2nd Round,3,Wong C.,Nakashima B.,137,29,458,1535,6,4,7,6,,,,,,,2,0,Completed,3.2,1.36,,,3.25,1.37,3.15,1.35,3.5,1.39
10,Delray Beach,Delray Beach Open,2/18/2026,ATP250,Outdoor,Hard,2nd Round,3,Korda S.,Michelsen A.,50,41,1020,1110,6,3,7,6,,,,,,,2,0,Completed,1.62,2.3,,,1.67,2.3,1.62,2.25,1.71,2.38
10,Delray Beach,Delray Beach Open,2/19/2026,ATP250,Outdoor,Hard,2nd Round,3,Ruud C.,Giron M.,13,64,2625,855,4,6,7,6,6,4,,,,,2,1,Completed,1.44,2.75,,,1.53,2.75,1.47,2.6,1.5,2.92
10,Delray Beach,Delray Beach Open,2/19/2026,ATP250,Outdoor,Hard,2nd Round,3,Tien L.,Kecmanovic M.,23,83,1710,670,6,4,6,7,7,6,,,,,2,1,Completed,1.44,2.75,,,1.45,2.8,1.44,2.73,1.5,2.96
10,Delray Beach,Delray Beach Open,2/19/2026,ATP250,Outdoor,Hard,2nd Round,3,Tiafoe F.,Svajda Z.,28,106,1550,563,6,4,3,6,7,5,,,,,2,1,Completed,1.44,2.75,,,1.53,2.75,1.48,2.59,1.51,2.88
10,Delray Beach,Delray Beach Open,2/19/2026,ATP250,Outdoor,Hard,2nd Round,3,Paul T.,Walton A.,24,93,1700,643,7,6,6,3,,,,,,,2,0,Completed,1.08,8,,,1.1,8,1.09,7.13,1.1,10.5
10,Delray Beach,Delray Beach Open,2/20/2026,ATP250,Outdoor,Hard,2nd Round,3,Fritz T.,Jodar R.,8,118,4220,523,7,6,6,4,,,,,,,2,0,Completed,1.25,4,,,1.3,4,1.27,3.67,1.3,4.1
10,Delray Beach,Delray Beach Open,2/20/2026,ATP250,Outdoor,Hard,Quarterfinals,3,Cobolli F.,Wong C.,20,137,1955,458,7,5,6,7,6,2,,,,,2,1,Completed,1.91,1.91,,,2,1.91,1.9,1.86,2.08,1.91
10,Delray Beach,Delray Beach Open,2/20/2026,ATP250,Outdoor,Hard,Quarterfinals,3,Korda S.,Ruud C.,50,13,1020,2625,4,6,6,2,6,2,,,,,2,1,Completed,1.8,2,,,1.94,2.05,1.8,1.97,1.91,2.06
10,Delray Beach,Delray Beach Open,2/20/2026,ATP250,Outdoor,Hard,Quarterfinals,3,Tien L.,Tiafoe F.,23,28,1710,1550,7,6,3,6,7,5,,,,,2,1,Completed,1.53,2.5,,,1.55,2.5,1.53,2.45,1.61,2.62
10,Delray Beach,Delray Beach Open,2/21/2026,ATP250,Outdoor,Hard,Quarterfinals,3,Paul T.,Fritz T.,24,8,1700,4220,6,4,6,3,,,,,,,2,0,Completed,2.2,1.67,,,2.25,1.7,2.19,1.65,2.42,1.68
10,Delray Beach,Delray Beach Open,2/21/2026,ATP250,Outdoor,Hard,Semifinals,3,Korda S.,Cobolli F.,50,20,1020,1955,7,6,6,1,,,,,,,2,0,Completed,1.4,3,,,1.4,3.4,1.36,3.12,1.4,3.4
10,Delray Beach,Delray Beach Open,2/22/2026,ATP250,Outdoor,Hard,Semifinals,3,Paul T.,Tien L.,24,23,1700,1710,4,6,6,4,6,3,,,,,2,1,Completed,1.53,2.5,,,1.63,2.5,1.55,2.4,1.64,2.56
10,Delray Beach,Delray Beach Open,2/22/2026,ATP250,Outdoor,Hard,The Final,3,Korda S.,Paul T.,50,24,1020,1700,6,4,6,3,,,,,,,2,0,Completed,2,1.8,,,2.07,1.8,2.01,1.77,2.14,1.86
11,Doha,Qatar Exxon Mobil Open,2/16/2026,ATP500,Outdoor,Hard,1st Round,3,Popyrin A.,Zayid M.S.,53,N/A,1000,N/A,6,0,6,2,,,,,,,2,0,Completed,1,34,,,1.02,34,1.01,25.22,1.01,50
11,Doha,Qatar Exxon Mobil Open,2/16/2026,ATP500,Outdoor,Hard,1st Round,3,Royer V.,Herbert P.,60,190,897,313,6,0,6,3,,,,,,,2,0,Completed,1.5,2.63,,,1.5,2.65,1.48,2.58,1.54,2.84
11,Doha,Qatar Exxon Mobil Open,2/16/2026,ATP500,Outdoor,Hard,1st Round,3,Mensik J.,Choinski J.,16,124,2425,498,6,7,6,2,6,4,,,,,2,1,Completed,1.14,5.5,,,1.2,5.5,1.15,5.12,1.17,6.4
11,Doha,Qatar Exxon Mobil Open,2/16/2026,ATP500,Outdoor,Hard,1st Round,3,Fils A.,Majchrzak K.,40,56,1110,920,6,7,6,3,6,4,,,,,2,1,Completed,1.4,3,,,1.43,3,1.39,2.91,1.44,3.2
11,Doha,Qatar Exxon Mobil Open,2/16/2026,ATP500,Outdoor,Hard,1st Round,3,Sinner J.,Machac T.,2,31,10300,1510,6,1,6,4,,,,,,,2,0,Completed,1.05,11,,,1.06,11,1.05,9.68,1.07,13.5
11,Doha,Qatar Exxon Mobil Open,2/16/2026,ATP500,Outdoor,Hard,1st Round,3,Medvedev D.,Shang J.,11,261,3010,205,6,4,6,2,,,,,,,2,0,Completed,1.25,4,,,1.28,4,1.25,3.81,1.26,4.7
11,Doha,Qatar Exxon Mobil Open,2/17/2026,ATP500,Outdoor,Hard,1st Round,3,Tsitsipas S.,Echargui M.,33,139,1485,449,6,4,6,4,,,,,,,2,0,Completed,1.1,7,,,1.11,8,1.09,6.87,1.12,8.8
11,Doha,Qatar Exxon Mobil Open,2/17/2026,ATP500,Outdoor,Hard,1st Round,3,Halys Q.,Carreno Busta P.,72,123,762,504,4,6,7,5,6,3,,,,,2,1,Completed,1.8,2,,,1.81,2.15,1.76,2.03,,
11,Doha,Qatar Exxon Mobil Open,2/17/2026,ATP500,Outdoor,Hard,1st Round,3,Fucsovics M.,Habib H.,61,334,891,143,6,3,6,3,,,,,,,2,0,Completed,1.17,5,,,1.17,5.5,1.16,4.98,1.19,5.9
11,Doha,Qatar Exxon Mobil Open,2/17/2026,ATP500,Outdoor,Hard,1st Round,3,Lehecka J.,Brooksby J.,22,47,1860,1042,6,3,6,3,,,,,,,2,0,Completed,1.5,2.63,,,1.5,2.63,1.49,2.56,1.55,2.76
11,Doha,Qatar Exxon Mobil Open,2/17/2026,ATP500,Outdoor,Hard,1st Round,3,Khachanov K.,Mochizuki S.,17,117,2360,525,6,1,3,6,6,4,,,,,2,1,Completed,1.13,6,,,1.13,6.5,1.12,5.92,1.16,6.8
11,Doha,Qatar Exxon Mobil Open,2/17/2026,ATP500,Outdoor,Hard,1st Round,3,Zhang Zh.,Carballes Baena R.,319,175,155,350,6,4,6,4,,,,,,,2,0,Completed,1.73,2.1,,,1.87,2.14,1.75,2.05,1.84,2.16
11,Doha,Qatar Exxon Mobil Open,2/17/2026,ATP500,Outdoor,Hard,1st Round,3,Marozsan F.,Humbert U.,48,36,1040,1285,6,3,6,1,,,,,,,2,0,Completed,2.38,1.57,,,2.38,1.65,2.26,1.62,2.34,1.72
11,Doha,Qatar Exxon Mobil Open,2/17/2026,ATP500,Outdoor,Hard,1st Round,3,Bergs Z.,Mpetshi G.,44,58,1080,905,6,3,6,7,6,4,,,,,2,1,Completed,1.53,2.5,,,1.6,2.5,1.56,2.38,1.6,2.62
11,Doha,Qatar Exxon Mobil Open,2/17/2026,ATP500,Outdoor,Hard,1st Round,3,Alcaraz C.,Rinderknech A.,1,30,13150,1530,6,4,7,6,,,,,,,2,0,Completed,1.02,19,,,1.03,19,1.02,14.41,1.04,24
11,Doha,Qatar Exxon Mobil Open,2/17/2026,ATP500,Outdoor,Hard,1st Round,3,Rublev A.,De Jong J.,14,86,2510,665,6,4,6,3,,,,,,,2,0,Completed,1.14,5.5,,,1.16,7,1.14,5.55,1.18,6.2
11,Doha,Qatar Exxon Mobil Open,2/18/2026,ATP500,Outdoor,Hard,2nd Round,3,Khachanov K.,Fucsovics M.,17,61,2360,891,6,2,4,6,6,4,,,,,2,1,Completed,1.4,3,,,1.44,3,1.41,2.84,1.49,3
11,Doha,Qatar Exxon Mobil Open,2/18/2026,ATP500,Outdoor,Hard,2nd Round,3,Fils A.,Halys Q.,40,72,1110,762,6,1,7,6,,,,,,,2,0,Completed,1.33,3.4,,,1.36,3.4,1.33,3.21,1.38,3.55
11,Doha,Qatar Exxon Mobil Open,2/18/2026,ATP500,Outdoor,Hard,2nd Round,3,Lehecka J.,Bergs Z.,22,44,1860,1080,6,2,6,1,,,,,,,2,0,Completed,1.44,2.75,,,1.47,2.75,1.45,2.7,1.52,2.88
11,Doha,Qatar Exxon Mobil Open,2/18/2026,ATP500,Outdoor,Hard,2nd Round,3,Tsitsipas S.,Medvedev D.,33,11,1485,3010,6,3,6,4,,,,,,,2,0,Completed,3.5,1.3,,,3.6,1.33,3.33,1.32,3.5,1.39
11,Doha,Qatar Exxon Mobil Open,2/18/2026,ATP500,Outdoor,Hard,2nd Round,3,Rublev A.,Marozsan F.,14,48,2510,1040,6,2,6,4,,,,,,,2,0,Completed,1.57,2.38,,,1.6,2.4,1.56,2.35,1.66,2.48
11,Doha,Qatar Exxon Mobil Open,2/18/2026,ATP500,Outdoor,Hard,2nd Round,3,Mensik J.,Zhang Zh.,16,319,2425,155,6,3,6,2,,,,,,,2,0,Completed,1.36,3.2,,,1.38,3.2,1.36,3.05,1.42,3.3
11,Doha,Qatar Exxon Mobil Open,2/18/2026,ATP500,Outdoor,Hard,2nd Round,3,Sinner J.,Popyrin A.,2,53,10300,1000,6,3,7,5,,,,,,,2,0,Completed,1.03,15,,,1.03,19,1.02,15.19,1.03,32
11,Doha,Qatar Exxon Mobil Open,2/18/2026,ATP500,Outdoor,Hard,2nd Round,3,Alcaraz C.,Royer V.,1,60,13150,897,6,2,7,5,,,,,,,2,0,Completed,1.02,17,,,1.03,17,1.02,12.77,1.04,23
11,Doha,Qatar Exxon Mobil Open,2/19/2026,ATP500,Outdoor,Hard,Quarterfinals,3,Rublev A.,Tsitsipas S.,14,33,2510,1485,6,3,7,6,,,,,,,2,0,Completed,1.62,2.3,,,1.71,2.3,1.66,2.2,1.71,2.4
11,Doha,Qatar Exxon Mobil Open,2/19/2026,ATP500,Outdoor,Hard,Quarterfinals,3,Fils A.,Lehecka J.,40,22,1110,1860,6,3,6,3,,,,,,,2,0,Completed,2.38,1.57,,,2.38,1.67,2.28,1.6,2.46,1.67
11,Doha,Qatar Exxon Mobil Open,2/19/2026,ATP500,Outdoor,Hard,Quarterfinals,3,Alcaraz C.,Khachanov K.,1,17,13150,2360,6,7,6,4,6,3,,,,,2,1,Completed,1.07,9,,,1.09,10,1.07,7.96,1.09,11.5
11,Doha,Qatar Exxon Mobil Open,2/19/2026,ATP500,Outdoor,Hard,Quarterfinals,3,Mensik J.,Sinner J.,16,2,2425,10300,7,6,2,6,6,3,,,,,2,1,Completed,9,1.07,,,10,1.07,8.5,1.06,11,1.09
11,Doha,Qatar Exxon Mobil Open,2/20/2026,ATP500,Outdoor,Hard,Semifinals,3,Alcaraz C.,Rublev A.,1,14,13150,2510,7,6,6,4,,,,,,,2,0,Completed,1.14,5.5,,,1.15,5.8,1.14,5.47,1.18,6.2
11,Doha,Qatar Exxon Mobil Open,2/20/2026,ATP500,Outdoor,Hard,Semifinals,3,Fils A.,Mensik J.,40,16,1110,2425,6,4,7,6,,,,,,,2,0,Completed,2.3,1.62,,,2.38,1.9,2.26,1.62,2.4,1.69
11,Doha,Qatar Exxon Mobil Open,2/21/2026,ATP500,Outdoor,Hard,The Final,3,Alcaraz C.,Fils A.,1,40,13150,1110,6,2,6,1,,,,,,,2,0,Completed,1.11,6.5,,,1.13,7,1.11,6.25,1.15,7
12,Rio de Janeiro,Rio Open,2/16/2026,ATP500,Outdoor,Clay,1st Round,3,Tirante T.A.,Garin C.,92,89,647,656,7,5,6,3,,,,,,,2,0,Completed,2,1.8,,,2,1.9,1.94,1.82,2.1,1.9
12,Rio de Janeiro,Rio Open,2/16/2026,ATP500,Outdoor,Clay,1st Round,3,Lajovic D.,Altmaier D.,129,54,485,961,6,4,7,6,,,,,,,2,0,Completed,2.1,1.73,,,2.11,1.77,2.08,1.71,2.26,1.79
12,Rio de Janeiro,Rio Open,2/16/2026,ATP500,Outdoor,Clay,1st Round,3,Tabilo A.,Nava E.,68,76,808,710,6,3,6,3,,,,,,,2,0,Completed,1.44,2.75,,,1.48,3.25,1.44,2.76,1.56,2.78
12,Rio de Janeiro,Rio Open,2/16/2026,ATP500,Outdoor,Clay,1st Round,3,Kopriva V.,Heide G.,87,258,660,207,6,2,7,6,,,,,,,2,0,Completed,1.67,2.2,,,1.72,2.2,1.67,2.15,1.71,2.36
12,Rio de Janeiro,Rio Open,2/16/2026,ATP500,Outdoor,Clay,1st Round,3,Buse I.,Marcondes I.,91,348,648,138,4,6,7,5,6,4,,,,,2,1,Completed,1.4,3,,,1.45,3,1.41,2.8,1.43,3.2
12,Rio de Janeiro,Rio Open,2/17/2026,ATP500,Outdoor,Clay,1st Round,3,Hanfmann Y.,Reis Da Silva J.,90,207,653,291,7,6,6,4,,,,,,,2,0,Completed,1.29,3.75,,,1.3,4,1.28,3.6,1.28,4.4
12,Rio de Janeiro,Rio Open,2/17/2026,ATP500,Outdoor,Clay,1st Round,3,Burruchaga R.,Ugo Carabelli C.,102,46,580,1068,6,3,6,4,,,,,,,2,0,Completed,2.2,1.67,,,2.4,1.8,2.13,1.69,2.2,1.81
12,Rio de Janeiro,Rio Open,2/17/2026,ATP500,Outdoor,Clay,1st Round,3,Passaro F.,Prizmic D.,163,122,376,507,6,3,6,4,,,,,,,2,0,Completed,2.75,1.44,,,2.9,1.5,2.75,1.43,2.92,1.52
12,Rio de Janeiro,Rio Open,2/17/2026,ATP500,Outdoor,Clay,1st Round,3,Etcheverry T.,Comesana F.,51,63,1020,869,3,6,6,3,6,4,,,,,2,1,Completed,1.53,2.5,,,1.57,2.55,1.53,2.44,1.61,2.6
12,Rio de Janeiro,Rio Open,2/17/2026,ATP500,Outdoor,Clay,1st Round,3,Berrettini M.,Barrios M.,57,107,910,563,7,6,7,5,,,,,,,2,0,Completed,1.3,3.5,,,1.3,3.7,1.29,3.49,1.34,3.85
12,Rio de Janeiro,Rio Open,2/17/2026,ATP500,Outdoor,Clay,1st Round,3,Cerundolo J.M.,Darderi L.,78,21,706,1904,6,1,3,6,6,4,,,,,2,1,Completed,3.4,1.33,,,3.55,1.37,3.23,1.33,3.6,1.37
12,Rio de Janeiro,Rio Open,2/17/2026,ATP500,Outdoor,Clay,1st Round,3,Cerundolo F.,Navone M.,19,74,2220,750,6,3,6,4,,,,,,,2,0,Completed,1.4,3,,,1.44,3,1.4,2.87,1.44,3.2
12,Rio de Janeiro,Rio Open,2/17/2026,ATP500,Outdoor,Clay,1st Round,3,Fonseca J.,Monteiro T.,38,208,1190,290,7,6,6,1,,,,,,,2,0,Completed,1.29,3.75,,,1.33,3.75,1.3,3.44,1.32,4
12,Rio de Janeiro,Rio Open,2/17/2026,ATP500,Outdoor,Clay,1st Round,3,Dzumhur D.,Martinez P.,62,101,877,586,0,6,7,6,6,4,,,,,2,1,Completed,2.3,1.62,,,2.38,1.65,2.25,1.62,2.34,1.72
12,Rio de Janeiro,Rio Open,2/18/2026,ATP500,Outdoor,Clay,1st Round,3,Faria J.,Baez S.,147,32,425,1495,7,5,6,1,,,,,,,2,0,Completed,5,1.17,,,5,1.25,4.23,1.21,5.1,1.24
12,Rio de Janeiro,Rio Open,2/18/2026,ATP500,Outdoor,Clay,1st Round,3,Gaubas V.,Miguel L.,126,1593,490,3,6,3,2,6,6,2,,,,,2,1,Completed,1.1,7,,,1.11,8.5,1.09,7.13,1.09,10
12,Rio de Janeiro,Rio Open,2/18/2026,ATP500,Outdoor,Clay,2nd Round,3,Kopriva V.,Burruchaga R.,87,102,660,580,6,3,6,1,,,,,,,2,0,Completed,2.2,1.67,,,2.25,1.68,2.18,1.65,2.34,1.74
12,Rio de Janeiro,Rio Open,2/18/2026,ATP500,Outdoor,Clay,2nd Round,3,Cerundolo J.M.,Hanfmann Y.,78,90,706,653,6,4,6,7,6,4,,,,,2,1,Completed,1.8,2,,,1.91,2.01,1.81,1.95,1.97,2.02
12,Rio de Janeiro,Rio Open,2/18/2026,ATP500,Outdoor,Clay,2nd Round,3,Tirante T.A.,Cerundolo F.,92,19,647,2220,6,2,3,1,,,,,,,1,0,Retired,5,1.17,,,5,1.22,4.49,1.19,5.6,1.21
12,Rio de Janeiro,Rio Open,2/19/2026,ATP500,Outdoor,Clay,2nd Round,3,Tabilo A.,Passaro F.,68,163,808,376,4,6,7,6,6,2,,,,,2,1,Completed,1.4,3,,,1.55,3.2,1.45,2.7,1.47,3.1
12,Rio de Janeiro,Rio Open,2/19/2026,ATP500,Outdoor,Clay,2nd Round,3,Faria J.,Dzumhur D.,147,62,425,877,7,6,6,4,,,,,,,2,0,Completed,1.57,2.38,,,1.6,2.45,1.57,2.34,1.65,2.5
12,Rio de Janeiro,Rio Open,2/19/2026,ATP500,Outdoor,Clay,2nd Round,3,Etcheverry T.,Gaubas V.,51,126,1020,490,7,6,6,4,,,,,,,2,0,Completed,1.22,4.33,,,1.24,4.33,1.23,4.05,1.28,4.5
12,Rio de Janeiro,Rio Open,2/20/2026,ATP500,Outdoor,Clay,2nd Round,3,Buse I.,Fonseca J.,91,38,648,1190,5,7,6,3,6,4,,,,,2,1,Completed,4.5,1.2,,,4.5,1.25,4.08,1.23,4.7,1.26
12,Rio de Janeiro,Rio Open,2/20/2026,ATP500,Outdoor,Clay,2nd Round,3,Berrettini M.,Lajovic D.,57,129,910,485,3,6,6,4,6,2,,,,,2,1,Completed,1.33,3.4,,,1.37,3.5,1.34,3.21,1.38,3.55
12,Rio de Janeiro,Rio Open,2/20/2026,ATP500,Outdoor,Clay,Quarterfinals,3,Kopriva V.,Cerundolo J.M.,87,78,660,706,6,4,6,4,,,,,,,2,0,Completed,1.73,2.1,,,1.9,2.1,1.74,2.07,1.78,2.26
12,Rio de Janeiro,Rio Open,2/20/2026,ATP500,Outdoor,Clay,Quarterfinals,3,Etcheverry T.,Faria J.,51,147,1020,425,7,6,6,4,,,,,,,2,0,Completed,1.3,3.5,,,1.33,3.5,1.31,3.38,1.35,3.75
12,Rio de Janeiro,Rio Open,2/20/2026,ATP500,Outdoor,Clay,Quarterfinals,3,Buse I.,Berrettini M.,91,57,648,910,6,3,2,6,6,3,,,,,2,1,Completed,2.75,1.44,,,2.75,1.52,2.66,1.46,2.94,1.5
12,Rio de Janeiro,Rio Open,2/21/2026,ATP500,Outdoor,Clay,Quarterfinals,3,Tabilo A.,Tirante T.A.,68,92,808,647,7,6,6,7,6,1,,,,,2,1,Completed,1.57,2.38,,,1.65,2.5,1.56,2.36,1.65,2.48
12,Rio de Janeiro,Rio Open,2/22/2026,ATP500,Outdoor,Clay,Semifinals,3,Etcheverry T.,Kopriva V.,51,87,1020,660,4,6,7,6,7,6,,,,,2,1,Completed,1.53,2.5,,,1.58,2.5,1.53,2.46,1.56,2.72
12,Rio de Janeiro,Rio Open,2/22/2026,ATP500,Outdoor,Clay,Semifinals,3,Tabilo A.,Buse I.,68,91,808,648,6,3,6,3,,,,,,,2,0,Completed,1.62,2.3,,,1.68,2.33,1.64,2.23,1.7,2.4
12,Rio de Janeiro,Rio Open,2/22/2026,ATP500,Outdoor,Clay,The Final,3,Etcheverry T.,Tabilo A.,51,68,1020,808,3,6,7,6,6,4,,,,,2,1,Completed,2.63,1.5,,,2.75,1.5,2.61,1.48,2.78,1.55
13,Acapulco,Abierto Mexicano,2/24/2026,ATP500,Outdoor,Hard,1st Round,3,Kecmanovic M.,Schoolkate T.,84,108,685,556,6,2,6,2,,,,,,,2,0,Completed,1.29,3.75,,,1.3,3.75,1.3,3.48,1.33,3.9
13,Acapulco,Abierto Mexicano,2/24/2026,ATP500,Outdoor,Hard,1st Round,3,Davidovich Fokina A.,Altmaier D.,14,53,2470,961,7,5,6,3,,,,,,,2,0,Completed,1.13,6,,,1.15,6.5,1.13,5.77,1.16,6.8
13,Acapulco,Abierto Mexicano,2/24/2026,ATP500,Outdoor,Hard,1st Round,3,Nakashima B.,Ymer E.,29,190,1535,328,6,3,6,4,,,,,,,2,0,Completed,1.17,5,,,1.17,5.5,1.15,5.17,1.18,6
13,Acapulco,Abierto Mexicano,2/24/2026,ATP500,Outdoor,Hard,1st Round,3,Kypson P.,De Minaur A.,103,6,565,4235,6,1,6,7,7,6,,,,,2,1,Completed,10,1.06,,,10,1.07,8.81,1.06,11,1.09
13,Acapulco,Abierto Mexicano,2/24/2026,ATP500,Outdoor,Hard,1st Round,3,Vacherot V.,Wong C.,27,125,1591,515,4,6,6,3,6,2,,,,,2,1,Completed,1.44,2.75,,,1.45,2.8,1.43,2.74,1.5,2.96
13,Acapulco,Abierto Mexicano,2/24/2026,ATP500,Outdoor,Hard,1st Round,3,Kovacevic A.,Walton A.,75,87,746,669,7,6,7,6,,,,,,,2,0,Completed,1.67,2.2,,,1.68,2.25,1.67,2.17,1.72,2.36
13,Acapulco,Abierto Mexicano,2/24/2026,ATP500,Outdoor,Hard,1st Round,3,Jodar R.,Norrie C.,114,26,548,1603,6,3,6,2,,,,,,,2,0,Completed,2.2,1.67,,,2.3,1.75,2.21,1.64,2.5,1.64
13,Acapulco,Abierto Mexicano,2/25/2026,ATP500,Outdoor,Hard,1st Round,3,Svrcina D.,Duckworth J.,123,83,519,691,6,4,6,1,,,,,,,2,0,Completed,1.67,2.2,,,1.67,2.32,1.63,2.24,1.73,2.34
13,Acapulco,Abierto Mexicano,2/25/2026,ATP500,Outdoor,Hard,1st Round,3,Cobolli F.,Pacheco Mendez R.,20,218,2030,270,7,6,7,6,,,,,,,2,0,Completed,1.22,4.33,,,1.24,4.33,1.22,4.14,1.26,4.6
13,Acapulco,Abierto Mexicano,2/25/2026,ATP500,Outdoor,Hard,1st Round,3,Atmane T.,Dimitrov G.,63,44,858,1105,6,3,6,3,,,,,,,2,0,Completed,3,1.4,,,3,1.42,2.94,1.38,3.3,1.42
13,Acapulco,Abierto Mexicano,2/25/2026,ATP500,Outdoor,Hard,1st Round,3,Bellucci M.,Hijikata R.,110,115,553,547,7,6,6,3,,,,,,,2,0,Completed,2,1.8,,,2,1.82,1.99,1.79,2.08,1.89
13,Acapulco,Abierto Mexicano,2/25/2026,ATP500,Outdoor,Hard,1st Round,3,Zverev A.,Moutet C.,4,35,4555,1383,6,2,6,4,,,,,,,2,0,Completed,1.17,5,,,1.21,5,1.18,4.65,1.22,5.3
13,Acapulco,Abierto Mexicano,2/25/2026,ATP500,Outdoor,Hard,1st Round,3,Tiafoe F.,Borges N.,28,48,1590,1045,6,4,6,4,,,,,,,2,0,Completed,1.53,2.5,,,1.55,3.75,1.51,2.55,1.56,2.7
13,Acapulco,Abierto Mexicano,2/25/2026,ATP500,Outdoor,Hard,1st Round,3,Wu Y.,Ruud C.,142,12,434,2665,7,6,7,6,,,,,,,2,0,Completed,3,1.4,,,3.2,1.44,2.91,1.4,3.1,1.46
13,Acapulco,Abierto Mexicano,2/25/2026,ATP500,Outdoor,Hard,1st Round,3,Monfils G.,Dzumhur D.,170,60,360,877,6,4,7,6,,,,,,,2,0,Completed,1.57,2.38,,,1.6,2.4,1.56,2.36,1.64,2.56
13,Acapulco,Abierto Mexicano,2/25/2026,ATP500,Outdoor,Hard,1st Round,3,Shimabukuro S.,Mannarino A.,130,51,479,1025,6,3,6,4,,,,,,,2,0,Completed,2.1,1.73,,,2.16,1.73,2.08,1.71,2.02,1.95
13,Acapulco,Abierto Mexicano,2/26/2026,ATP500,Outdoor,Hard,2nd Round,3,Cobolli F.,Svrcina D.,20,123,2030,519,6,4,6,4,,,,,,,2,0,Completed,1.53,2.5,,,1.65,2.5,1.58,2.34,1.67,2.46
13,Acapulco,Abierto Mexicano,2/26/2026,ATP500,Outdoor,Hard,2nd Round,3,Atmane T.,Jodar R.,63,114,858,548,6,2,4,6,6,1,,,,,2,1,Completed,2.75,1.44,,,3,1.44,2.84,1.41,3.2,1.44
13,Acapulco,Abierto Mexicano,2/26/2026,ATP500,Outdoor,Hard,2nd Round,3,Kecmanovic M.,Zverev A.,84,4,685,4555,6,3,6,7,7,6,,,,,2,1,Completed,5,1.17,,,5,1.2,4.56,1.19,5.5,1.21
13,Acapulco,Abierto Mexicano,2/26/2026,ATP500,Outdoor,Hard,2nd Round,3,Nakashima B.,Kypson P.,29,103,1535,565,6,4,6,4,,,,,,,2,0,Completed,1.44,2.75,,,1.47,3,1.44,2.76,1.52,2.88
13,Acapulco,Abierto Mexicano,2/26/2026,ATP500,Outdoor,Hard,2nd Round,3,Wu Y.,Shimabukuro S.,142,130,434,479,6,3,7,6,,,,,,,2,0,Completed,1.3,3.5,,,1.33,3.5,1.31,3.41,1.37,3.6
13,Acapulco,Abierto Mexicano,2/26/2026,ATP500,Outdoor,Hard,2nd Round,3,Tiafoe F.,Kovacevic A.,28,75,1590,746,6,4,3,6,7,6,,,,,2,1,Completed,1.36,3.2,,,1.36,3.3,1.34,3.19,1.37,3.65
13,Acapulco,Abierto Mexicano,2/26/2026,ATP500,Outdoor,Hard,2nd Round,3,Bellucci M.,Davidovich Fokina A.,110,14,553,2470,6,3,6,3,,,,,,,2,0,Completed,5,1.17,,,5,1.2,4.68,1.18,5,1.23
13,Acapulco,Abierto Mexicano,2/26/2026,ATP500,Outdoor,Hard,2nd Round,3,Vacherot V.,Monfils G.,27,170,1591,360,6,3,6,3,,,,,,,2,0,Completed,1.33,3.4,,,1.38,3.6,1.32,3.33,1.34,3.85
13,Acapulco,Abierto Mexicano,2/27/2026,ATP500,Outdoor,Hard,Quarterfinals,3,Cobolli F.,Wu Y.,20,142,2030,434,7,6,6,1,,,,,,,2,0,Completed,2.2,1.67,,,2.3,1.7,2.17,1.67,2.28,1.76
13,Acapulco,Abierto Mexicano,2/27/2026,ATP500,Outdoor,Hard,Quarterfinals,3,Kecmanovic M.,Atmane T.,84,63,685,858,6,3,6,3,,,,,,,2,0,Completed,1.53,2.5,,,1.57,2.6,1.53,2.47,1.6,2.62
13,Acapulco,Abierto Mexicano,2/27/2026,ATP500,Outdoor,Hard,Quarterfinals,3,Tiafoe F.,Bellucci M.,28,110,1590,553,6,3,6,4,,,,,,,2,0,Completed,1.4,3,,,1.44,3,1.4,2.87,1.47,3.05
13,Acapulco,Abierto Mexicano,2/27/2026,ATP500,Outdoor,Hard,Quarterfinals,3,Nakashima B.,Vacherot V.,29,27,1535,1591,2,6,6,2,6,3,,,,,2,1,Completed,1.8,2,,,1.8,2.15,1.75,2.05,1.91,2.08
13,Acapulco,Abierto Mexicano,2/28/2026,ATP500,Outdoor,Hard,Semifinals,3,Cobolli F.,Kecmanovic M.,20,84,2030,685,7,6,3,6,6,4,,,,,2,1,Completed,2.38,1.57,,,2.38,1.64,2.28,1.6,2.44,1.67
13,Acapulco,Abierto Mexicano,2/28/2026,ATP500,Outdoor,Hard,Semifinals,3,Tiafoe F.,Nakashima B.,28,29,1590,1535,3,6,7,6,6,4,,,,,2,1,Completed,1.91,1.91,,,1.92,1.95,1.87,1.89,1.96,2.02
13,Acapulco,Abierto Mexicano,3/1/2026,ATP500,Outdoor,Hard,The Final,3,Cobolli F.,Tiafoe F.,20,28,2030,1590,7,6,6,4,,,,,,,2,0,Completed,2,1.8,,,2.07,1.8,2.01,1.78,2.12,1.87
14,Dubai,Dubai Tennis Championships,2/23/2026,ATP500,Outdoor,Hard,1st Round,3,Mpetshi G.,Echargui M.,58,141,905,435,7,6,6,7,7,6,,,,,2,1,Completed,1.22,4.33,,,1.23,4.33,1.22,4.08,1.28,4.5
14,Dubai,Dubai Tennis Championships,2/23/2026,ATP500,Outdoor,Hard,1st Round,3,Wawrinka S.,Hassan B.,99,289,599,180,7,5,6,3,,,,,,,2,0,Completed,1.13,6,,,1.18,6.5,1.15,5.35,1.16,6.6
14,Dubai,Dubai Tennis Championships,2/23/2026,ATP500,Outdoor,Hard,1st Round,3,Auger-Aliassime F.,Zhang Zh.,8,263,4080,205,6,3,7,6,,,,,,,2,0,Completed,1.17,5,,,1.22,5,1.19,4.52,1.21,5.5
14,Dubai,Dubai Tennis Championships,2/23/2026,ATP500,Outdoor,Hard,1st Round,3,Draper J.,Halys Q.,15,68,2460,800,7,6,6,3,,,,,,,2,0,Completed,1.3,3.5,,,1.38,4,1.32,3.33,1.38,3.6
14,Dubai,Dubai Tennis Championships,2/24/2026,ATP500,Outdoor,Hard,1st Round,3,Brooksby J.,Bergs Z.,49,46,1042,1080,6,3,6,4,,,,,,,2,0,Completed,1.91,1.91,,,1.91,1.97,1.85,1.91,1.96,2.02
14,Dubai,Dubai Tennis Championships,2/24/2026,ATP500,Outdoor,Hard,1st Round,3,Carreno Busta P.,Shapovalov D.,124,36,516,1350,6,2,6,4,,,,,,,2,0,Completed,3,1.4,,,3,1.42,2.92,1.39,3.25,1.43
14,Dubai,Dubai Tennis Championships,2/24/2026,ATP500,Outdoor,Hard,1st Round,3,Medvedev D.,Shang J.,11,262,2960,205,6,1,6,3,,,,,,,2,0,Completed,1.17,5,,,1.19,5,1.18,4.69,1.21,5.6
14,Dubai,Dubai Tennis Championships,2/24/2026,ATP500,Outdoor,Hard,1st Round,3,Khachanov K.,Shevchenko A.,16,92,2450,656,6,7,6,2,6,3,,,,,2,1,Completed,1.22,4.33,,,1.25,4.33,1.24,3.99,1.27,4.6
14,Dubai,Dubai Tennis Championships,2/24/2026,ATP500,Outdoor,Hard,1st Round,3,Rinderknech A.,Marozsan F.,31,50,1530,1040,3,6,6,3,6,4,,,,,2,1,Completed,2.5,1.53,,,2.5,1.62,2.42,1.54,2.52,1.64
14,Dubai,Dubai Tennis Championships,2/24/2026,ATP500,Outdoor,Hard,1st Round,3,Bublik A.,Struff J.L.,10,80,3405,706,6,3,6,4,,,,,,,2,0,Completed,1.36,3.2,,,1.37,3.25,1.35,3.12,1.37,3.55
14,Dubai,Dubai Tennis Championships,2/24/2026,ATP500,Outdoor,Hard,1st Round,3,Griekspoor T.,Virtanen O.,25,131,1655,475,6,3,6,4,,,,,,,2,0,Completed,1.67,2.2,,,1.68,2.3,1.63,2.23,1.71,2.38
14,Dubai,Dubai Tennis Championships,2/24/2026,ATP500,Outdoor,Hard,1st Round,3,Lehecka J.,Nardi L.,24,109,1760,554,4,6,6,4,6,2,,,,,2,1,Completed,1.2,4.5,,,1.24,4.75,1.2,4.3,1.23,5
14,Dubai,Dubai Tennis Championships,2/24/2026,ATP500,Outdoor,Hard,1st Round,3,Humbert U.,Tsitsipas S.,37,30,1285,1535,6,4,7,5,,,,,,,2,0,Completed,1.8,2,,,1.85,2.02,1.81,1.95,1.89,2.1
14,Dubai,Dubai Tennis Championships,2/24/2026,ATP500,Outdoor,Hard,1st Round,3,Popyrin A.,Majchrzak K.,47,56,1050,920,3,6,6,3,7,5,,,,,2,1,Completed,1.73,2.1,,,1.8,2.15,1.73,2.05,1.85,2.16
14,Dubai,Dubai Tennis Championships,2/24/2026,ATP500,Outdoor,Hard,1st Round,3,Mensik J.,Hurkacz H.,13,73,2595,775,6,4,7,6,,,,,,,2,0,Completed,1.67,2.2,,,1.67,2.3,1.63,2.23,1.72,2.36
14,Dubai,Dubai Tennis Championships,2/24/2026,ATP500,Outdoor,Hard,1st Round,3,Rublev A.,Royer V.,18,54,2210,935,6,3,6,4,,,,,,,2,0,Completed,1.2,4.5,,,1.22,4.5,1.2,4.37,1.22,5.3
14,Dubai,Dubai Tennis Championships,2/25/2026,ATP500,Outdoor,Hard,2nd Round,3,Medvedev D.,Wawrinka S.,11,99,2960,599,6,2,6,3,,,,,,,2,0,Completed,1.14,5.5,,,1.15,5.75,1.14,5.43,1.19,6
14,Dubai,Dubai Tennis Championships,2/25/2026,ATP500,Outdoor,Hard,2nd Round,3,Brooksby J.,Khachanov K.,49,16,1042,2450,7,6,6,4,,,,,,,2,0,Completed,2.5,1.53,,,2.55,1.57,2.46,1.53,2.56,1.63
14,Dubai,Dubai Tennis Championships,2/25/2026,ATP500,Outdoor,Hard,2nd Round,3,Auger-Aliassime F.,Mpetshi G.,8,58,4080,905,6,4,6,4,,,,,,,2,0,Completed,1.17,5,,,1.2,5,1.18,4.62,1.24,5.1
14,Dubai,Dubai Tennis Championships,2/25/2026,ATP500,Outdoor,Hard,2nd Round,3,Lehecka J.,Carreno Busta P.,24,124,1760,516,7,6,6,4,,,,,,,2,0,Completed,1.3,3.5,,,1.3,3.75,1.29,3.48,1.31,4.1
14,Dubai,Dubai Tennis Championships,2/25/2026,ATP500,Outdoor,Hard,2nd Round,3,Griekspoor T.,Bublik A.,25,10,1655,3405,6,3,7,6,,,,,,,2,0,Completed,3.4,1.33,,,3.4,1.37,3.19,1.34,3.55,1.38
14,Dubai,Dubai Tennis Championships,2/25/2026,ATP500,Outdoor,Hard,2nd Round,3,Rublev A.,Humbert U.,18,37,2210,1285,6,4,6,7,6,3,,,,,2,1,Completed,1.5,2.63,,,1.54,2.63,1.5,2.53,1.59,2.66
14,Dubai,Dubai Tennis Championships,2/25/2026,ATP500,Outdoor,Hard,2nd Round,3,Mensik J.,Popyrin A.,13,47,2595,1050,6,3,6,2,,,,,,,2,0,Completed,1.33,3.4,,,1.34,3.5,1.32,3.3,1.38,3.55
14,Dubai,Dubai Tennis Championships,2/25/2026,ATP500,Outdoor,Hard,2nd Round,3,Rinderknech A.,Draper J.,31,15,1530,2460,7,5,6,7,6,4,,,,,2,1,Completed,3.75,1.29,,,3.75,1.29,3.71,1.27,4.3,1.29
14,Dubai,Dubai Tennis Championships,2/26/2026,ATP500,Outdoor,Hard,Quarterfinals,3,Medvedev D.,Brooksby J.,11,49,2960,1042,6,2,6,1,,,,,,,2,0,Completed,1.25,4,,,1.26,4.6,1.23,4.06,1.29,4.3
14,Dubai,Dubai Tennis Championships,2/26/2026,ATP500,Outdoor,Hard,Quarterfinals,3,Auger-Aliassime F.,Lehecka J.,8,24,4080,1760,6,3,7,6,,,,,,,2,0,Completed,1.44,2.75,,,1.48,2.8,1.44,2.71,1.49,3
14,Dubai,Dubai Tennis Championships,2/26/2026,ATP500,Outdoor,Hard,Quarterfinals,3,Rublev A.,Rinderknech A.,18,31,2210,1530,6,2,6,4,,,,,,,2,0,Completed,1.29,3.75,,,1.3,3.75,1.28,3.6,1.32,4
14,Dubai,Dubai Tennis Championships,2/26/2026,ATP500,Outdoor,Hard,Quarterfinals,3,Griekspoor T.,Mensik J.,25,13,1655,2595,6,3,3,6,6,2,,,,,2,1,Completed,3.2,1.36,,,3.25,1.38,3.09,1.36,3.3,1.42
14,Dubai,Dubai Tennis Championships,2/27/2026,ATP500,Outdoor,Hard,Semifinals,3,Medvedev D.,Auger-Aliassime F.,11,8,2960,4080,6,4,6,2,,,,,,,2,0,Completed,1.73,2.1,,,1.8,2.2,1.74,2.06,1.8,2.22
14,Dubai,Dubai Tennis Championships,2/27/2026,ATP500,Outdoor,Hard,Semifinals,3,Griekspoor T.,Rublev A.,25,18,1655,2210,7,5,7,6,,,,,,,2,0,Completed,3.4,1.33,,,3.5,1.38,3.2,1.34,3.7,1.36
14,Dubai,Dubai Tennis Championships,2/28/2026,ATP500,Outdoor,Hard,The Final,3,Medvedev D.,Griekspoor T.,11,25,2960,1655,,,,,,,,,,,,,Walkover,1.17,5,,,1.2,5.5,1.17,4.78,1.22,5.3
15,Santiago,Chile Open,2/23/2026,ATP250,Indoor,Clay,1st Round,3,Hanfmann Y.,Lajovic D.,81,116,695,541,6,0,6,3,,,,,,,2,0,Completed,1.57,2.38,,,1.6,2.42,1.56,2.36,1.68,2.46
15,Santiago,Chile Open,2/23/2026,ATP250,Indoor,Clay,1st Round,3,Pellegrino A.,Barrena A.,137,183,447,336,6,2,2,6,6,1,,,,,2,1,Completed,1.8,2,,,1.83,2.04,1.78,1.98,1.91,2.06
15,Santiago,Chile Open,2/23/2026,ATP250,Indoor,Clay,1st Round,3,Comesana F.,Martinez P.,82,101,694,586,6,4,2,6,7,6,,,,,2,1,Completed,1.44,2.75,,,1.54,2.75,1.51,2.51,1.58,2.68
15,Santiago,Chile Open,2/23/2026,ATP250,Indoor,Clay,1st Round,3,Prizmic D.,Jarry N.,120,155,529,391,6,3,5,7,6,2,,,,,2,1,Completed,1.44,2.75,,,1.5,3,1.46,2.68,1.55,2.78
15,Santiago,Chile Open,2/24/2026,ATP250,Indoor,Clay,1st Round,3,Gaubas V.,Soto M.,107,316,558,157,6,2,6,3,,,,,,,2,0,Completed,1.25,4,,,1.28,4.25,1.24,3.88,1.26,4.6
15,Santiago,Chile Open,2/24/2026,ATP250,Indoor,Clay,1st Round,3,Moller E.,Burruchaga R.,127,96,509,617,7,6,0,6,6,4,,,,,2,1,Completed,2.75,1.44,,,3,1.48,2.79,1.42,3.05,1.47
15,Santiago,Chile Open,2/24/2026,ATP250,Indoor,Clay,1st Round,3,Nava E.,Berrettini M.,79,57,710,910,6,3,6,4,,,,,,,2,0,Completed,3.5,1.3,,,3.5,1.33,3.44,1.3,3.85,1.35
15,Santiago,Chile Open,2/24/2026,ATP250,Indoor,Clay,1st Round,3,Navone M.,Kopriva V.,77,65,725,848,3,6,6,0,3,1,,,,,1,1,Retired,1.53,2.5,,,1.57,2.5,1.54,2.41,1.59,2.66
15,Santiago,Chile Open,2/24/2026,ATP250,Indoor,Clay,1st Round,3,Tirante T.A.,Buse I.,76,66,739,848,2,6,7,6,7,6,,,,,2,1,Completed,1.62,2.3,,,1.65,2.35,1.6,2.27,1.69,2.42
15,Santiago,Chile Open,2/24/2026,ATP250,Indoor,Clay,1st Round,3,Garin C.,Cerundolo J.M.,93,70,656,781,3,6,6,3,6,3,,,,,2,1,Completed,2.3,1.62,,,2.4,1.62,2.31,1.59,2.46,1.67
15,Santiago,Chile Open,2/24/2026,ATP250,Indoor,Clay,1st Round,3,Vallejo D.,Passaro F.,106,144,561,431,6,3,3,3,,,,,,,1,0,Retired,1.57,2.38,,,1.62,2.4,1.6,2.28,1.67,2.48
15,Santiago,Chile Open,2/25/2026,ATP250,Indoor,Clay,1st Round,3,Tabilo A.,Barrios M.,42,112,1113,551,7,5,6,3,,,,,,,2,0,Completed,1.57,2.38,,,1.65,2.4,1.59,2.32,1.69,2.42
15,Santiago,Chile Open,2/25/2026,ATP250,Indoor,Clay,2nd Round,3,Hanfmann Y.,Ugo Carabelli C.,81,59,695,880,6,4,6,3,,,,,,,2,0,Completed,1.57,2.38,,,1.6,2.4,1.56,2.34,1.6,2.6
15,Santiago,Chile Open,2/25/2026,ATP250,Indoor,Clay,2nd Round,3,Pellegrino A.,Comesana F.,137,82,447,694,7,6,6,7,6,3,,,,,2,1,Completed,3,1.4,,,3,1.42,2.84,1.4,3.25,1.44
15,Santiago,Chile Open,2/25/2026,ATP250,Indoor,Clay,2nd Round,3,Gaubas V.,Prizmic D.,107,120,558,529,5,7,7,5,6,3,,,,,2,1,Completed,3.2,1.36,,,3.2,1.38,3.03,1.36,3.4,1.41
15,Santiago,Chile Open,2/25/2026,ATP250,Indoor,Clay,2nd Round,3,Darderi L.,Navone M.,21,77,1904,725,6,3,3,6,6,4,,,,,2,1,Completed,1.4,3,,,1.44,3,1.41,2.82,1.47,3.05
15,Santiago,Chile Open,2/26/2026,ATP250,Indoor,Clay,2nd Round,3,Nava E.,Vallejo D.,79,106,710,561,7,5,6,3,,,,,,,2,0,Completed,2.2,1.67,,,2.3,1.67,2.23,1.63,2.66,1.59
15,Santiago,Chile Open,2/26/2026,ATP250,Indoor,Clay,2nd Round,3,Cerundolo F.,Moller E.,19,127,2170,509,6,2,6,2,,,,,,,2,0,Completed,1.14,5.5,,,1.16,5.5,1.15,5.17,1.18,6.2
15,Santiago,Chile Open,2/26/2026,ATP250,Indoor,Clay,2nd Round,3,Baez S.,Garin C.,52,93,1005,656,7,6,1,6,7,5,,,,,2,1,Completed,1.4,3,,,1.41,3,1.39,2.94,1.42,3.3
15,Santiago,Chile Open,2/27/2026,ATP250,Indoor,Clay,2nd Round,3,Tabilo A.,Tirante T.A.,42,76,1113,739,4,6,6,3,6,3,,,,,2,1,Completed,1.36,3.2,,,1.41,4,1.37,3.03,1.4,3.4
15,Santiago,Chile Open,2/27/2026,ATP250,Indoor,Clay,Quarterfinals,3,Hanfmann Y.,Gaubas V.,81,107,695,558,3,6,6,2,6,2,,,,,2,1,Completed,1.3,3.5,,,1.36,3.5,1.32,3.27,1.37,3.6
15,Santiago,Chile Open,2/27/2026,ATP250,Indoor,Clay,Quarterfinals,3,Cerundolo F.,Nava E.,19,79,2170,710,6,1,6,1,,,,,,,2,0,Completed,1.17,5,,,1.2,5,1.18,4.67,1.21,5.5
15,Santiago,Chile Open,2/27/2026,ATP250,Indoor,Clay,Quarterfinals,3,Darderi L.,Pellegrino A.,21,137,1904,447,6,3,3,6,6,2,,,,,2,1,Completed,1.13,6,,,1.14,6,1.13,5.52,1.15,7.2
15,Santiago,Chile Open,2/28/2026,ATP250,Indoor,Clay,Quarterfinals,3,Baez S.,Tabilo A.,52,42,1005,1113,7,6,6,1,,,,,,,2,0,Completed,1.8,2,,,1.9,2.02,1.79,1.97,1.9,2.06
15,Santiago,Chile Open,2/28/2026,ATP250,Indoor,Clay,Semifinals,3,Hanfmann Y.,Cerundolo F.,81,19,695,2170,6,3,6,4,,,,,,,2,0,Completed,4.5,1.2,,,4.5,1.25,4.2,1.22,4.6,1.27
15,Santiago,Chile Open,2/28/2026,ATP250,Indoor,Clay,Semifinals,3,Darderi L.,Baez S.,21,52,1904,1005,6,4,6,3,,,,,,,2,0,Completed,1.57,2.38,,,1.6,2.4,1.57,2.34,1.63,2.54
15,Santiago,Chile Open,3/1/2026,ATP250,Indoor,Clay,The Final,3,Darderi L.,Hanfmann Y.,21,81,1904,695,7,6,7,5,,,,,,,2,0,Completed,1.44,2.75,,,1.5,2.8,1.44,2.69,1.5,2.96
16,Indian Wells,BNP Paribas Open,3/4/2026,Masters 1000,Outdoor,Hard,1st Round,3,Walton A.,Halys Q.,91,102,650,600,6,3,6,3,,,,,,,2,0,Completed,2.63,1.5,,,2.63,1.52,2.55,1.5,2.72,1.58
16,Indian Wells,BNP Paribas Open,3/4/2026,Masters 1000,Outdoor,Hard,1st Round,3,Giron M.,Navone M.,69,79,780,725,4,6,7,5,6,3,,,,,2,1,Completed,1.33,3.4,,,1.38,3.4,1.35,3.14,1.38,3.55
16,Indian Wells,BNP Paribas Open,3/4/2026,Masters 1000,Outdoor,Hard,1st Round,3,Ugo Carabelli C.,Damm M.,67,129,790,477,7,6,6,3,,,,,,,2,0,Completed,2.5,1.53,,,2.6,1.54,2.49,1.51,2.8,1.54
16,Indian Wells,BNP Paribas Open,3/4/2026,Masters 1000,Outdoor,Hard,1st Round,3,Kecmanovic M.,Altmaier D.,58,55,875,921,6,3,1,0,,,,,,,1,0,Retired,1.2,4.5,,,1.24,4.6,1.22,4.18,1.25,4.8
16,Indian Wells,BNP Paribas Open,3/4/2026,Masters 1000,Outdoor,Hard,1st Round,3,Bergs Z.,Struff J.L.,47,313,1030,209,6,3,6,4,,,,,,,2,0,Completed,1.73,2.1,,,1.75,2.1,1.73,2.07,1.83,2.16
16,Indian Wells,BNP Paribas Open,3/4/2026,Masters 1000,Outdoor,Hard,1st Round,3,Opelka R.,Quinn E.,68,73,786,761,7,5,7,6,,,,,,,2,0,Completed,2.2,1.67,,,2.2,1.74,2.12,1.69,2.18,1.83
16,Indian Wells,BNP Paribas Open,3/4/2026,Masters 1000,Outdoor,Hard,1st Round,3,Diallo G.,Bellucci M.,38,94,1175,640,7,6,6,4,,,,,,,2,0,Completed,1.8,2,,,1.81,2.1,1.76,2.01,1.88,2.1
16,Indian Wells,BNP Paribas Open,3/4/2026,Masters 1000,Outdoor,Hard,1st Round,3,Svrcina D.,Duckworth J.,109,83,569,691,6,2,6,4,,,,,,,2,0,Completed,1.4,3,,,1.45,3,1.39,2.92,1.46,3.1
16,Indian Wells,BNP Paribas Open,3/4/2026,Masters 1000,Outdoor,Hard,1st Round,3,Fucsovics M.,O Connell C.,56,127,916,493,7,5,6,3,,,,,,,2,0,Completed,1.73,2.1,,,1.76,2.24,1.73,2.06,1.81,2.2
16,Indian Wells,BNP Paribas Open,3/4/2026,Masters 1000,Outdoor,Hard,1st Round,3,Berrettini M.,Mannarino A.,66,48,820,1025,4,6,7,5,7,5,,,,,2,1,Completed,1.44,2.75,,,1.45,2.88,1.43,2.73,1.48,3
16,Indian Wells,BNP Paribas Open,3/5/2026,Masters 1000,Outdoor,Hard,1st Round,3,Prizmic D.,Schoolkate T.,119,118,541,547,7,6,3,6,7,5,,,,,2,1,Completed,1.29,3.75,,,1.33,3.75,1.3,3.43,1.33,3.9
16,Indian Wells,BNP Paribas Open,3/5/2026,Masters 1000,Outdoor,Hard,1st Round,3,Brooksby J.,Popyrin A.,41,45,1135,1050,6,3,6,4,,,,,,,2,0,Completed,1.67,2.2,,,1.73,2.25,1.68,2.15,1.78,2.26
16,Indian Wells,BNP Paribas Open,3/5/2026,Masters 1000,Outdoor,Hard,1st Round,3,Monfils G.,Galarneau A.,148,219,410,265,6,3,6,4,,,,,,,2,0,Completed,1.62,2.3,,,1.62,2.4,1.58,2.31,1.64,2.52
16,Indian Wells,BNP Paribas Open,3/5/2026,Masters 1000,Outdoor,Hard,1st Round,3,Svajda Z.,Cilic M.,99,51,614,990,7,6,6,4,,,,,,,2,0,Completed,2.3,1.62,,,2.3,1.75,2.15,1.68,2.28,1.76
16,Indian Wells,BNP Paribas Open,3/5/2026,Masters 1000,Outdoor,Hard,1st Round,3,Fonseca J.,Collignon R.,35,77,1240,733,7,6,6,4,,,,,,,2,0,Completed,1.73,2.1,,,1.75,2.25,1.69,2.14,1.71,2.34
16,Indian Wells,BNP Paribas Open,3/5/2026,Masters 1000,Outdoor,Hard,1st Round,3,Shapovalov D.,Tsitsipas S.,39,43,1160,1085,6,2,3,6,6,4,,,,,2,1,Completed,2.1,1.73,,,2.1,1.76,2.09,1.72,2.36,1.72
16,Indian Wells,BNP Paribas Open,3/5/2026,Masters 1000,Outdoor,Hard,1st Round,3,Dimitrov G.,Atmane T.,42,52,1105,958,6,4,5,7,6,4,,,,,2,1,Completed,1.62,2.3,,,1.64,2.3,1.62,2.24,1.68,2.44
16,Indian Wells,BNP Paribas Open,3/5/2026,Masters 1000,Outdoor,Hard,1st Round,3,Majchrzak K.,Mpetshi G.,57,54,895,930,6,3,1,6,7,5,,,,,2,1,Completed,1.62,2.3,,,1.67,2.3,1.65,2.2,1.78,2.26
16,Indian Wells,BNP Paribas Open,3/5/2026,Masters 1000,Outdoor,Hard,1st Round,3,Shevchenko A.,Shimabukuro S.,88,113,659,554,6,4,3,6,6,2,,,,,2,1,Completed,2.3,1.62,,,2.3,1.67,2.24,1.62,2.36,1.73
16,Indian Wells,BNP Paribas Open,3/5/2026,Masters 1000,Outdoor,Hard,1st Round,3,Kovacevic A.,Hurkacz H.,72,71,771,775,7,6,7,6,,,,,,,2,0,Completed,3,1.4,,,3,1.44,2.89,1.4,3.1,1.45
16,Indian Wells,BNP Paribas Open,3/5/2026,Masters 1000,Outdoor,Hard,1st Round,3,Fearnley J.,Dzumhur D.,87,64,662,840,6,3,6,3,,,,,,,2,0,Completed,1.73,2.1,,,1.75,2.2,1.71,2.1,1.82,2.2
16,Indian Wells,BNP Paribas Open,3/5/2026,Masters 1000,Outdoor,Hard,1st Round,3,Baez S.,Tseng C.H.,53,144,940,414,6,3,6,2,,,,,,,2,0,Completed,1.36,3.2,,,1.36,3.5,1.32,3.3,1.4,3.4
16,Indian Wells,BNP Paribas Open,3/5/2026,Masters 1000,Outdoor,Hard,1st Round,3,Bonzi B.,Royer V.,111,60,564,872,6,4,6,3,,,,,,,2,0,Completed,1.91,1.91,,,1.91,1.98,1.83,1.93,1.92,2.06
16,Indian Wells,BNP Paribas Open,3/5/2026,Masters 1000,Outdoor,Hard,1st Round,3,Bautista Agut R.,Marozsan F.,93,46,645,1040,6,4,6,7,6,4,,,,,2,1,Completed,3.75,1.29,,,4.75,1.29,3.83,1.26,4,1.32
16,Indian Wells,BNP Paribas Open,3/5/2026,Masters 1000,Outdoor,Hard,1st Round,3,Michelsen A.,Merida Aguilar D.,44,139,1085,432,6,3,6,4,,,,,,,2,0,Completed,1.29,3.75,,,1.33,3.75,1.31,3.34,1.38,3.6
16,Indian Wells,BNP Paribas Open,3/6/2026,Masters 1000,Outdoor,Hard,1st Round,3,Cerundolo J.M.,Van De Zandschulp B.,70,59,778,873,7,6,6,7,6,3,,,,,2,1,Completed,3,1.4,,,3.05,1.42,2.95,1.39,3.1,1.46
16,Indian Wells,BNP Paribas Open,3/6/2026,Masters 1000,Outdoor,Hard,1st Round,3,Tabilo A.,Jodar R.,40,103,1138,594,6,1,6,2,,,,,,,2,0,Completed,2.3,1.62,,,2.31,1.64,2.26,1.6,2.44,1.69
16,Indian Wells,BNP Paribas Open,3/6/2026,Masters 1000,Outdoor,Hard,1st Round,3,Borges N.,Nava E.,49,75,1020,753,7,6,7,5,,,,,,,2,0,Completed,1.57,2.38,,,1.6,2.43,1.57,2.33,1.68,2.44
16,Indian Wells,BNP Paribas Open,3/6/2026,Masters 1000,Outdoor,Hard,1st Round,3,Hijikata R.,Maestrelli F.,117,114,547,553,7,6,6,4,,,,,,,2,0,Completed,1.67,2.2,,,1.73,2.2,1.69,2.13,1.73,2.34
16,Indian Wells,BNP Paribas Open,3/6/2026,Masters 1000,Outdoor,Hard,1st Round,3,Korda S.,Comesana F.,37,82,1220,694,7,5,6,0,,,,,,,2,0,Completed,1.14,5.5,,,1.18,5.5,1.16,5.01,1.19,6
16,Indian Wells,BNP Paribas Open,3/6/2026,Masters 1000,Outdoor,Hard,1st Round,3,McDonald M.,Arnaldi M.,126,85,498,665,6,0,6,1,,,,,,,2,0,Completed,1.67,2.2,,,1.67,2.32,1.6,2.27,1.68,2.44
16,Indian Wells,BNP Paribas Open,3/6/2026,Masters 1000,Outdoor,Hard,1st Round,3,Kopriva V.,Zheng M.,62,145,848,414,7,6,7,5,,,,,,,2,0,Completed,2.1,1.73,,,2.17,1.8,2.09,1.71,2.16,1.83
16,Indian Wells,BNP Paribas Open,3/6/2026,Masters 1000,Outdoor,Hard,2nd Round,3,Cobolli F.,Kecmanovic M.,15,58,2480,875,3,6,6,3,6,4,,,,,2,1,Completed,2,1.8,,,2.05,1.8,2,1.77,2.16,1.84
16,Indian Wells,BNP Paribas Open,3/6/2026,Masters 1000,Outdoor,Hard,2nd Round,3,Tien L.,Walton A.,27,91,1685,650,7,6,7,6,,,,,,,2,0,Completed,1.17,5,,,1.17,5.5,1.16,5.04,1.19,5.9
16,Indian Wells,BNP Paribas Open,3/6/2026,Masters 1000,Outdoor,Hard,2nd Round,3,Zverev A.,Berrettini M.,4,66,4555,820,6,3,6,4,,,,,,,2,0,Completed,1.2,4.5,,,1.24,4.5,1.21,4.2,1.27,4.5
16,Indian Wells,BNP Paribas Open,3/6/2026,Masters 1000,Outdoor,Hard,2nd Round,3,Shelton B.,Opelka R.,8,68,4010,786,6,7,7,6,6,3,,,,,2,1,Completed,1.29,3.75,,,1.29,4.25,1.26,3.8,1.29,4.4
16,Indian Wells,BNP Paribas Open,3/6/2026,Masters 1000,Outdoor,Hard,2nd Round,3,Fucsovics M.,Musetti L.,56,5,916,4405,7,5,6,1,,,,,,,2,0,Completed,3.5,1.3,,,3.5,1.33,3.38,1.31,3.85,1.34
16,Indian Wells,BNP Paribas Open,3/6/2026,Masters 1000,Outdoor,Hard,2nd Round,3,Fils A.,Prizmic D.,32,119,1440,541,6,2,3,2,,,,,,,1,0,Retired,1.4,3,,,1.44,3,1.4,2.9,1.49,3
16,Indian Wells,BNP Paribas Open,3/6/2026,Masters 1000,Outdoor,Hard,2nd Round,3,Nakashima B.,Ugo Carabelli C.,30,67,1535,790,6,3,6,4,,,,,,,2,0,Completed,1.17,5,,,1.21,5,1.18,4.6,1.23,5.3
16,Indian Wells,BNP Paribas Open,3/6/2026,Masters 1000,Outdoor,Hard,2nd Round,3,Auger-Aliassime F.,Monfils G.,9,148,3950,410,6,7,6,3,6,4,,,,,2,1,Completed,1.17,5,,,1.2,5.25,1.18,4.71,1.22,5.3
16,Indian Wells,BNP Paribas Open,3/6/2026,Masters 1000,Outdoor,Hard,2nd Round,3,Tiafoe F.,Brooksby J.,22,41,1870,1135,6,4,6,2,,,,,,,2,0,Completed,1.91,1.91,,,1.95,1.94,1.88,1.87,2,1.99
16,Indian Wells,BNP Paribas Open,3/7/2026,Masters 1000,Outdoor,Hard,2nd Round,3,Shapovalov D.,Etcheverry T.,39,31,1160,1445,6,3,2,6,7,6,,,,,2,1,Completed,1.5,2.63,,,1.53,2.75,1.48,2.6,1.55,2.78
16,Indian Wells,BNP Paribas Open,3/7/2026,Masters 1000,Outdoor,Hard,2nd Round,3,Sinner J.,Svrcina D.,2,109,10400,569,6,1,6,1,,,,,,,2,0,Completed,1.01,26,,,1.02,26,1.01,16.55,1.02,30
16,Indian Wells,BNP Paribas Open,3/7/2026,Masters 1000,Outdoor,Hard,2nd Round,3,Davidovich Fokina A.,Svajda Z.,19,99,2190,614,7,6,6,2,,,,,,,2,0,Completed,1.57,2.38,,,1.6,2.43,1.58,2.32,1.69,2.42
16,Indian Wells,BNP Paribas Open,3/7/2026,Masters 1000,Outdoor,Hard,2nd Round,3,Paul T.,Bergs Z.,24,47,1815,1030,6,1,6,2,,,,,,,2,0,Completed,1.2,4.5,,,1.24,4.5,1.21,4.25,1.26,4.5
16,Indian Wells,BNP Paribas Open,3/7/2026,Masters 1000,Outdoor,Hard,2nd Round,3,Mensik J.,Giron M.,12,69,2650,780,7,5,7,6,,,,,,,2,0,Completed,1.33,3.4,,,1.38,3.4,1.35,3.15,1.39,3.45
16,Indian Wells,BNP Paribas Open,3/7/2026,Masters 1000,Outdoor,Hard,2nd Round,3,Ruud C.,Shevchenko A.,13,88,2625,659,6,1,7,6,,,,,,,2,0,Completed,1.17,5,,,1.18,5.25,1.16,4.91,1.2,5.5
16,Indian Wells,BNP Paribas Open,3/7/2026,Masters 1000,Outdoor,Hard,2nd Round,3,Draper J.,Bautista Agut R.,14,93,2510,645,3,6,6,3,6,2,,,,,2,1,Completed,1.13,6,,,1.13,6.25,1.13,5.75,1.16,6.8
16,Indian Wells,BNP Paribas Open,3/7/2026,Masters 1000,Outdoor,Hard,2nd Round,3,Kovacevic A.,Moutet C.,72,33,771,1383,6,1,6,4,,,,,,,2,0,Completed,2.2,1.67,,,2.28,1.7,2.22,1.64,2.4,1.7
16,Indian Wells,BNP Paribas Open,3/7/2026,Masters 1000,Outdoor,Hard,2nd Round,3,Cerundolo F.,Bonzi B.,20,111,2170,564,6,4,5,7,7,6,,,,,2,1,Completed,1.4,3,,,1.44,3.3,1.36,3.1,1.39,3.5
16,Indian Wells,BNP Paribas Open,3/7/2026,Masters 1000,Outdoor,Hard,2nd Round,3,Fonseca J.,Khachanov K.,35,16,1240,2450,4,6,7,6,6,4,,,,,2,1,Completed,1.67,2.2,,,1.72,2.25,1.67,2.17,1.74,2.3
16,Indian Wells,BNP Paribas Open,3/7/2026,Masters 1000,Outdoor,Hard,2nd Round,3,Diallo G.,Rublev A.,38,17,1175,2400,6,7,7,6,6,3,,,,,2,1,Completed,3.5,1.3,,,3.5,1.35,3.32,1.32,3.75,1.35
16,Indian Wells,BNP Paribas Open,3/7/2026,Masters 1000,Outdoor,Hard,2nd Round,3,Djokovic N.,Majchrzak K.,3,57,5280,895,4,6,6,1,6,2,,,,,2,1,Completed,1.1,7,,,1.12,7.5,1.1,6.75,1.13,8.4
16,Indian Wells,BNP Paribas Open,3/7/2026,Masters 1000,Outdoor,Hard,2nd Round,3,Vacherot V.,Borges N.,26,49,1691,1020,7,5,7,5,,,,,,,2,0,Completed,1.62,2.3,,,1.67,2.3,1.63,2.23,1.73,2.32
16,Indian Wells,BNP Paribas Open,3/7/2026,Masters 1000,Outdoor,Hard,2nd Round,3,Rinderknech A.,Cerundolo J.M.,28,70,1617,778,,,,,,,,,,,,,Walkover,1.5,2.63,,,1.5,2.75,1.45,2.68,1.52,2.88
16,Indian Wells,BNP Paribas Open,3/7/2026,Masters 1000,Outdoor,Hard,2nd Round,3,De Minaur A.,Korda S.,6,37,4235,1220,4,6,6,4,6,4,,,,,2,1,Completed,1.5,2.63,,,1.55,2.63,1.52,2.48,1.63,2.54
16,Indian Wells,BNP Paribas Open,3/7/2026,Masters 1000,Outdoor,Hard,2nd Round,3,Hijikata R.,Darderi L.,117,21,547,2104,4,6,6,2,6,4,,,,,2,1,Completed,2.75,1.44,,,3,1.47,2.77,1.42,3.1,1.45
16,Indian Wells,BNP Paribas Open,3/8/2026,Masters 1000,Outdoor,Hard,2nd Round,3,Norrie C.,McDonald M.,29,126,1603,498,6,2,6,3,,,,,,,2,0,Completed,1.53,2.5,,,1.6,2.5,1.56,2.37,1.67,2.46
16,Indian Wells,BNP Paribas Open,3/8/2026,Masters 1000,Outdoor,Hard,2nd Round,3,Alcaraz C.,Dimitrov G.,1,42,13550,1105,6,2,6,3,,,,,,,2,0,Completed,1.04,13,,,1.04,15,1.03,12.05,1.06,14
16,Indian Wells,BNP Paribas Open,3/8/2026,Masters 1000,Outdoor,Hard,2nd Round,3,Fritz T.,Fearnley J.,7,87,4220,662,6,3,6,7,6,1,,,,,2,1,Completed,1.2,4.5,,,1.2,4.75,1.19,4.53,1.21,5.7
16,Indian Wells,BNP Paribas Open,3/8/2026,Masters 1000,Outdoor,Hard,2nd Round,3,Baez S.,Lehecka J.,53,23,940,1850,6,4,6,1,,,,,,,2,0,Completed,2.75,1.44,,,3.15,1.44,2.84,1.41,3,1.49
16,Indian Wells,BNP Paribas Open,3/8/2026,Masters 1000,Outdoor,Hard,2nd Round,3,Bublik A.,Kopriva V.,10,62,3405,848,3,6,7,6,6,2,,,,,2,1,Completed,1.2,4.5,,,1.26,4.5,1.23,4.08,1.24,5
16,Indian Wells,BNP Paribas Open,3/8/2026,Masters 1000,Outdoor,Hard,2nd Round,3,Michelsen A.,Humbert U.,44,34,1085,1285,7,5,6,7,7,6,,,,,2,1,Completed,1.91,1.91,,,1.91,2,1.83,1.94,1.89,2.1
16,Indian Wells,BNP Paribas Open,3/8/2026,Masters 1000,Outdoor,Hard,2nd Round,3,Medvedev D.,Tabilo A.,11,40,3360,1138,6,4,6,2,,,,,,,2,0,Completed,1.25,4,,,1.26,4,1.25,3.83,1.27,4.5
16,Indian Wells,BNP Paribas Open,3/8/2026,Masters 1000,Outdoor,Hard,3rd Round,3,Zverev A.,Nakashima B.,4,30,4555,1535,7,6,5,7,6,4,,,,,2,1,Completed,1.25,4,,,1.27,4,1.25,3.84,1.29,4.3
16,Indian Wells,BNP Paribas Open,3/8/2026,Masters 1000,Outdoor,Hard,3rd Round,3,Tien L.,Shelton B.,27,8,1685,4010,7,6,4,6,6,3,,,,,2,1,Completed,2.2,1.67,,,2.3,1.68,2.22,1.63,2.34,1.73
16,Indian Wells,BNP Paribas Open,3/8/2026,Masters 1000,Outdoor,Hard,3rd Round,3,Davidovich Fokina A.,Mensik J.,19,12,2190,2650,6,2,4,6,6,2,,,,,2,1,Completed,2.2,1.67,,,2.25,1.67,2.19,1.65,2.38,1.71
16,Indian Wells,BNP Paribas Open,3/8/2026,Masters 1000,Outdoor,Hard,3rd Round,3,Sinner J.,Shapovalov D.,2,39,10400,1160,6,3,6,2,,,,,,,2,0,Completed,1.04,13,,,1.04,14,1.03,11.16,1.06,16.5
16,Indian Wells,BNP Paribas Open,3/8/2026,Masters 1000,Outdoor,Hard,3rd Round,3,Fils A.,Fucsovics M.,32,56,1440,916,6,3,7,5,,,,,,,2,0,Completed,1.36,3.2,,,1.4,3.2,1.37,3.03,1.43,3.25
16,Indian Wells,BNP Paribas Open,3/9/2026,Masters 1000,Outdoor,Hard,3rd Round,3,Tiafoe F.,Cobolli F.,22,15,1870,2480,6,1,6,2,,,,,,,2,0,Completed,1.73,2.1,,,1.74,2.14,1.71,2.1,1.83,2.18
16,Indian Wells,BNP Paribas Open,3/9/2026,Masters 1000,Outdoor,Hard,3rd Round,3,Auger-Aliassime F.,Diallo G.,9,38,3950,1175,6,7,6,3,6,3,,,,,2,1,Completed,1.22,4.33,,,1.27,4.33,1.23,3.98,1.27,4.6
16,Indian Wells,BNP Paribas Open,3/9/2026,Masters 1000,Outdoor,Hard,3rd Round,3,Fonseca J.,Paul T.,35,24,1240,1815,6,2,6,3,,,,,,,2,0,Completed,2.75,1.44,,,2.75,1.45,2.74,1.42,3.05,1.47
16,Indian Wells,BNP Paribas Open,3/9/2026,Masters 1000,Outdoor,Hard,3rd Round,3,Djokovic N.,Kovacevic A.,3,72,5280,771,6,4,1,6,6,4,,,,,2,1,Completed,1.13,6,,,1.13,7,1.11,6.43,1.13,8.6
16,Indian Wells,BNP Paribas Open,3/9/2026,Masters 1000,Outdoor,Hard,3rd Round,3,Norrie C.,De Minaur A.,29,6,1603,4235,6,4,6,4,,,,,,,2,0,Completed,4.5,1.2,,,5.25,1.21,4.48,1.19,5.2,1.23
16,Indian Wells,BNP Paribas Open,3/9/2026,Masters 1000,Outdoor,Hard,3rd Round,3,Hijikata R.,Bublik A.,117,10,547,3405,6,7,7,6,6,3,,,,,2,1,Completed,4.5,1.2,,,4.5,1.22,4.31,1.21,5,1.23
16,Indian Wells,BNP Paribas Open,3/9/2026,Masters 1000,Outdoor,Hard,3rd Round,3,Draper J.,Cerundolo F.,14,20,2510,2170,6,1,7,5,,,,,,,2,0,Completed,1.5,2.63,,,1.55,2.75,1.52,2.5,1.57,2.7
16,Indian Wells,BNP Paribas Open,3/9/2026,Masters 1000,Outdoor,Hard,3rd Round,3,Michelsen A.,Fritz T.,44,7,1085,4220,6,4,7,6,,,,,,,2,0,Completed,3.2,1.36,,,3.2,1.38,3.05,1.36,3.4,1.41
16,Indian Wells,BNP Paribas Open,3/9/2026,Masters 1000,Outdoor,Hard,3rd Round,3,Ruud C.,Vacherot V.,13,26,2625,1691,3,6,6,3,6,4,,,,,2,1,Completed,1.57,2.38,,,1.58,2.55,1.55,2.41,1.64,2.52
16,Indian Wells,BNP Paribas Open,3/10/2026,Masters 1000,Outdoor,Hard,3rd Round,3,Alcaraz C.,Rinderknech A.,1,28,13550,1617,6,7,6,3,6,2,,,,,2,1,Completed,1.02,17,,,1.03,18,1.03,13.07,1.03,26
16,Indian Wells,BNP Paribas Open,3/10/2026,Masters 1000,Outdoor,Hard,3rd Round,3,Medvedev D.,Baez S.,11,53,3360,940,6,4,6,0,,,,,,,2,0,Completed,1.14,5.5,,,1.16,6,1.14,5.41,1.16,7
16,Indian Wells,BNP Paribas Open,3/10/2026,Masters 1000,Outdoor,Hard,4th Round,3,Fils A.,Auger-Aliassime F.,32,9,1440,3950,6,3,7,6,,,,,,,2,0,Completed,2.2,1.67,,,2.25,1.71,2.17,1.67,2.32,1.74
16,Indian Wells,BNP Paribas Open,3/10/2026,Masters 1000,Outdoor,Hard,4th Round,3,Zverev A.,Tiafoe F.,4,22,4555,1870,6,3,6,4,,,,,,,2,0,Completed,1.33,3.4,,,1.36,3.4,1.34,3.23,1.35,3.75
16,Indian Wells,BNP Paribas Open,3/10/2026,Masters 1000,Outdoor,Hard,4th Round,3,Tien L.,Davidovich Fokina A.,27,19,1685,2190,4,6,6,1,7,6,,,,,2,1,Completed,1.67,2.2,,,1.71,2.2,1.67,2.15,1.77,2.28
16,Indian Wells,BNP Paribas Open,3/11/2026,Masters 1000,Outdoor,Hard,4th Round,3,Sinner J.,Fonseca J.,2,35,10400,1240,7,6,7,6,,,,,,,2,0,Completed,1.07,9,,,1.08,9,1.07,8.09,1.1,10.5
16,Indian Wells,BNP Paribas Open,3/11/2026,Masters 1000,Outdoor,Hard,4th Round,3,Norrie C.,Hijikata R.,29,117,1603,547,6,4,6,2,,,,,,,2,0,Completed,1.3,3.5,,,1.32,3.5,1.3,3.42,1.36,3.7
16,Indian Wells,BNP Paribas Open,3/11/2026,Masters 1000,Outdoor,Hard,4th Round,3,Medvedev D.,Michelsen A.,11,44,3360,1085,6,2,6,4,,,,,,,2,0,Completed,1.25,4,,,1.3,4.25,1.26,3.75,1.3,4.3
16,Indian Wells,BNP Paribas Open,3/11/2026,Masters 1000,Outdoor,Hard,4th Round,3,Alcaraz C.,Ruud C.,1,13,13550,2625,6,1,7,6,,,,,,,2,0,Completed,1.06,10,,,1.08,10,1.07,8.11,1.08,12.5
16,Indian Wells,BNP Paribas Open,3/12/2026,Masters 1000,Outdoor,Hard,4th Round,3,Draper J.,Djokovic N.,14,3,2510,5280,4,6,6,4,7,6,,,,,2,1,Completed,2.2,1.67,,,2.25,1.71,2.2,1.65,2.42,1.7
16,Indian Wells,BNP Paribas Open,3/12/2026,Masters 1000,Outdoor,Hard,Quarterfinals,3,Zverev A.,Fils A.,4,32,4555,1440,6,2,6,3,,,,,,,2,0,Completed,1.57,2.38,,,1.6,2.5,1.56,2.39,1.65,2.5
16,Indian Wells,BNP Paribas Open,3/12/2026,Masters 1000,Outdoor,Hard,Quarterfinals,3,Sinner J.,Tien L.,2,27,10400,1685,6,1,6,2,,,,,,,2,0,Completed,1.07,9,,,1.08,10,1.07,8.61,1.11,10
16,Indian Wells,BNP Paribas Open,3/13/2026,Masters 1000,Outdoor,Hard,Quarterfinals,3,Medvedev D.,Draper J.,11,14,3360,2510,6,1,7,5,,,,,,,2,0,Completed,1.53,2.5,,,1.6,2.55,1.53,2.45,1.66,2.5
16,Indian Wells,BNP Paribas Open,3/13/2026,Masters 1000,Outdoor,Hard,Quarterfinals,3,Alcaraz C.,Norrie C.,1,29,13550,1603,6,3,6,4,,,,,,,2,0,Completed,1.05,11,,,1.05,13,1.04,10.54,1.06,16
16,Indian Wells,BNP Paribas Open,3/14/2026,Masters 1000,Outdoor,Hard,Semifinals,3,Sinner J.,Zverev A.,2,4,10400,4555,6,2,6,4,,,,,,,2,0,Completed,1.17,5,,,1.18,5.4,1.17,4.91,1.2,5.7
16,Indian Wells,BNP Paribas Open,3/14/2026,Masters 1000,Outdoor,Hard,Semifinals,3,Medvedev D.,Alcaraz C.,11,1,3360,13550,6,3,7,6,,,,,,,2,0,Completed,5,1.17,,,5.1,1.2,4.84,1.17,5.5,1.21
16,Indian Wells,BNP Paribas Open,3/15/2026,Masters 1000,Outdoor,Hard,The Final,3,Sinner J.,Medvedev D.,2,11,10400,3360,7,6,7,6,,,,,,,2,0,Completed,1.22,4.33,,,1.3,4.33,1.25,3.9,1.25,4.8
17,Miami,Miami Open,3/19/2026,Masters 1000,Outdoor,Hard,1st Round,3,Navone M.,Basilashvili N.,61,134,855,463,7,6,6,3,,,,,,,2,0,Completed,1.91,1.91,,,1.91,1.97,1.86,1.9,2.06,1.93
17,Miami,Miami Open,3/19/2026,Masters 1000,Outdoor,Hard,1st Round,3,Bautista Agut R.,Duckworth J.,89,80,668,694,7,6,7,6,,,,,,,2,0,Completed,1.62,2.3,,,1.63,2.31,1.61,2.26,1.68,2.42
17,Miami,Miami Open,3/19/2026,Masters 1000,Outdoor,Hard,1st Round,3,Jodar R.,Hanfmann Y.,109,64,588,835,6,4,4,6,6,1,,,,,2,1,Completed,1.67,2.2,,,1.67,2.3,1.63,2.22,1.73,2.34
17,Miami,Miami Open,3/19/2026,Masters 1000,Outdoor,Hard,1st Round,3,Kouame M.,Svajda Z.,385,96,122,644,5,7,6,4,6,4,,,,,2,1,Completed,4.5,1.2,,,4.6,1.21,4.38,1.2,5.1,1.23
17,Miami,Miami Open,3/19/2026,Masters 1000,Outdoor,Hard,1st Round,3,Bergs Z.,Brooksby J.,45,42,1030,1115,7,5,6,2,,,,,,,2,0,Completed,2.38,1.57,,,2.5,1.58,2.4,1.55,2.62,1.6
17,Miami,Miami Open,3/19/2026,Masters 1000,Outdoor,Hard,1st Round,3,Mannarino A.,Zhang Zh.,43,270,1060,195,6,3,6,2,,,,,,,2,0,Completed,1.91,1.91,,,1.92,1.94,1.87,1.88,1.96,2.02
17,Miami,Miami Open,3/19/2026,Masters 1000,Outdoor,Hard,1st Round,3,Blanch Dar.,Struff J.L.,272,316,193,209,6,3,3,6,6,3,,,,,2,1,Completed,2.5,1.53,,,2.55,1.55,2.49,1.52,2.68,1.58
17,Miami,Miami Open,3/19/2026,Masters 1000,Outdoor,Hard,1st Round,3,Quinn E.,Hurkacz H.,56,75,906,735,6,2,6,4,,,,,,,2,0,Completed,2.1,1.73,,,2.2,1.73,2.13,1.69,2.3,1.76
17,Miami,Miami Open,3/19/2026,Masters 1000,Outdoor,Hard,1st Round,3,Landaluce M.,Giron M.,151,70,394,790,6,3,7,6,,,,,,,2,0,Completed,2.63,1.5,,,2.63,1.55,2.5,1.51,2.68,1.57
17,Miami,Miami Open,3/19/2026,Masters 1000,Outdoor,Hard,1st Round,3,Ugo Carabelli C.,Mpetshi G.,66,59,810,890,2,6,6,3,7,6,,,,,2,1,Completed,2.63,1.5,,,2.75,1.56,2.54,1.5,2.92,1.51
17,Miami,Miami Open,3/19/2026,Masters 1000,Outdoor,Hard,1st Round,3,Van De Zandschulp B.,Shapovalov D.,65,38,823,1160,7,5,6,3,,,,,,,2,0,Completed,2.63,1.5,,,2.63,1.53,2.54,1.5,2.78,1.54
17,Miami,Miami Open,3/19/2026,Masters 1000,Outdoor,Hard,1st Round,3,Berrettini M.,Muller A.,68,90,800,665,6,4,6,2,,,,,,,2,0,Completed,1.2,4.5,,,1.23,4.5,1.22,4.2,1.26,4.7
17,Miami,Miami Open,3/19/2026,Masters 1000,Outdoor,Hard,1st Round,3,Opelka R.,Borges N.,67,50,803,995,6,7,6,2,7,6,,,,,2,1,Completed,1.73,2.1,,,1.8,2.2,1.74,2.06,1.73,2.34
17,Miami,Miami Open,3/19/2026,Masters 1000,Outdoor,Hard,1st Round,3,Tsitsipas S.,Fery A.,51,174,995,342,6,1,7,6,,,,,,,2,0,Completed,1.36,3.2,,,1.4,3.2,1.37,3.02,1.42,3.3
17,Miami,Miami Open,3/19/2026,Masters 1000,Outdoor,Hard,1st Round,3,Collignon R.,Dimitrov G.,72,44,768,1035,7,6,4,6,7,6,,,,,2,1,Completed,2.2,1.67,,,2.38,1.67,2.24,1.62,2.42,1.69
17,Miami,Miami Open,3/19/2026,Masters 1000,Outdoor,Hard,1st Round,3,Dzumhur D.,Buse I.,76,63,723,836,6,7,7,6,6,1,,,,,2,1,Completed,2.63,1.5,,,2.7,1.5,2.63,1.47,2.88,1.51
17,Miami,Miami Open,3/19/2026,Masters 1000,Outdoor,Hard,1st Round,3,Fonseca J.,Marozsan F.,39,46,1135,1020,6,4,3,6,6,2,,,,,2,1,Completed,1.36,3.2,,,1.37,3.2,1.35,3.07,1.38,3.55
17,Miami,Miami Open,3/19/2026,Masters 1000,Outdoor,Hard,1st Round,3,Cilic M.,Popyrin A.,49,47,1000,1010,6,4,6,4,,,,,,,2,0,Completed,1.67,2.2,,,1.67,2.32,1.62,2.25,1.73,2.34
17,Miami,Miami Open,3/19/2026,Masters 1000,Outdoor,Hard,1st Round,3,Damm M.,Fearnley J.,133,83,469,679,6,0,,,,,,,,,1,0,Retired,2,1.8,,,2.1,2.1,1.99,1.79,2.1,1.88
17,Miami,Miami Open,3/19/2026,Masters 1000,Outdoor,Hard,1st Round,3,Machac T.,Nava E.,48,74,1000,741,2,6,6,4,6,1,,,,,2,1,Completed,1.44,2.75,,,1.44,2.9,1.41,2.83,1.46,3.05
17,Miami,Miami Open,3/19/2026,Masters 1000,Outdoor,Hard,1st Round,3,Majchrzak K.,Kecmanovic M.,57,58,905,895,4,6,6,3,6,1,,,,,2,1,Completed,2.5,1.53,,,2.63,1.53,2.53,1.5,2.68,1.58
17,Miami,Miami Open,3/19/2026,Masters 1000,Outdoor,Hard,1st Round,3,Tabilo A.,Comesana F.,41,82,1118,679,6,4,6,2,,,,,,,2,0,Completed,1.44,2.75,,,1.44,2.88,1.41,2.8,1.49,3
17,Miami,Miami Open,3/19/2026,Masters 1000,Outdoor,Hard,1st Round,3,Halys Q.,Draxl L.,111,147,580,406,6,7,6,1,6,1,,,,,2,1,Completed,1.44,2.75,,,1.48,2.8,1.45,2.69,1.52,2.88
17,Miami,Miami Open,3/20/2026,Masters 1000,Outdoor,Hard,1st Round,3,Michelsen A.,Bellucci M.,40,77,1135,720,6,2,6,1,,,,,,,2,0,Completed,1.36,3.2,,,1.42,3.25,1.37,3.01,1.41,3.35
17,Miami,Miami Open,3/20/2026,Masters 1000,Outdoor,Hard,1st Round,3,Tirante T.A.,Royer V.,81,69,691,795,7,5,6,7,7,6,,,,,2,1,Completed,2,1.8,,,2.02,1.85,1.97,1.79,2.06,1.9
17,Miami,Miami Open,3/20/2026,Masters 1000,Outdoor,Hard,1st Round,3,Atmane T.,Altmaier D.,53,55,968,906,6,4,6,2,,,,,,,2,0,Completed,1.4,3,,,1.46,3.1,1.41,2.82,1.47,3.05
17,Miami,Miami Open,3/20/2026,Masters 1000,Outdoor,Hard,1st Round,3,Sakamoto R.,Kovacevic A.,164,92,366,661,6,4,3,6,7,6,,,,,2,1,Completed,2.38,1.57,,,2.48,1.57,2.42,1.54,2.52,1.64
17,Miami,Miami Open,3/20/2026,Masters 1000,Outdoor,Hard,1st Round,3,Fucsovics M.,O Connell C.,54,130,959,493,7,6,6,3,,,,,,,2,0,Completed,1.5,2.63,,,1.53,2.63,1.49,2.54,1.58,2.66
17,Miami,Miami Open,3/20/2026,Masters 1000,Outdoor,Hard,1st Round,3,Walton A.,Baez S.,85,52,674,980,6,2,6,2,,,,,,,2,0,Completed,2.2,1.67,,,2.25,1.72,2.16,1.67,2.36,1.71
17,Miami,Miami Open,3/20/2026,Masters 1000,Outdoor,Hard,1st Round,3,Diallo G.,Wu Y.,37,118,1185,559,6,2,7,6,,,,,,,2,0,Completed,2,1.8,,,2.05,1.8,2,1.76,2.1,1.89
17,Miami,Miami Open,3/20/2026,Masters 1000,Outdoor,Hard,1st Round,3,Shevchenko A.,Arnaldi M.,84,101,679,625,7,6,6,7,6,2,,,,,2,1,Completed,1.73,2.1,,,1.75,2.12,1.71,2.09,1.81,2.2
17,Miami,Miami Open,3/20/2026,Masters 1000,Outdoor,Hard,1st Round,3,Cazaux A.,Barrios M.,73,119,754,551,7,5,6,4,,,,,,,2,0,Completed,1.57,2.38,,,1.57,2.5,1.54,2.43,1.61,2.58
17,Miami,Miami Open,3/20/2026,Masters 1000,Outdoor,Hard,2nd Round,3,Quinn E.,Ruud C.,56,12,906,2715,6,4,7,6,,,,,,,2,0,Completed,2.63,1.5,,,2.75,1.5,2.59,1.47,2.7,1.57
17,Miami,Miami Open,3/20/2026,Masters 1000,Outdoor,Hard,2nd Round,3,Paul T.,Mannarino A.,23,43,1765,1060,6,2,2,6,6,4,,,,,2,1,Completed,1.2,4.5,,,1.23,4.5,1.2,4.27,1.25,4.7
17,Miami,Miami Open,3/20/2026,Masters 1000,Outdoor,Hard,2nd Round,3,Opelka R.,Draper J.,67,26,803,1710,7,6,7,6,,,,,,,2,0,Completed,4,1.25,,,4,1.3,3.66,1.27,4,1.32
17,Miami,Miami Open,3/20/2026,Masters 1000,Outdoor,Hard,2nd Round,3,Berrettini M.,Bublik A.,68,11,800,3385,6,4,6,4,,,,,,,2,0,Completed,2.38,1.57,,,2.4,1.62,2.34,1.57,2.6,1.61
17,Miami,Miami Open,3/20/2026,Masters 1000,Outdoor,Hard,2nd Round,3,Fritz T.,Van De Zandschulp B.,7,65,4170,823,6,3,6,7,6,3,,,,,2,1,Completed,1.29,3.75,,,1.3,4,1.28,3.61,1.31,4.1
17,Miami,Miami Open,3/20/2026,Masters 1000,Outdoor,Hard,2nd Round,3,Khachanov K.,Bautista Agut R.,15,89,2410,668,6,3,6,3,,,,,,,2,0,Completed,1.3,3.5,,,1.3,3.75,1.29,3.54,1.32,4
17,Miami,Miami Open,3/20/2026,Masters 1000,Outdoor,Hard,2nd Round,3,Fils A.,Blanch Dar.,31,272,1440,193,6,2,6,3,,,,,,,2,0,Completed,1.17,5,,,1.17,5.75,1.14,5.37,1.16,7
17,Miami,Miami Open,3/21/2026,Masters 1000,Outdoor,Hard,2nd Round,3,Korda S.,Ugo Carabelli C.,36,66,1200,810,6,0,6,3,,,,,,,2,0,Completed,1.11,6.5,,,1.12,6.5,1.11,6.17,1.15,7.2
17,Miami,Miami Open,3/21/2026,Masters 1000,Outdoor,Hard,2nd Round,3,Alcaraz C.,Fonseca J.,1,39,13550,1135,6,4,6,4,,,,,,,2,0,Completed,1.13,6,,,1.16,6,1.14,5.59,1.16,6.8
17,Miami,Miami Open,3/21/2026,Masters 1000,Outdoor,Hard,2nd Round,3,Collignon R.,Cobolli F.,72,14,768,2520,7,5,6,3,,,,,,,2,0,Completed,2,1.8,,,2.01,1.87,1.99,1.79,2.18,1.83
17,Miami,Miami Open,3/21/2026,Masters 1000,Outdoor,Hard,2nd Round,3,Tsitsipas S.,De Minaur A.,51,6,995,4185,6,3,7,6,,,,,,,2,0,Completed,2.75,1.44,,,2.75,1.5,2.67,1.46,2.84,1.52
17,Miami,Miami Open,3/21/2026,Masters 1000,Outdoor,Hard,2nd Round,3,Lehecka J.,Kouame M.,22,385,1850,122,6,2,7,5,,,,,,,2,0,Completed,1.1,7,,,1.16,7,1.14,5.58,1.19,6
17,Miami,Miami Open,3/21/2026,Masters 1000,Outdoor,Hard,2nd Round,3,Landaluce M.,Darderi L.,151,18,394,2084,6,3,6,7,6,4,,,,,2,1,Completed,2.1,1.73,,,2.12,1.78,2.07,1.73,2.2,1.8
17,Miami,Miami Open,3/21/2026,Masters 1000,Outdoor,Hard,2nd Round,3,Vacherot V.,Navone M.,25,61,1741,855,6,3,6,4,,,,,,,2,0,Completed,1.44,2.75,,,1.47,2.88,1.42,2.76,1.47,3.05
17,Miami,Miami Open,3/21/2026,Masters 1000,Outdoor,Hard,2nd Round,3,Halys Q.,Davidovich Fokina A.,111,17,580,2260,7,6,6,4,,,,,,,2,0,Completed,3,1.4,,,3.25,1.4,3.15,1.35,3.2,1.44
17,Miami,Miami Open,3/21/2026,Masters 1000,Outdoor,Hard,2nd Round,3,Jodar R.,Vukic A.,109,93,588,656,6,1,6,2,,,,,,,2,0,Completed,1.25,4,,,1.26,4.2,1.23,3.97,1.3,4.3
17,Miami,Miami Open,3/21/2026,Masters 1000,Outdoor,Hard,2nd Round,3,Majchrzak K.,Tien L.,57,21,905,1860,6,2,4,6,6,2,,,,,2,1,Completed,3.75,1.29,,,3.75,1.3,3.54,1.28,4.1,1.31
17,Miami,Miami Open,3/21/2026,Masters 1000,Outdoor,Hard,2nd Round,3,Etcheverry T.,Bergs Z.,32,45,1430,1030,7,6,7,6,,,,,,,2,0,Completed,2.1,1.73,,,2.15,1.8,2.07,1.72,2.18,1.81
17,Miami,Miami Open,3/21/2026,Masters 1000,Outdoor,Hard,2nd Round,3,Atmane T.,Rinderknech A.,53,27,968,1657,7,6,6,3,,,,,,,2,0,Completed,2.3,1.62,,,2.3,1.67,2.24,1.62,2.4,1.7
17,Miami,Miami Open,3/21/2026,Masters 1000,Outdoor,Hard,2nd Round,3,Sinner J.,Dzumhur D.,2,76,11400,723,6,3,6,3,,,,,,,2,0,Completed,1,41,,,1.01,56,1.01,28.29,1.01,100
17,Miami,Miami Open,3/21/2026,Masters 1000,Outdoor,Hard,2nd Round,3,Auger-Aliassime F.,Fucsovics M.,8,54,4000,959,7,6,7,5,,,,,,,2,0,Completed,1.4,3,,,1.4,3.1,1.38,2.92,1.49,3
17,Miami,Miami Open,3/21/2026,Masters 1000,Outdoor,Hard,2nd Round,3,Moutet C.,Machac T.,33,48,1383,1000,6,0,1,6,6,4,,,,,2,1,Completed,2.3,1.62,,,2.38,1.62,2.31,1.58,2.46,1.66
17,Miami,Miami Open,3/21/2026,Masters 1000,Outdoor,Hard,2nd Round,3,Medvedev D.,Sakamoto R.,10,164,3610,366,6,7,6,3,6,1,,,,,2,1,Completed,1.04,13,,,1.06,13,1.05,9.19,1.09,11.5
17,Miami,Miami Open,3/21/2026,Masters 1000,Outdoor,Hard,2nd Round,3,Michelsen A.,Norrie C.,40,24,1135,1753,7,5,6,7,6,4,,,,,2,1,Completed,1.62,2.3,,,1.67,2.31,1.63,2.23,1.66,2.5
17,Miami,Miami Open,3/21/2026,Masters 1000,Outdoor,Hard,2nd Round,3,Tabilo A.,Rublev A.,41,16,1118,2400,6,7,6,2,6,4,,,,,2,1,Completed,3,1.4,,,3,1.42,2.91,1.39,3.2,1.44
17,Miami,Miami Open,3/21/2026,Masters 1000,Outdoor,Hard,2nd Round,3,Mensik J.,Walton A.,13,85,2650,674,3,6,6,2,6,4,,,,,2,1,Completed,1.3,3.5,,,1.33,3.75,1.3,3.4,1.35,3.85
17,Miami,Miami Open,3/21/2026,Masters 1000,Outdoor,Hard,2nd Round,3,Cerundolo F.,Tirante T.A.,19,81,2020,691,6,4,6,2,,,,,,,2,0,Completed,1.29,3.75,,,1.3,3.8,1.29,3.56,1.35,3.7
17,Miami,Miami Open,3/21/2026,Masters 1000,Outdoor,Hard,2nd Round,3,Humbert U.,Diallo G.,34,37,1245,1185,6,1,6,4,,,,,,,2,0,Completed,1.73,2.1,,,1.73,2.2,1.69,2.12,1.72,2.36
17,Miami,Miami Open,3/21/2026,Masters 1000,Outdoor,Hard,2nd Round,3,Shevchenko A.,Shelton B.,84,9,679,3860,6,7,7,6,6,3,,,,,2,1,Completed,6.5,1.11,,,6.5,1.14,6.05,1.12,8,1.13
17,Miami,Miami Open,3/21/2026,Masters 1000,Outdoor,Hard,2nd Round,3,Tiafoe F.,Cazaux A.,20,73,1920,754,7,6,6,1,,,,,,,2,0,Completed,1.36,3.2,,,1.4,3.2,1.36,3.03,1.38,3.55
17,Miami,Miami Open,3/22/2026,Masters 1000,Outdoor,Hard,2nd Round,3,Cilic M.,Nakashima B.,49,30,1000,1485,2,6,6,4,7,6,,,,,2,1,Completed,2.1,1.73,,,2.32,1.73,2.25,1.62,2.26,1.76
17,Miami,Miami Open,3/22/2026,Masters 1000,Outdoor,Hard,2nd Round,3,Zverev A.,Damm M.,4,133,4905,469,6,2,6,4,,,,,,,2,0,Completed,1.07,9,,,1.08,9.5,1.07,7.96,1.1,10.5
17,Miami,Miami Open,3/22/2026,Masters 1000,Outdoor,Hard,3rd Round,3,Lehecka J.,Quinn E.,22,56,1850,906,6,3,7,6,,,,,,,2,0,Completed,1.73,2.1,,,1.75,2.14,1.71,2.1,1.85,2.16
17,Miami,Miami Open,3/22/2026,Masters 1000,Outdoor,Hard,3rd Round,3,Fritz T.,Opelka R.,7,67,4170,803,6,3,6,4,,,,,,,2,0,Completed,1.44,2.75,,,1.45,2.9,1.42,2.77,1.46,3.1
17,Miami,Miami Open,3/22/2026,Masters 1000,Outdoor,Hard,3rd Round,3,Etcheverry T.,Jodar R.,32,109,1430,588,7,5,6,4,,,,,,,2,0,Completed,2.1,1.73,,,2.23,1.73,2.12,1.7,2.16,1.85
17,Miami,Miami Open,3/22/2026,Masters 1000,Outdoor,Hard,3rd Round,3,Korda S.,Alcaraz C.,36,1,1200,13550,6,3,5,7,6,4,,,,,2,1,Completed,6.5,1.11,,,6.5,1.13,6.12,1.12,8,1.14
17,Miami,Miami Open,3/22/2026,Masters 1000,Outdoor,Hard,3rd Round,3,Paul T.,Collignon R.,23,72,1765,768,6,2,3,6,7,6,,,,,2,1,Completed,1.4,3,,,1.4,3.1,1.38,2.99,1.42,3.3
17,Miami,Miami Open,3/22/2026,Masters 1000,Outdoor,Hard,3rd Round,3,Landaluce M.,Khachanov K.,151,15,394,2410,6,3,7,6,,,,,,,2,0,Completed,3.2,1.36,,,3.25,1.37,3.1,1.35,3.55,1.38
17,Miami,Miami Open,3/23/2026,Masters 1000,Outdoor,Hard,3rd Round,3,Vacherot V.,Berrettini M.,25,68,1741,800,7,6,6,4,,,,,,,2,0,Completed,2.2,1.67,,,2.2,1.72,2.15,1.68,2.26,1.78
17,Miami,Miami Open,3/23/2026,Masters 1000,Outdoor,Hard,3rd Round,3,Fils A.,Tsitsipas S.,31,51,1440,995,6,0,6,1,,,,,,,2,0,Completed,1.53,2.5,,,1.62,2.63,1.56,2.36,1.72,2.32
17,Miami,Miami Open,3/23/2026,Masters 1000,Outdoor,Hard,3rd Round,3,Humbert U.,Shevchenko A.,34,84,1245,679,6,4,7,6,,,,,,,2,0,Completed,1.25,4,,,1.27,4,1.25,3.86,1.29,4.3
17,Miami,Miami Open,3/23/2026,Masters 1000,Outdoor,Hard,3rd Round,3,Cerundolo F.,Medvedev D.,19,10,2020,3610,6,0,4,6,7,5,,,,,2,1,Completed,3.75,1.29,,,4.2,1.29,3.77,1.26,4.4,1.28
17,Miami,Miami Open,3/23/2026,Masters 1000,Outdoor,Hard,3rd Round,3,Atmane T.,Auger-Aliassime F.,53,8,968,4000,6,3,1,6,6,3,,,,,2,1,Completed,4,1.25,,,4,1.29,3.72,1.26,4.3,1.29
17,Miami,Miami Open,3/23/2026,Masters 1000,Outdoor,Hard,3rd Round,3,Tiafoe F.,Mensik J.,20,13,1920,2650,7,6,4,6,7,6,,,,,2,1,Completed,2.2,1.67,,,2.31,1.67,2.24,1.63,2.32,1.74
17,Miami,Miami Open,3/23/2026,Masters 1000,Outdoor,Hard,3rd Round,3,Michelsen A.,Tabilo A.,40,41,1135,1118,3,6,6,3,6,4,,,,,2,1,Completed,1.57,2.38,,,1.6,2.4,1.56,2.38,1.63,2.56
17,Miami,Miami Open,3/23/2026,Masters 1000,Outdoor,Hard,3rd Round,3,Zverev A.,Cilic M.,4,49,4905,1000,6,2,5,7,6,4,,,,,2,1,Completed,1.13,6,,,1.17,6,1.14,5.4,1.15,7.4
17,Miami,Miami Open,3/23/2026,Masters 1000,Outdoor,Hard,3rd Round,3,Halys Q.,Majchrzak K.,111,57,580,905,7,6,6,1,,,,,,,2,0,Completed,2.1,1.73,,,2.1,1.76,2.05,1.73,2.24,1.79
17,Miami,Miami Open,3/23/2026,Masters 1000,Outdoor,Hard,3rd Round,3,Sinner J.,Moutet C.,2,33,11400,1383,6,1,6,4,,,,,,,2,0,Completed,1.01,26,,,1.02,26,1.02,17.08,1.02,36
17,Miami,Miami Open,3/24/2026,Masters 1000,Outdoor,Hard,4th Round,3,Landaluce M.,Korda S.,151,36,394,1200,2,6,7,6,6,4,,,,,2,1,Completed,4,1.25,,,4.2,1.26,3.99,1.23,4.5,1.28
17,Miami,Miami Open,3/24/2026,Masters 1000,Outdoor,Hard,4th Round,3,Lehecka J.,Fritz T.,22,7,1850,4170,6,4,6,7,6,2,,,,,2,1,Completed,2.75,1.44,,,2.75,1.5,2.66,1.46,2.74,1.57
17,Miami,Miami Open,3/24/2026,Masters 1000,Outdoor,Hard,4th Round,3,Fils A.,Vacherot V.,31,25,1440,1741,6,4,6,7,6,4,,,,,2,1,Completed,1.36,3.2,,,1.37,3.3,1.36,3.12,1.41,3.35
17,Miami,Miami Open,3/24/2026,Masters 1000,Outdoor,Hard,4th Round,3,Paul T.,Etcheverry T.,23,32,1765,1430,6,1,6,3,,,,,,,2,0,Completed,1.36,3.2,,,1.37,3.2,1.36,3.07,1.4,3.4
17,Miami,Miami Open,3/24/2026,Masters 1000,Outdoor,Hard,4th Round,3,Sinner J.,Michelsen A.,2,40,11400,1135,7,5,7,6,,,,,,,2,0,Completed,1.03,15,,,1.04,17,1.03,11.79,1.04,20
17,Miami,Miami Open,3/24/2026,Masters 1000,Outdoor,Hard,4th Round,3,Tiafoe F.,Atmane T.,20,53,1920,968,6,4,1,6,6,4,,,,,2,1,Completed,1.44,2.75,,,1.45,2.85,1.43,2.74,1.49,3
17,Miami,Miami Open,3/25/2026,Masters 1000,Outdoor,Hard,4th Round,3,Cerundolo F.,Humbert U.,19,34,2020,1245,6,4,6,3,,,,,,,2,0,Completed,2,1.8,,,2.09,1.91,1.96,1.81,2.08,1.91
17,Miami,Miami Open,3/25/2026,Masters 1000,Outdoor,Hard,4th Round,3,Zverev A.,Halys Q.,4,111,4905,580,7,6,7,6,,,,,,,2,0,Completed,1.14,5.5,,,1.14,6.25,1.13,5.78,1.15,7.4
17,Miami,Miami Open,3/25/2026,Masters 1000,Outdoor,Hard,Quarterfinals,3,Lehecka J.,Landaluce M.,22,151,1850,394,7,6,7,5,,,,,,,2,0,Completed,1.3,3.5,,,1.35,3.5,1.32,3.34,1.35,3.75
17,Miami,Miami Open,3/26/2026,Masters 1000,Outdoor,Hard,Quarterfinals,3,Fils A.,Paul T.,31,23,1440,1765,6,7,7,6,7,6,,,,,2,1,Completed,1.73,2.1,,,1.75,2.14,1.72,2.09,1.82,2.18
17,Miami,Miami Open,3/26/2026,Masters 1000,Outdoor,Hard,Quarterfinals,3,Sinner J.,Tiafoe F.,2,20,11400,1920,6,2,6,2,,,,,,,2,0,Completed,1.03,15,,,1.04,15,1.03,12.21,1.07,14.5
17,Miami,Miami Open,3/26/2026,Masters 1000,Outdoor,Hard,Quarterfinals,3,Zverev A.,Cerundolo F.,4,19,4905,2020,6,1,6,2,,,,,,,2,0,Completed,1.3,3.5,,,1.37,3.6,1.32,3.33,1.37,3.65
17,Miami,Miami Open,3/27/2026,Masters 1000,Outdoor,Hard,Semifinals,3,Lehecka J.,Fils A.,22,31,1850,1440,6,2,6,2,,,,,,,2,0,Completed,2.3,1.62,,,2.4,1.68,2.27,1.61,2.48,1.66
17,Miami,Miami Open,3/27/2026,Masters 1000,Outdoor,Hard,Semifinals,3,Sinner J.,Zverev A.,2,4,11400,4905,6,3,7,6,,,,,,,2,0,Completed,1.13,6,,,1.16,6,1.14,5.47,1.18,6.4
17,Miami,Miami Open,3/29/2026,Masters 1000,Outdoor,Hard,The Final,3,Sinner J.,Lehecka J.,2,22,11400,1850,6,4,6,4,,,,,,,2,0,Completed,1.06,10,,,1.08,13,1.06,9.21,1.07,13.5
18,Bucharest,Tiriac Open,3/31/2026,ATP250,Outdoor,Clay,1st Round,3,Moller E.,Boitan G.A.,134,306,478,167,6,3,7,5,,,,,,,2,0,Completed,1.33,3.4,,,1.36,3.4,1.33,3.22,1.42,3.35
18,Bucharest,Tiriac Open,3/31/2026,ATP250,Outdoor,Clay,1st Round,3,Navone M.,O Connell C.,60,128,860,493,6,4,7,6,,,,,,,2,0,Completed,1.25,4,,,1.3,4,1.27,3.6,1.32,4
18,Bucharest,Tiriac Open,3/31/2026,ATP250,Outdoor,Clay,1st Round,3,Shevchenko A.,Turcanu R.D.,76,659,716,52,6,2,6,4,,,,,,,2,0,Completed,1.11,6.5,,,1.11,8,1.09,6.93,1.08,12.5
18,Bucharest,Tiriac Open,3/31/2026,ATP250,Outdoor,Clay,1st Round,3,Droguet T.,Bautista Agut R.,122,80,528,685,6,1,1,6,6,1,,,,,2,1,Completed,1.67,2.2,,,1.68,2.2,1.65,2.18,1.75,2.32
18,Bucharest,Tiriac Open,3/31/2026,ATP250,Outdoor,Clay,1st Round,3,Van De Zandschulp B.,Maestrelli F.,62,114,841,577,6,3,6,2,,,,,,,2,0,Completed,1.36,3.2,,,1.4,3.4,1.36,3.05,1.49,3
18,Bucharest,Tiriac Open,3/31/2026,ATP250,Outdoor,Clay,1st Round,3,Dzumhur D.,Jianu F.C.,74,246,731,219,6,3,4,6,7,6,,,,,2,1,Completed,1.4,3,,,1.45,3,1.42,2.76,1.51,2.92
18,Bucharest,Tiriac Open,3/31/2026,ATP250,Outdoor,Clay,1st Round,3,Prizmic D.,Basilashvili N.,112,129,585,493,6,4,6,2,,,,,,,2,0,Completed,1.57,2.38,,,1.57,2.38,1.57,2.38,,
18,Bucharest,Tiriac Open,3/31/2026,ATP250,Outdoor,Clay,1st Round,3,Sakellaridis S.,Choinski J.,225,120,252,534,6,3,6,4,,,,,,,2,0,Completed,2.63,1.5,,,2.63,1.5,2.63,1.5,,
18,Bucharest,Tiriac Open,3/31/2026,ATP250,Outdoor,Clay,1st Round,3,Molcan A.,Arnaldi M.,189,107,314,605,6,3,6,1,,,,,,,2,0,Completed,2.75,1.44,,,2.75,1.5,2.67,1.44,2.94,1.5
18,Bucharest,Tiriac Open,3/31/2026,ATP250,Outdoor,Clay,1st Round,3,Merida Aguilar D.,Virtanen O.,136,123,458,512,7,6,5,7,7,5,,,,,2,1,Completed,1.4,3,,,1.44,3,1.41,2.82,1.48,3
18,Bucharest,Tiriac Open,3/31/2026,ATP250,Outdoor,Clay,1st Round,3,Baez S.,Gaubas V.,50,108,980,603,6,3,6,1,,,,,,,2,0,Completed,1.22,4.33,,,1.25,4.33,1.23,3.98,1.28,4.5
18,Bucharest,Tiriac Open,3/31/2026,ATP250,Outdoor,Clay,1st Round,3,Altmaier D.,Martinez P.,52,113,960,580,6,1,6,4,,,,,,,2,0,Completed,1.91,1.91,,,1.97,1.91,1.9,1.84,2.02,1.96
18,Bucharest,Tiriac Open,4/1/2026,ATP250,Outdoor,Clay,2nd Round,3,Van De Zandschulp B.,Shevchenko A.,62,76,841,716,7,5,6,1,,,,,,,2,0,Completed,1.53,2.5,,,1.54,2.54,1.52,2.47,1.61,2.58
18,Bucharest,Tiriac Open,4/1/2026,ATP250,Outdoor,Clay,2nd Round,3,Navone M.,Moller E.,60,134,860,478,6,2,6,1,,,,,,,2,0,Completed,1.25,4,,,1.26,4,1.25,3.81,1.29,4.3
18,Bucharest,Tiriac Open,4/1/2026,ATP250,Outdoor,Clay,2nd Round,3,Dzumhur D.,Borges N.,74,48,731,995,7,6,6,4,,,,,,,2,0,Completed,2.5,1.53,,,2.55,1.54,2.48,1.51,2.58,1.62
18,Bucharest,Tiriac Open,4/1/2026,ATP250,Outdoor,Clay,2nd Round,3,Molcan A.,Diallo G.,189,36,314,1175,6,2,6,2,,,,,,,2,0,Completed,2.2,1.67,,,2.28,1.67,2.21,1.63,2.48,1.65
18,Bucharest,Tiriac Open,4/3/2026,ATP250,Outdoor,Clay,2nd Round,3,Merida Aguilar D.,Mannarino A.,136,43,458,1082,4,6,6,2,6,2,,,,,2,1,Completed,1.22,4.33,,,1.27,4.33,1.23,4.04,1.31,4.2
18,Bucharest,Tiriac Open,4/3/2026,ATP250,Outdoor,Clay,2nd Round,3,Droguet T.,Baez S.,122,50,528,980,6,4,6,4,,,,,,,2,0,Completed,3.2,1.36,,,3.25,1.38,3.07,1.35,3.15,1.46
18,Bucharest,Tiriac Open,4/3/2026,ATP250,Outdoor,Clay,2nd Round,3,Marozsan F.,Sakellaridis S.,47,225,1005,252,7,6,7,5,,,,,,,2,0,Completed,1.3,3.5,,,1.36,3.6,1.31,3.32,1.37,3.6
18,Bucharest,Tiriac Open,4/3/2026,ATP250,Outdoor,Clay,2nd Round,3,Altmaier D.,Prizmic D.,52,112,960,585,3,6,7,6,7,6,,,,,2,1,Completed,2.5,1.53,,,2.5,1.64,2.36,1.55,2.66,1.58
18,Bucharest,Tiriac Open,4/3/2026,ATP250,Outdoor,Clay,Quarterfinals,3,Van De Zandschulp B.,Dzumhur D.,62,74,841,731,6,3,6,3,,,,,,,2,0,Completed,1.53,2.5,,,1.53,2.63,1.5,2.51,1.58,2.66
18,Bucharest,Tiriac Open,4/3/2026,ATP250,Outdoor,Clay,Quarterfinals,3,Navone M.,Molcan A.,60,189,860,314,3,6,6,2,6,3,,,,,2,1,Completed,1.36,3.2,,,1.37,3.2,1.35,3.06,1.41,3.4
18,Bucharest,Tiriac Open,4/3/2026,ATP250,Outdoor,Clay,Quarterfinals,3,Merida Aguilar D.,Droguet T.,136,122,458,528,4,6,7,6,3,1,,,,,1,1,Retired,2.38,1.57,,,2.38,1.63,2.29,1.59,2.5,1.66
18,Bucharest,Tiriac Open,4/3/2026,ATP250,Outdoor,Clay,Quarterfinals,3,Marozsan F.,Altmaier D.,47,52,1005,960,6,2,7,6,,,,,,,2,0,Completed,1.44,2.75,,,1.44,2.88,1.41,2.78,1.5,2.96
18,Bucharest,Tiriac Open,4/4/2026,ATP250,Outdoor,Clay,Semifinals,3,Navone M.,Van De Zandschulp B.,60,62,860,841,5,7,7,6,7,5,,,,,2,1,Completed,1.57,2.38,,,1.62,2.4,1.58,2.31,1.62,2.54
18,Bucharest,Tiriac Open,4/4/2026,ATP250,Outdoor,Clay,Semifinals,3,Merida Aguilar D.,Marozsan F.,136,47,458,1005,6,7,6,3,6,1,,,,,2,1,Completed,3.4,1.33,,,3.5,1.33,3.31,1.32,3.45,1.4
18,Bucharest,Tiriac Open,4/5/2026,ATP250,Outdoor,Clay,The Final,3,Navone M.,Merida Aguilar D.,60,136,860,458,6,2,4,6,7,5,,,,,2,1,Completed,1.36,3.2,,,1.38,3.25,1.35,3.11,1.39,3.5
19,Houston,U.S.Men's Clay Court Championships,3/30/2026,ATP250,Outdoor,Clay,1st Round,3,Vallejo D.,Svajda Z.,109,82,601,674,6,1,6,4,,,,,,,2,0,Completed,1.62,2.3,,,1.62,2.5,1.57,2.33,1.62,2.58
19,Houston,U.S.Men's Clay Court Championships,3/30/2026,ATP250,Outdoor,Clay,1st Round,3,Zhang Zh.,Pinnington Jones J.,263,138,205,456,6,1,6,3,,,,,,,2,0,Completed,1.73,2.1,,,1.78,2.11,1.73,2.06,1.8,2.22
19,Houston,U.S.Men's Clay Court Championships,3/30/2026,ATP250,Outdoor,Clay,1st Round,3,Bolt A.,Wu Y.,165,118,369,559,7,6,6,2,,,,,,,2,0,Completed,4.33,1.22,,,4.33,1.29,3.72,1.26,4.3,1.29
19,Houston,U.S.Men's Clay Court Championships,3/31/2026,ATP250,Outdoor,Clay,1st Round,3,McDonald M.,Brooksby J.,125,41,501,1115,6,4,6,2,,,,,,,2,0,Completed,3.2,1.36,,,3.25,1.37,3.1,1.35,3.55,1.38
19,Houston,U.S.Men's Clay Court Championships,3/31/2026,ATP250,Outdoor,Clay,1st Round,3,Tirante T.A.,Smith C.,83,164,673,371,6,0,6,3,,,,,,,2,0,Completed,1.5,2.63,,,1.5,2.63,1.47,2.59,1.53,2.82
19,Houston,U.S.Men's Clay Court Championships,3/31/2026,ATP250,Outdoor,Clay,1st Round,3,Basavareddy N.,Draxl L.,193,147,306,430,6,3,2,6,6,4,,,,,2,1,Completed,1.8,2,,,1.91,2,1.85,1.9,2,1.98
19,Houston,U.S.Men's Clay Court Championships,3/31/2026,ATP250,Outdoor,Clay,1st Round,3,Etcheverry T.,Gomez F.A.,31,182,1500,331,1,6,6,1,6,4,,,,,2,1,Completed,1.2,4.5,,,1.2,4.9,1.18,4.57,1.22,5.2
19,Houston,U.S.Men's Clay Court Championships,3/31/2026,ATP250,Outdoor,Clay,1st Round,3,Nakashima B.,Damm M.,33,126,1395,499,7,6,6,2,,,,,,,2,0,Completed,1.3,3.5,,,1.32,3.6,1.3,3.43,1.37,3.6
19,Houston,U.S.Men's Clay Court Championships,4/1/2026,ATP250,Outdoor,Clay,1st Round,3,Michelsen A.,Wong C.,35,124,1225,503,6,4,6,2,,,,,,,2,0,Completed,1.29,3.75,,,1.29,4,1.26,3.7,1.29,4.4
19,Houston,U.S.Men's Clay Court Championships,4/1/2026,ATP250,Outdoor,Clay,1st Round,3,Hijikata R.,Kovacevic A.,102,85,619,661,6,4,6,2,,,,,,,2,0,Completed,2.38,1.57,,,2.38,1.65,2.29,1.59,2.44,1.68
19,Houston,U.S.Men's Clay Court Championships,4/1/2026,ATP250,Outdoor,Clay,1st Round,3,Popyrin A.,Kypson P.,45,96,1010,640,4,6,6,4,6,3,,,,,2,1,Completed,1.53,2.5,,,1.58,2.5,1.54,2.44,1.6,2.62
19,Houston,U.S.Men's Clay Court Championships,4/1/2026,ATP250,Outdoor,Clay,1st Round,3,Burruchaga R.,Walton A.,77,105,703,614,6,2,6,3,,,,,,,2,0,Completed,1.44,2.75,,,1.5,2.75,1.46,2.65,1.5,2.96
19,Houston,U.S.Men's Clay Court Championships,4/1/2026,ATP250,Outdoor,Clay,2nd Round,3,Etcheverry T.,Bolt A.,31,165,1500,369,6,7,6,0,6,3,,,,,2,1,Completed,1.08,8,,,1.09,8,1.08,7.33,1.09,10
19,Houston,U.S.Men's Clay Court Championships,4/1/2026,ATP250,Outdoor,Clay,2nd Round,3,Tirante T.A.,McDonald M.,83,125,673,501,6,2,6,0,,,,,,,2,0,Completed,1.33,3.4,,,1.37,3.4,1.35,3.09,1.4,3.4
19,Houston,U.S.Men's Clay Court Championships,4/2/2026,ATP250,Outdoor,Clay,2nd Round,3,Shelton B.,Zhang Zh.,9,263,3860,205,7,6,7,6,,,,,,,2,0,Completed,1.3,3.5,,,1.36,3.5,1.32,3.29,1.37,3.65
19,Houston,U.S.Men's Clay Court Championships,4/2/2026,ATP250,Outdoor,Clay,2nd Round,3,Paul T.,Vallejo D.,21,109,1915,601,3,6,6,4,6,4,,,,,2,1,Completed,1.22,4.33,,,1.26,4.33,1.23,3.9,1.26,4.7
19,Houston,U.S.Men's Clay Court Championships,4/2/2026,ATP250,Outdoor,Clay,2nd Round,3,Burruchaga R.,Nakashima B.,77,33,703,1395,6,4,2,6,6,4,,,,,2,1,Completed,2.63,1.5,,,2.63,1.66,2.3,1.6,2.38,1.71
19,Houston,U.S.Men's Clay Court Championships,4/2/2026,ATP250,Outdoor,Clay,2nd Round,3,Tien L.,Basavareddy N.,22,193,1845,306,6,3,3,6,6,1,,,,,2,1,Completed,1.25,4,,,1.3,4,1.25,3.79,1.29,4.4
19,Houston,U.S.Men's Clay Court Championships,4/3/2026,ATP250,Outdoor,Clay,2nd Round,3,Tiafoe F.,Hijikata R.,18,102,2070,619,6,4,3,6,6,2,,,,,2,1,Completed,1.25,4,,,1.26,4,1.25,3.84,1.28,4.3
19,Houston,U.S.Men's Clay Court Championships,4/3/2026,ATP250,Outdoor,Clay,2nd Round,3,Popyrin A.,Michelsen A.,45,35,1010,1225,6,0,4,6,6,1,,,,,2,1,Completed,2.63,1.5,,,2.63,1.56,2.5,1.52,2.78,1.54
19,Houston,U.S.Men's Clay Court Championships,4/3/2026,ATP250,Outdoor,Clay,Quarterfinals,3,Burruchaga R.,Tien L.,77,22,703,1845,7,5,6,4,,,,,,,2,0,Completed,2.3,1.62,,,2.35,1.64,2.25,1.61,2.34,1.73
19,Houston,U.S.Men's Clay Court Championships,4/3/2026,ATP250,Outdoor,Clay,Quarterfinals,3,Tirante T.A.,Shelton B.,83,9,673,3860,6,7,6,3,6,4,,,,,2,1,Completed,2.75,1.44,,,2.88,1.45,2.76,1.42,3,1.48
19,Houston,U.S.Men's Clay Court Championships,4/3/2026,ATP250,Outdoor,Clay,Quarterfinals,3,Paul T.,Etcheverry T.,21,31,1915,1500,6,4,6,2,,,,,,,2,0,Completed,1.44,2.75,,,1.48,2.75,1.45,2.67,1.48,3
19,Houston,U.S.Men's Clay Court Championships,4/4/2026,ATP250,Outdoor,Clay,Quarterfinals,3,Tiafoe F.,Popyrin A.,18,45,2070,1010,3,6,6,4,7,6,,,,,2,1,Completed,1.57,2.38,,,1.6,2.4,1.56,2.34,1.61,2.58
19,Houston,U.S.Men's Clay Court Championships,4/4/2026,ATP250,Outdoor,Clay,Semifinals,3,Burruchaga R.,Tirante T.A.,77,83,703,673,6,1,6,1,,,,,,,2,0,Completed,1.91,1.91,,,1.91,1.91,1.87,1.88,1.95,2.02
19,Houston,U.S.Men's Clay Court Championships,4/4/2026,ATP250,Outdoor,Clay,Semifinals,3,Paul T.,Tiafoe F.,21,18,1915,2070,7,5,4,6,7,6,,,,,2,1,Completed,1.4,3,,,1.44,3,1.4,2.89,1.44,3.2
19,Houston,U.S.Men's Clay Court Championships,4/5/2026,ATP250,Outdoor,Clay,The Final,3,Paul T.,Burruchaga R.,21,77,1915,703,6,1,3,6,7,5,,,,,2,1,Completed,1.44,2.75,,,1.45,2.9,1.42,2.78,1.49,3
20,Marrakech,Grand Prix Hassan II,3/30/2026,ATP250,Outdoor,Clay,1st Round,3,Baadi T.,Vukic A.,587,84,64,663,6,2,3,6,6,1,,,,,2,1,Completed,8,1.08,,,9,1.08,8.17,1.07,9.6,1.11
20,Marrakech,Grand Prix Hassan II,3/30/2026,ATP250,Outdoor,Clay,1st Round,3,Bennani K.,Halys Q.,731,90,41,650,6,4,6,7,6,2,,,,,2,1,Completed,11,1.05,,,11,1.06,9.72,1.05,15,1.06
20,Marrakech,Grand Prix Hassan II,3/30/2026,ATP250,Outdoor,Clay,1st Round,3,Hanfmann Y.,De Jong J.,61,99,857,625,7,6,6,4,,,,,,,2,0,Completed,1.5,2.63,,,1.53,2.63,1.52,2.48,1.67,2.48
20,Marrakech,Grand Prix Hassan II,3/31/2026,ATP250,Outdoor,Clay,1st Round,3,Muller A.,Cina F.,94,208,645,285,6,2,6,3,,,,,,,2,0,Completed,1.67,2.2,,,1.73,2.2,1.68,2.14,1.83,2.18
20,Marrakech,Grand Prix Hassan II,3/31/2026,ATP250,Outdoor,Clay,1st Round,3,Majchrzak K.,Cerundolo J.M.,53,69,955,776,7,6,3,6,6,3,,,,,2,1,Completed,1.73,2.1,,,1.85,2.1,1.77,2,1.93,2.06
20,Marrakech,Grand Prix Hassan II,3/31/2026,ATP250,Outdoor,Clay,1st Round,3,Bellucci M.,Bennani R.,73,555,740,70,6,3,3,6,6,4,,,,,2,1,Completed,1.17,5,,,1.2,5,1.18,4.57,1.18,6
20,Marrakech,Grand Prix Hassan II,3/31/2026,ATP250,Outdoor,Clay,1st Round,3,Trungelliti M.,Rocha H.,117,133,561,483,7,6,6,2,,,,,,,2,0,Completed,2.1,1.73,,,2.4,1.73,2.3,1.59,2.58,1.62
20,Marrakech,Grand Prix Hassan II,3/31/2026,ATP250,Outdoor,Clay,1st Round,3,Buse I.,Berrettini M.,59,91,864,650,7,6,6,7,6,4,,,,,2,1,Completed,2.63,1.5,,,2.7,1.5,2.6,1.47,2.72,1.56
20,Marrakech,Grand Prix Hassan II,3/31/2026,ATP250,Outdoor,Clay,1st Round,3,Ugo Carabelli C.,Skatov T.,67,202,780,292,6,7,6,3,6,4,,,,,2,1,Completed,1.36,3.2,,,1.37,3.2,1.35,3.03,1.41,3.3
20,Marrakech,Grand Prix Hassan II,3/31/2026,ATP250,Outdoor,Clay,1st Round,3,Van Assche L.,Gaston H.,109,116,601,564,6,4,7,6,,,,,,,2,0,Completed,1.62,2.3,,,1.75,2.35,1.67,2.16,1.75,2.28
20,Marrakech,Grand Prix Hassan II,3/31/2026,ATP250,Outdoor,Clay,1st Round,3,Jodar R.,Lajovic D.,89,132,652,486,6,3,6,4,,,,,,,2,0,Completed,1.57,2.38,,,1.62,2.43,1.58,2.31,1.74,2.34
20,Marrakech,Grand Prix Hassan II,4/1/2026,ATP250,Outdoor,Clay,1st Round,3,Kopriva V.,Medjedovic H.,70,81,763,680,6,7,7,5,6,2,,,,,2,1,Completed,2.2,1.67,,,2.25,1.67,2.23,1.62,2.4,1.7
20,Marrakech,Grand Prix Hassan II,4/1/2026,ATP250,Outdoor,Clay,2nd Round,3,Trungelliti M.,Majchrzak K.,117,53,561,955,7,6,6,3,,,,,,,2,0,Completed,2.5,1.53,,,2.7,1.53,2.6,1.48,2.68,1.59
20,Marrakech,Grand Prix Hassan II,4/1/2026,ATP250,Outdoor,Clay,2nd Round,3,Moutet C.,Baadi T.,32,587,1403,64,6,0,6,2,,,,,,,2,0,Completed,1.04,13,,,1.04,13,1.03,11.42,1.06,16.5
20,Marrakech,Grand Prix Hassan II,4/1/2026,ATP250,Outdoor,Clay,2nd Round,3,Darderi L.,Bellucci M.,19,73,2050,740,6,4,6,2,,,,,,,2,0,Completed,1.2,4.5,,,1.22,4.5,1.2,4.28,1.24,5.1
20,Marrakech,Grand Prix Hassan II,4/1/2026,ATP250,Outdoor,Clay,2nd Round,3,Hanfmann Y.,Bennani K.,61,731,857,41,6,4,6,7,6,2,,,,,2,1,Completed,1.05,11,,,1.05,12,1.05,9.67,1.06,16
20,Marrakech,Grand Prix Hassan II,4/2/2026,ATP250,Outdoor,Clay,2nd Round,3,Muller A.,Kopriva V.,94,70,645,763,6,3,7,6,,,,,,,2,0,Completed,2.1,1.73,,,2.1,1.83,2.06,1.73,2.28,1.76
20,Marrakech,Grand Prix Hassan II,4/2/2026,ATP250,Outdoor,Clay,2nd Round,3,Jodar R.,Machac T.,89,55,652,930,6,4,4,6,6,3,,,,,2,1,Completed,1.91,1.91,,,2.02,1.91,1.96,1.8,2.18,1.83
20,Marrakech,Grand Prix Hassan II,4/2/2026,ATP250,Outdoor,Clay,2nd Round,3,Ugo Carabelli C.,Buse I.,67,59,780,864,6,3,3,6,7,5,,,,,2,1,Completed,2.1,1.73,,,2.1,1.75,2.09,1.71,2.12,1.89
20,Marrakech,Grand Prix Hassan II,4/2/2026,ATP250,Outdoor,Clay,2nd Round,3,Van Assche L.,Griekspoor T.,109,30,601,1585,6,4,1,6,6,3,,,,,2,1,Completed,2.38,1.57,,,2.38,1.62,2.29,1.59,2.52,1.64
20,Marrakech,Grand Prix Hassan II,4/3/2026,ATP250,Outdoor,Clay,Quarterfinals,3,Trungelliti M.,Moutet C.,117,32,561,1403,4,6,6,3,6,4,,,,,2,1,Completed,2.75,1.44,,,2.95,1.44,2.81,1.41,2.96,1.5
20,Marrakech,Grand Prix Hassan II,4/3/2026,ATP250,Outdoor,Clay,Quarterfinals,3,Darderi L.,Hanfmann Y.,19,61,2050,857,,,,,,,,,,,,,Walkover,1.36,3.2,,,1.37,3.25,1.34,3.12,1.36,3
20,Marrakech,Grand Prix Hassan II,4/3/2026,ATP250,Outdoor,Clay,Quarterfinals,3,Jodar R.,Muller A.,89,94,652,645,6,2,2,0,,,,,,,1,0,Retired,1.53,2.5,,,1.56,2.5,1.53,2.45,1.58,2.7
20,Marrakech,Grand Prix Hassan II,4/3/2026,ATP250,Outdoor,Clay,Quarterfinals,3,Ugo Carabelli C.,Van Assche L.,67,109,780,601,0,6,6,3,6,2,,,,,2,1,Completed,1.62,2.3,,,1.63,2.45,1.59,2.29,1.71,2.4
20,Marrakech,Grand Prix Hassan II,4/4/2026,ATP250,Outdoor,Clay,Semifinals,3,Trungelliti M.,Darderi L.,117,19,561,2050,6,4,7,6,,,,,,,2,0,Completed,5,1.17,,,5.1,1.19,4.7,1.17,5.3,1.22
20,Marrakech,Grand Prix Hassan II,4/4/2026,ATP250,Outdoor,Clay,Semifinals,3,Jodar R.,Ugo Carabelli C.,89,67,652,780,6,2,6,1,,,,,,,2,0,Completed,1.44,2.75,,,1.49,3,1.43,2.74,1.5,2.96
20,Marrakech,Grand Prix Hassan II,4/5/2026,ATP250,Outdoor,Clay,The Final,3,Jodar R.,Trungelliti M.,89,117,652,561,6,3,6,2,,,,,,,2,0,Completed,1.33,3.4,,,1.34,3.5,1.31,3.33,1.35,3.7
21,Monte Carlo,Monte Carlo Masters,4/5/2026,Masters 1000,Outdoor,Clay,1st Round,3,Norrie C.,Kecmanovic M.,24,59,1753,875,6,2,4,6,7,6,,,,,2,1,Completed,1.67,2.2,,,1.67,2.24,1.66,2.17,1.8,2.22
21,Monte Carlo,Monte Carlo Masters,4/5/2026,Masters 1000,Outdoor,Clay,1st Round,3,Monfils G.,Griekspoor T.,199,32,290,1430,6,7,6,1,6,4,,,,,2,1,Completed,2.38,1.57,,,2.63,1.57,2.52,1.51,2.92,1.51
21,Monte Carlo,Monte Carlo Masters,4/5/2026,Masters 1000,Outdoor,Clay,1st Round,3,Tabilo A.,Fucsovics M.,39,58,1118,877,6,4,6,3,,,,,,,2,0,Completed,1.53,2.5,,,1.53,2.54,1.51,2.49,1.57,2.72
21,Monte Carlo,Monte Carlo Masters,4/5/2026,Masters 1000,Outdoor,Clay,1st Round,3,Humbert U.,Kouame M.,34,334,1320,151,6,3,7,5,,,,,,,2,0,Completed,1.25,4,,,1.25,4.5,1.23,4.04,1.29,4.3
21,Monte Carlo,Monte Carlo Masters,4/6/2026,Masters 1000,Outdoor,Clay,1st Round,3,Rublev A.,Borges N.,15,50,2400,970,6,4,1,6,6,1,,,,,2,1,Completed,1.22,4.33,,,1.24,4.5,1.22,4.15,1.26,4.7
21,Monte Carlo,Monte Carlo Masters,4/6/2026,Masters 1000,Outdoor,Clay,1st Round,3,Rinderknech A.,Khachanov K.,27,14,1651,2410,7,5,6,2,,,,,,,2,0,Completed,3,1.4,,,3.1,1.43,2.88,1.4,3.15,1.45
21,Monte Carlo,Monte Carlo Masters,4/6/2026,Masters 1000,Outdoor,Clay,1st Round,3,Bergs Z.,Mannarino A.,47,46,1010,1050,6,4,6,3,,,,,,,2,0,Completed,1.22,4.33,,,1.27,4.33,1.23,4.01,1.28,4.4
21,Monte Carlo,Monte Carlo Masters,4/6/2026,Masters 1000,Outdoor,Clay,1st Round,3,Baez S.,Wawrinka S.,65,104,840,608,7,5,7,5,,,,,,,2,0,Completed,1.4,3,,,1.45,3.1,1.4,2.88,1.44,3.25
21,Monte Carlo,Monte Carlo Masters,4/6/2026,Masters 1000,Outdoor,Clay,1st Round,3,Lehecka J.,Nava E.,13,103,2490,615,7,6,6,7,6,2,,,,,2,1,Completed,1.29,3.75,,,1.29,3.75,1.26,3.68,1.29,4.3
21,Monte Carlo,Monte Carlo Masters,4/6/2026,Masters 1000,Outdoor,Clay,1st Round,3,Garin C.,Arnaldi M.,109,107,599,605,6,2,6,4,,,,,,,2,0,Completed,1.62,2.3,,,1.67,2.33,1.62,2.25,1.67,2.44
21,Monte Carlo,Monte Carlo Masters,4/6/2026,Masters 1000,Outdoor,Clay,1st Round,3,Cerundolo F.,Tsitsipas S.,19,48,2020,995,7,5,6,4,,,,,,,2,0,Completed,1.73,2.1,,,1.75,2.12,1.73,2.07,1.82,2.2
21,Monte Carlo,Monte Carlo Masters,4/6/2026,Masters 1000,Outdoor,Clay,1st Round,3,Machac T.,Altmaier D.,53,49,930,994,6,4,1,6,6,3,,,,,2,1,Completed,1.5,2.63,,,1.57,2.63,1.53,2.46,1.56,2.74
21,Monte Carlo,Monte Carlo Masters,4/6/2026,Masters 1000,Outdoor,Clay,1st Round,3,Blockx A.,Shapovalov D.,91,38,649,1120,6,4,4,6,6,3,,,,,2,1,Completed,1.8,2,,,1.9,2,1.81,1.96,1.9,2.08
21,Monte Carlo,Monte Carlo Masters,4/6/2026,Masters 1000,Outdoor,Clay,1st Round,3,Fonseca J.,Diallo G.,40,36,1115,1175,6,2,6,3,,,,,,,2,0,Completed,1.22,4.33,,,1.25,4.33,1.23,4.01,1.26,4.7
21,Monte Carlo,Monte Carlo Masters,4/6/2026,Masters 1000,Outdoor,Clay,1st Round,3,Vacherot V.,Cerundolo J.M.,23,71,1818,773,5,7,6,2,6,1,,,,,2,1,Completed,1.33,3.4,,,1.41,3.4,1.37,2.98,1.46,3.1
21,Monte Carlo,Monte Carlo Masters,4/6/2026,Masters 1000,Outdoor,Clay,1st Round,3,Cobolli F.,Comesana F.,16,99,2320,634,7,5,2,6,6,3,,,,,2,1,Completed,1.57,2.38,,,1.58,2.4,1.56,2.38,1.62,2.56
21,Monte Carlo,Monte Carlo Masters,4/7/2026,Masters 1000,Outdoor,Clay,1st Round,3,Berrettini M.,Bautista Agut R.,90,85,650,673,4,0,,,,,,,,,0,0,Retired,1.3,3.5,,,1.3,3.6,1.3,3.46,1.32,4
21,Monte Carlo,Monte Carlo Masters,4/7/2026,Masters 1000,Outdoor,Clay,1st Round,3,Etcheverry T.,Dimitrov G.,30,93,1540,645,6,4,2,6,6,3,,,,,2,1,Completed,1.57,2.38,,,1.58,2.5,1.55,2.4,1.62,2.58
21,Monte Carlo,Monte Carlo Masters,4/7/2026,Masters 1000,Outdoor,Clay,1st Round,3,Hurkacz H.,Darderi L.,74,21,745,1920,7,6,5,7,6,1,,,,,2,1,Completed,3.2,1.36,,,3.25,1.42,2.99,1.38,3.3,1.42
21,Monte Carlo,Monte Carlo Masters,4/7/2026,Masters 1000,Outdoor,Clay,1st Round,3,Cilic M.,Shevchenko A.,51,77,950,727,6,1,6,3,,,,,,,2,0,Completed,1.8,2,,,1.8,2.08,1.79,1.99,1.97,2
21,Monte Carlo,Monte Carlo Masters,4/7/2026,Masters 1000,Outdoor,Clay,1st Round,3,Marozsan F.,Dzumhur D.,43,81,1095,681,6,2,6,1,,,,,,,2,0,Completed,1.36,3.2,,,1.44,3.25,1.37,3.01,1.38,3.3
21,Monte Carlo,Monte Carlo Masters,4/7/2026,Masters 1000,Outdoor,Clay,1st Round,3,Atmane T.,Quinn E.,45,54,1058,911,6,1,6,4,,,,,,,2,0,Completed,2.1,1.73,,,2.18,1.73,2.11,1.7,2.24,1.8
21,Monte Carlo,Monte Carlo Masters,4/7/2026,Masters 1000,Outdoor,Clay,1st Round,3,Ruud C.,Popyrin A.,12,44,2625,1060,6,3,6,4,,,,,,,2,0,Completed,1.3,3.5,,,1.3,3.75,1.29,3.51,1.34,3.8
21,Monte Carlo,Monte Carlo Masters,4/7/2026,Masters 1000,Outdoor,Clay,1st Round,3,Moutet C.,Muller A.,31,88,1433,651,6,4,6,1,,,,,,,2,0,Completed,1.5,2.63,,,1.54,2.63,1.51,2.53,1.63,2.56
21,Monte Carlo,Monte Carlo Masters,4/7/2026,Masters 1000,Outdoor,Clay,2nd Round,3,Sinner J.,Humbert U.,2,34,12400,1320,6,3,6,0,,,,,,,2,0,Completed,1.02,19,,,1.03,19,1.03,13.42,1.03,30
21,Monte Carlo,Monte Carlo Masters,4/7/2026,Masters 1000,Outdoor,Clay,2nd Round,3,Alcaraz C.,Baez S.,1,65,13590,840,6,1,6,3,,,,,,,2,0,Completed,1.03,15,,,1.04,21,1.03,13.5,1.05,19.5
21,Monte Carlo,Monte Carlo Masters,4/7/2026,Masters 1000,Outdoor,Clay,2nd Round,3,Bublik A.,Monfils G.,11,199,3345,290,6,4,6,4,,,,,,,2,0,Completed,1.44,2.75,,,1.45,2.85,1.44,2.74,1.48,3
21,Monte Carlo,Monte Carlo Masters,4/7/2026,Masters 1000,Outdoor,Clay,2nd Round,3,De Minaur A.,Norrie C.,6,24,4095,1753,7,6,2,6,6,2,,,,,2,1,Completed,1.44,2.75,,,1.44,3,1.41,2.84,1.44,3.2
21,Monte Carlo,Monte Carlo Masters,4/8/2026,Masters 1000,Outdoor,Clay,2nd Round,3,Berrettini M.,Medvedev D.,90,10,650,3610,6,0,6,0,,,,,,,2,0,Completed,3,1.4,,,3.25,1.4,3.05,1.37,3.2,1.44
21,Monte Carlo,Monte Carlo Masters,4/8/2026,Masters 1000,Outdoor,Clay,2nd Round,3,Bergs Z.,Rublev A.,47,15,1010,2400,6,4,6,1,,,,,,,2,0,Completed,3.4,1.33,,,3.4,1.4,3.08,1.36,3.4,1.41
21,Monte Carlo,Monte Carlo Masters,4/8/2026,Masters 1000,Outdoor,Clay,2nd Round,3,Lehecka J.,Tabilo A.,13,39,2490,1118,4,6,7,6,6,3,,,,,2,1,Completed,1.73,2.1,,,1.75,2.12,1.73,2.07,1.84,2.16
21,Monte Carlo,Monte Carlo Masters,4/8/2026,Masters 1000,Outdoor,Clay,2nd Round,3,Zverev A.,Garin C.,3,109,5205,599,4,6,6,4,7,5,,,,,2,1,Completed,1.1,7,,,1.13,7,1.11,6.37,1.14,7.6
21,Monte Carlo,Monte Carlo Masters,4/8/2026,Masters 1000,Outdoor,Clay,2nd Round,3,Fonseca J.,Rinderknech A.,40,27,1115,1651,7,5,4,6,6,3,,,,,2,1,Completed,1.25,4,,,1.29,4,1.25,3.78,1.3,4.2
21,Monte Carlo,Monte Carlo Masters,4/8/2026,Masters 1000,Outdoor,Clay,2nd Round,3,Machac T.,Cerundolo F.,53,19,930,2020,7,6,6,3,,,,,,,2,0,Completed,3.5,1.3,,,3.6,1.35,3.33,1.32,3.85,1.34
21,Monte Carlo,Monte Carlo Masters,4/8/2026,Masters 1000,Outdoor,Clay,2nd Round,3,Auger-Aliassime F.,Cilic M.,7,51,4000,950,7,6,6,3,,,,,,,2,0,Completed,1.44,2.75,,,1.44,2.88,1.43,2.77,1.49,2.98
21,Monte Carlo,Monte Carlo Masters,4/8/2026,Masters 1000,Outdoor,Clay,2nd Round,3,Ruud C.,Moutet C.,12,31,2625,1433,7,5,6,3,,,,,,,2,0,Completed,1.36,3.2,,,1.36,3.3,1.34,3.13,1.42,3.3
21,Monte Carlo,Monte Carlo Masters,4/8/2026,Masters 1000,Outdoor,Clay,2nd Round,3,Etcheverry T.,Atmane T.,30,45,1540,1058,3,6,6,3,6,2,,,,,2,1,Completed,1.36,3.2,,,1.38,3.25,1.36,3.05,1.43,3.3
21,Monte Carlo,Monte Carlo Masters,4/8/2026,Masters 1000,Outdoor,Clay,2nd Round,3,Blockx A.,Cobolli F.,91,16,649,2320,6,3,6,3,,,,,,,2,0,Completed,2.5,1.53,,,2.55,1.55,2.48,1.52,2.62,1.6
21,Monte Carlo,Monte Carlo Masters,4/8/2026,Masters 1000,Outdoor,Clay,2nd Round,3,Vacherot V.,Musetti L.,23,5,1818,4265,7,6,7,5,,,,,,,2,0,Completed,2.75,1.44,,,2.8,1.5,2.68,1.46,3.05,1.48
21,Monte Carlo,Monte Carlo Masters,4/8/2026,Masters 1000,Outdoor,Clay,2nd Round,3,Hurkacz H.,Marozsan F.,74,43,745,1095,6,2,6,3,,,,,,,2,0,Completed,2.1,1.73,,,2.2,1.73,2.1,1.71,2.2,1.8
21,Monte Carlo,Monte Carlo Masters,4/9/2026,Masters 1000,Outdoor,Clay,3rd Round,3,Fonseca J.,Berrettini M.,40,90,1115,650,6,3,6,2,,,,,,,2,0,Completed,1.62,2.3,,,1.67,2.31,1.63,2.24,1.79,2.26
21,Monte Carlo,Monte Carlo Masters,4/9/2026,Masters 1000,Outdoor,Clay,3rd Round,3,Zverev A.,Bergs Z.,3,47,5205,1010,6,2,7,5,,,,,,,2,0,Completed,1.17,5,,,1.24,5,1.2,4.4,1.23,5.3
21,Monte Carlo,Monte Carlo Masters,4/9/2026,Masters 1000,Outdoor,Clay,3rd Round,3,Auger-Aliassime F.,Ruud C.,7,12,4000,2625,7,5,2,2,,,,,,,1,0,Retired,2.38,1.57,,,2.63,1.6,2.39,1.56,2.7,1.58
21,Monte Carlo,Monte Carlo Masters,4/9/2026,Masters 1000,Outdoor,Clay,3rd Round,3,Sinner J.,Machac T.,2,53,12400,930,6,1,6,7,6,3,,,,,2,1,Completed,1.02,19,,,1.03,19,1.03,13.46,1.04,25
21,Monte Carlo,Monte Carlo Masters,4/9/2026,Masters 1000,Outdoor,Clay,3rd Round,3,Bublik A.,Lehecka J.,11,13,3345,2490,6,2,7,5,,,,,,,2,0,Completed,2.2,1.67,,,2.2,1.78,2.13,1.69,2.4,1.71
21,Monte Carlo,Monte Carlo Masters,4/9/2026,Masters 1000,Outdoor,Clay,3rd Round,3,Alcaraz C.,Etcheverry T.,1,30,13590,1540,6,1,4,6,6,3,,,,,2,1,Completed,1.03,15,,,1.04,19,1.03,13.42,1.03,26
21,Monte Carlo,Monte Carlo Masters,4/9/2026,Masters 1000,Outdoor,Clay,3rd Round,3,De Minaur A.,Blockx A.,6,91,4095,649,7,5,7,6,,,,,,,2,0,Completed,1.29,3.75,,,1.32,3.75,1.29,3.53,1.33,3.95
21,Monte Carlo,Monte Carlo Masters,4/9/2026,Masters 1000,Outdoor,Clay,3rd Round,3,Vacherot V.,Hurkacz H.,23,74,1818,745,6,7,6,3,6,4,,,,,2,1,Completed,1.57,2.38,,,1.66,2.38,1.63,2.23,1.68,2.44
21,Monte Carlo,Monte Carlo Masters,4/10/2026,Masters 1000,Outdoor,Clay,Quarterfinals,3,Zverev A.,Fonseca J.,3,40,5205,1115,7,5,6,7,6,3,,,,,2,1,Completed,1.62,2.3,,,1.63,2.38,1.6,2.3,1.65,2.5
21,Monte Carlo,Monte Carlo Masters,4/10/2026,Masters 1000,Outdoor,Clay,Quarterfinals,3,Sinner J.,Auger-Aliassime F.,2,7,12400,4000,6,3,6,4,,,,,,,2,0,Completed,1.1,7,,,1.13,7.5,1.1,6.56,1.15,7.2
21,Monte Carlo,Monte Carlo Masters,4/10/2026,Masters 1000,Outdoor,Clay,Quarterfinals,3,Alcaraz C.,Bublik A.,1,11,13590,3345,6,3,6,0,,,,,,,2,0,Completed,1.08,8,,,1.09,9,1.07,7.88,1.1,10
21,Monte Carlo,Monte Carlo Masters,4/10/2026,Masters 1000,Outdoor,Clay,Quarterfinals,3,Vacherot V.,De Minaur A.,23,6,1818,4095,6,4,3,6,6,3,,,,,2,1,Completed,2.75,1.44,,,2.8,1.5,2.68,1.45,2.8,1.54
21,Monte Carlo,Monte Carlo Masters,4/11/2026,Masters 1000,Outdoor,Clay,Semifinals,3,Sinner J.,Zverev A.,2,3,12400,5205,6,1,6,4,,,,,,,2,0,Completed,1.17,5,,,1.19,5.1,1.17,4.88,1.18,6.2
21,Monte Carlo,Monte Carlo Masters,4/11/2026,Masters 1000,Outdoor,Clay,Semifinals,3,Alcaraz C.,Vacherot V.,1,23,13590,1818,6,4,6,4,,,,,,,2,0,Completed,1.05,11,,,1.06,12,1.05,9.75,1.07,14.5
21,Monte Carlo,Monte Carlo Masters,4/12/2026,Masters 1000,Outdoor,Clay,The Final,3,Sinner J.,Alcaraz C.,2,1,12400,13590,7,6,6,3,,,,,,,2,0,Completed,1.8,2,,,1.91,2,1.85,1.94,1.93,2.06
22,Barcelona,Barcelona Open,4/13/2026,ATP500,Outdoor,Clay,1st Round,3,Moutet C.,Buse I.,31,60,1433,864,6,4,6,4,,,,,,,2,0,Completed,1.53,2.5,,,1.57,2.55,1.52,2.47,1.56,2.74
22,Barcelona,Barcelona Open,4/13/2026,ATP500,Outdoor,Clay,1st Round,3,Etcheverry T.,Draper J.,29,28,1590,1610,3,6,6,3,4,1,,,,,1,1,Retired,2.2,1.67,,,2.2,1.75,2.1,1.7,2.24,1.78
22,Barcelona,Barcelona Open,4/13/2026,ATP500,Outdoor,Clay,1st Round,3,Quinn E.,Opelka R.,50,68,927,803,7,5,7,6,,,,,,,2,0,Completed,1.5,2.63,,,1.5,2.63,1.48,2.57,1.57,2.74
22,Barcelona,Barcelona Open,4/13/2026,ATP500,Outdoor,Clay,1st Round,3,Norrie C.,Wawrinka S.,24,107,1778,608,6,4,6,7,6,4,,,,,2,1,Completed,1.29,3.75,,,1.29,3.75,1.28,3.59,1.32,4
22,Barcelona,Barcelona Open,4/13/2026,ATP500,Outdoor,Clay,1st Round,3,Medjedovic H.,Trungelliti M.,88,79,664,732,7,5,6,4,,,,,,,2,0,Completed,1.36,3.2,,,1.38,3.3,1.35,3.11,1.42,3.3
22,Barcelona,Barcelona Open,4/13/2026,ATP500,Outdoor,Clay,1st Round,3,Borges N.,Mannarino A.,52,46,895,1025,6,3,6,4,,,,,,,2,0,Completed,1.2,4.5,,,1.22,5,1.2,4.4,1.24,5
22,Barcelona,Barcelona Open,4/13/2026,ATP500,Outdoor,Clay,1st Round,3,Jodar R.,Munar J.,55,38,886,1175,6,1,6,2,,,,,,,2,0,Completed,1.4,3,,,1.44,3.1,1.39,2.93,1.42,3.25
22,Barcelona,Barcelona Open,4/14/2026,ATP500,Outdoor,Clay,1st Round,3,De Minaur A.,Ofner S.,7,86,3895,673,7,6,6,4,,,,,,,2,0,Completed,1.17,5,,,1.19,5.5,1.17,4.89,1.18,6.2
22,Barcelona,Barcelona Open,4/14/2026,ATP500,Outdoor,Clay,1st Round,3,Sonego L.,Martinez P.,66,125,810,496,6,2,2,6,6,4,,,,,2,1,Completed,2.75,1.44,,,2.75,1.5,2.6,1.48,2.66,1.59
22,Barcelona,Barcelona Open,4/14/2026,ATP500,Outdoor,Clay,1st Round,3,Musetti L.,Landaluce M.,9,101,3625,634,7,5,6,2,,,,,,,2,0,Completed,1.22,4.33,,,1.25,4.6,1.22,4.14,1.23,5.1
22,Barcelona,Barcelona Open,4/14/2026,ATP500,Outdoor,Clay,1st Round,3,Ugo Carabelli C.,Khachanov K.,64,14,825,2410,6,3,6,4,,,,,,,2,0,Completed,2.5,1.53,,,2.6,1.62,2.39,1.55,2.42,1.7
22,Barcelona,Barcelona Open,4/14/2026,ATP500,Outdoor,Clay,1st Round,3,Machac T.,Baez S.,47,57,980,880,2,6,6,4,6,1,,,,,2,1,Completed,1.57,2.38,,,1.67,2.38,1.61,2.26,1.75,2.32
22,Barcelona,Barcelona Open,4/14/2026,ATP500,Outdoor,Clay,1st Round,3,Alcaraz C.,Virtanen O.,2,130,13240,487,6,4,6,2,,,,,,,2,0,Completed,1.01,21,,,1.03,23,1.02,14.85,1.03,30
22,Barcelona,Barcelona Open,4/14/2026,ATP500,Outdoor,Clay,1st Round,3,Nakashima B.,Cerundolo J.M.,33,69,1385,803,6,3,7,5,,,,,,,2,0,Completed,2,1.8,,,2.1,1.83,2.01,1.77,2.18,1.84
22,Barcelona,Barcelona Open,4/14/2026,ATP500,Outdoor,Clay,1st Round,3,Rublev A.,Navone M.,15,44,2350,1085,6,4,7,5,,,,,,,2,0,Completed,1.57,2.38,,,1.67,2.38,1.63,2.22,1.72,2.36
22,Barcelona,Barcelona Open,4/14/2026,ATP500,Outdoor,Clay,1st Round,3,Fils A.,Atmane T.,30,41,1440,1108,4,6,6,4,7,6,,,,,2,1,Completed,1.17,5,,,1.18,5,1.17,4.85,1.22,5.3
22,Barcelona,Barcelona Open,4/15/2026,ATP500,Outdoor,Clay,2nd Round,3,Borges N.,Etcheverry T.,52,29,895,1590,6,3,7,6,,,,,,,2,0,Completed,3.5,1.3,,,3.5,1.33,3.35,1.31,3.85,1.34
22,Barcelona,Barcelona Open,4/15/2026,ATP500,Outdoor,Clay,2nd Round,3,Medjedovic H.,De Minaur A.,88,7,664,3895,6,3,6,4,,,,,,,2,0,Completed,3.5,1.3,,,3.5,1.4,3.09,1.35,3.4,1.4
22,Barcelona,Barcelona Open,4/15/2026,ATP500,Outdoor,Clay,2nd Round,3,Jodar R.,Ugo Carabelli C.,55,64,886,825,6,3,6,3,,,,,,,2,0,Completed,1.2,4.5,,,1.22,4.6,1.2,4.32,1.23,5.1
22,Barcelona,Barcelona Open,4/15/2026,ATP500,Outdoor,Clay,2nd Round,3,Norrie C.,Quinn E.,24,50,1778,927,6,3,4,6,6,4,,,,,2,1,Completed,1.5,2.63,,,1.53,2.65,1.5,2.54,1.63,2.56
22,Barcelona,Barcelona Open,4/16/2026,ATP500,Outdoor,Clay,2nd Round,3,Machac T.,Alcaraz C.,47,2,980,13240,,,,,,,,,,,,,Walkover,4.5,1.2,,,7,1.22,5.58,1.14,1.14,1.5
22,Barcelona,Barcelona Open,4/16/2026,ATP500,Outdoor,Clay,2nd Round,3,Rublev A.,Sonego L.,15,66,2350,810,6,2,6,3,,,,,,,2,0,Completed,1.25,4,,,1.26,4.2,1.25,3.86,1.28,4.4
22,Barcelona,Barcelona Open,4/16/2026,ATP500,Outdoor,Clay,2nd Round,3,Musetti L.,Moutet C.,9,31,3625,1433,6,3,6,4,,,,,,,2,0,Completed,1.25,4,,,1.3,4,1.25,3.76,1.29,4.3
22,Barcelona,Barcelona Open,4/16/2026,ATP500,Outdoor,Clay,2nd Round,3,Fils A.,Nakashima B.,30,33,1440,1385,6,2,6,3,,,,,,,2,0,Completed,1.29,3.75,,,1.3,4.33,1.27,3.67,1.3,4.2
22,Barcelona,Barcelona Open,4/17/2026,ATP500,Outdoor,Clay,Quarterfinals,3,Medjedovic H.,Borges N.,88,52,664,895,7,6,6,2,,,,,,,2,0,Completed,1.44,2.75,,,1.52,2.75,1.47,2.64,1.5,2.96
22,Barcelona,Barcelona Open,4/17/2026,ATP500,Outdoor,Clay,Quarterfinals,3,Rublev A.,Machac T.,15,47,2350,980,6,4,6,3,,,,,,,2,0,Completed,1.62,2.3,,,1.68,2.32,1.64,2.22,1.78,2.28
22,Barcelona,Barcelona Open,4/17/2026,ATP500,Outdoor,Clay,Quarterfinals,3,Fils A.,Musetti L.,30,9,1440,3625,6,3,6,4,,,,,,,2,0,Completed,1.91,1.91,,,1.93,1.91,1.88,1.88,1.91,2.06
22,Barcelona,Barcelona Open,4/17/2026,ATP500,Outdoor,Clay,Quarterfinals,3,Jodar R.,Norrie C.,55,24,886,1778,6,3,6,2,,,,,,,2,0,Completed,1.3,3.5,,,1.33,3.6,1.31,3.33,1.36,3.7
22,Barcelona,Barcelona Open,4/18/2026,ATP500,Outdoor,Clay,Semifinals,3,Rublev A.,Medjedovic H.,15,88,2350,664,3,6,6,2,6,2,,,,,2,1,Completed,1.53,2.5,,,1.57,2.5,1.54,2.42,1.59,2.64
22,Barcelona,Barcelona Open,4/18/2026,ATP500,Outdoor,Clay,Semifinals,3,Fils A.,Jodar R.,30,55,1440,886,3,6,6,3,6,2,,,,,2,1,Completed,1.62,2.3,,,1.63,2.38,1.59,2.29,1.67,2.48
22,Barcelona,Barcelona Open,4/19/2026,ATP500,Outdoor,Clay,The Final,3,Fils A.,Rublev A.,30,15,1440,2350,6,2,7,6,,,,,,,2,0,Completed,1.4,3,,,1.42,3.05,1.39,2.91,1.44,3.25
23,Munich,BMW Open,4/13/2026,ATP500,Outdoor,Clay,1st Round,3,Rinderknech A.,Michelsen A.,26,36,1676,1200,6,3,6,3,,,,,,,2,0,Completed,1.67,2.2,,,1.67,2.3,1.62,2.24,1.74,2.32
23,Munich,BMW Open,4/13/2026,ATP500,Outdoor,Clay,1st Round,3,Van De Zandschulp B.,Huesler M.,49,340,931,148,7,6,6,3,,,,,,,2,0,Completed,1.25,4,,,1.32,4,1.28,3.53,1.28,4.5
23,Munich,BMW Open,4/13/2026,ATP500,Outdoor,Clay,1st Round,3,Cerundolo F.,Nagal S.,19,292,2020,179,6,2,6,2,,,,,,,2,0,Completed,1.05,11,,,1.06,11,1.05,9.73,1.05,15
23,Munich,BMW Open,4/13/2026,ATP500,Outdoor,Clay,1st Round,3,Diallo G.,Sachko V.,37,208,1175,282,6,1,6,2,,,,,,,2,0,Completed,1.62,2.3,,,1.62,2.38,1.59,2.29,1.67,2.46
23,Munich,BMW Open,4/13/2026,ATP500,Outdoor,Clay,1st Round,3,Shelton B.,Nava E.,6,112,3900,580,7,6,3,6,6,3,,,,,2,1,Completed,1.33,3.4,,,1.36,4,1.3,3.46,1.32,4
23,Munich,BMW Open,4/13/2026,ATP500,Outdoor,Clay,1st Round,3,Blockx A.,Hanfmann Y.,71,51,772,899,7,6,6,2,,,,,,,2,0,Completed,1.91,1.91,,,1.91,2.2,1.86,1.91,2,1.98
23,Munich,BMW Open,4/14/2026,ATP500,Outdoor,Clay,1st Round,3,Shapovalov D.,Griekspoor T.,39,32,1120,1430,6,4,3,6,6,2,,,,,2,1,Completed,1.8,2,,,2,2,1.86,1.9,2.08,1.9
23,Munich,BMW Open,4/14/2026,ATP500,Outdoor,Clay,1st Round,3,Fonseca J.,Tabilo A.,35,45,1315,1068,7,6,6,3,,,,,,,2,0,Completed,1.4,3,,,1.42,3,1.4,2.85,1.44,3.2
23,Munich,BMW Open,4/14/2026,ATP500,Outdoor,Clay,1st Round,3,Darderi L.,Zhang Zh.,21,242,1920,230,7,6,3,6,6,1,,,,,2,1,Completed,1.33,3.4,,,1.33,3.7,1.32,3.3,1.36,3.7
23,Munich,BMW Open,4/14/2026,ATP500,Outdoor,Clay,1st Round,3,Zverev A.,Kecmanovic M.,3,58,5555,875,6,3,3,6,7,6,,,,,2,1,Completed,1.14,5.5,,,1.17,5.5,1.15,5.13,1.18,6.4
23,Munich,BMW Open,4/14/2026,ATP500,Outdoor,Clay,1st Round,3,Cobolli F.,Dedura D.,16,258,2320,210,6,4,7,5,,,,,,,2,0,Completed,1.22,4.33,,,1.25,4.33,1.22,4.01,1.27,4.4
23,Munich,BMW Open,4/14/2026,ATP500,Outdoor,Clay,1st Round,3,Kopriva V.,Engel J.,77,184,738,323,6,3,5,7,6,2,,,,,2,1,Completed,1.33,3.4,,,1.37,3.5,1.33,3.26,1.34,3.9
23,Munich,BMW Open,4/14/2026,ATP500,Outdoor,Clay,1st Round,3,Altmaier D.,Cilic M.,56,48,880,950,6,2,6,3,,,,,,,2,0,Completed,2.2,1.67,,,2.3,1.68,2.18,1.66,2.3,1.74
23,Munich,BMW Open,4/14/2026,ATP500,Outdoor,Clay,1st Round,3,Molcan A.,Bublik A.,166,11,376,3445,6,4,6,2,,,,,,,2,0,Completed,3.4,1.33,,,3.5,1.33,3.36,1.31,3.9,1.33
23,Munich,BMW Open,4/14/2026,ATP500,Outdoor,Clay,1st Round,3,Bergs Z.,Topo M.,40,260,1110,208,6,1,6,4,,,,,,,2,0,Completed,1.22,4.33,,,1.22,4.35,1.22,4.17,1.26,4.7
23,Munich,BMW Open,4/15/2026,ATP500,Outdoor,Clay,1st Round,3,Marozsan F.,Tsitsipas S.,42,67,1105,805,3,6,7,6,6,4,,,,,2,1,Completed,2.3,1.62,,,2.38,1.67,2.27,1.6,2.62,1.6
23,Munich,BMW Open,4/15/2026,ATP500,Outdoor,Clay,2nd Round,3,Fonseca J.,Rinderknech A.,35,26,1315,1676,6,3,6,2,,,,,,,2,0,Completed,1.3,3.5,,,1.33,3.5,1.3,3.39,1.37,3.65
23,Munich,BMW Open,4/15/2026,ATP500,Outdoor,Clay,2nd Round,3,Shelton B.,Blockx A.,6,71,3900,772,6,4,7,6,,,,,,,2,0,Completed,1.73,2.1,,,1.73,2.25,1.66,2.18,1.86,2.16
23,Munich,BMW Open,4/15/2026,ATP500,Outdoor,Clay,2nd Round,3,Cobolli F.,Bergs Z.,16,40,2320,1110,6,2,6,3,,,,,,,2,0,Completed,1.57,2.38,,,1.67,2.38,1.62,2.24,1.8,2.24
23,Munich,BMW Open,4/15/2026,ATP500,Outdoor,Clay,2nd Round,3,Kopriva V.,Darderi L.,77,21,738,1920,2,6,6,4,6,1,,,,,2,1,Completed,3.4,1.33,,,3.4,1.4,3.19,1.34,3.5,1.39
23,Munich,BMW Open,4/16/2026,ATP500,Outdoor,Clay,2nd Round,3,Cerundolo F.,Van De Zandschulp B.,19,49,2020,931,6,3,6,0,,,,,,,2,0,Completed,1.3,3.5,,,1.33,3.5,1.31,3.38,1.35,3.8
23,Munich,BMW Open,4/16/2026,ATP500,Outdoor,Clay,2nd Round,3,Molcan A.,Altmaier D.,166,56,376,880,6,4,7,6,,,,,,,2,0,Completed,2.2,1.67,,,2.2,1.74,2.11,1.7,2.42,1.69
23,Munich,BMW Open,4/16/2026,ATP500,Outdoor,Clay,2nd Round,3,Zverev A.,Diallo G.,3,37,5555,1175,6,1,6,2,,,,,,,2,0,Completed,1.07,9,,,1.08,9,1.07,7.9,1.09,11
23,Munich,BMW Open,4/16/2026,ATP500,Outdoor,Clay,2nd Round,3,Shapovalov D.,Marozsan F.,39,42,1120,1105,7,6,6,2,,,,,,,2,0,Completed,2.1,1.73,,,2.15,1.75,2.08,1.72,2.08,1.89
23,Munich,BMW Open,4/17/2026,ATP500,Outdoor,Clay,Quarterfinals,3,Cobolli F.,Kopriva V.,16,77,2320,738,6,3,6,2,,,,,,,2,0,Completed,1.4,3,,,1.4,3.15,1.36,3.01,1.45,3.2
23,Munich,BMW Open,4/17/2026,ATP500,Outdoor,Clay,Quarterfinals,3,Zverev A.,Cerundolo F.,3,19,5555,2020,5,7,6,0,6,2,,,,,2,1,Completed,1.36,3.2,,,1.4,3.25,1.35,3.08,1.42,3.3
23,Munich,BMW Open,4/17/2026,ATP500,Outdoor,Clay,Quarterfinals,3,Shelton B.,Fonseca J.,6,35,3900,1315,6,3,3,6,6,3,,,,,2,1,Completed,2.75,1.44,,,2.75,1.49,2.69,1.44,3,1.49
23,Munich,BMW Open,4/17/2026,ATP500,Outdoor,Clay,Quarterfinals,3,Molcan A.,Shapovalov D.,166,39,376,1120,6,4,6,4,,,,,,,2,0,Completed,2.2,1.67,,,2.2,1.8,2.12,1.7,2.36,1.72
23,Munich,BMW Open,4/18/2026,ATP500,Outdoor,Clay,Semifinals,3,Cobolli F.,Zverev A.,16,3,2320,5555,6,3,6,3,,,,,,,2,0,Completed,5,1.17,,,5,1.2,4.71,1.18,5.7,1.2
23,Munich,BMW Open,4/18/2026,ATP500,Outdoor,Clay,Semifinals,3,Shelton B.,Molcan A.,6,166,3900,376,6,3,6,4,,,,,,,2,0,Completed,1.44,2.75,,,1.44,3.5,1.36,3.07,1.44,3.2
23,Munich,BMW Open,4/19/2026,ATP500,Outdoor,Clay,The Final,3,Shelton B.,Cobolli F.,6,16,3900,2320,6,2,7,5,,,,,,,2,0,Completed,1.91,1.91,,,2,2.03,1.88,1.87,2.08,1.91
24,Madrid,Mutua Madrid Open,4/22/2026,Masters 1000,Outdoor,Clay,1st Round,3,Cilic M.,Bergs Z.,51,44,950,1060,4,6,6,3,6,4,,,,,2,1,Completed,2,1.8,,,2,1.91,1.94,1.84,,
24,Madrid,Mutua Madrid Open,4/22/2026,Masters 1000,Outdoor,Clay,1st Round,3,Nava E.,Brooksby J.,116,61,549,852,6,3,7,5,,,,,,,2,0,Completed,1.5,2.63,,,1.53,2.75,1.48,2.6,,
24,Madrid,Mutua Madrid Open,4/22/2026,Masters 1000,Outdoor,Clay,1st Round,3,Kopriva V.,Zhang Zh.,66,245,826,230,6,2,6,0,,,,,,,2,0,Completed,2,1.8,,,2.1,1.93,1.94,1.82,,
24,Madrid,Mutua Madrid Open,4/22/2026,Masters 1000,Outdoor,Clay,1st Round,3,Buse I.,Mannarino A.,58,46,864,1025,6,4,6,2,,,,,,,2,0,Completed,1.14,5.5,,,1.18,6,1.15,5.22,,
24,Madrid,Mutua Madrid Open,4/22/2026,Masters 1000,Outdoor,Clay,1st Round,3,Dzumhur D.,Bellucci M.,84,78,694,734,6,2,6,4,,,,,,,2,0,Completed,2,1.8,,,2.1,1.83,2.02,1.76,,
24,Madrid,Mutua Madrid Open,4/22/2026,Masters 1000,Outdoor,Clay,1st Round,3,Prizmic D.,Berrettini M.,87,92,670,650,6,3,6,4,,,,,,,2,0,Completed,2.5,1.53,,,2.5,1.73,2.21,1.64,,
24,Madrid,Mutua Madrid Open,4/22/2026,Masters 1000,Outdoor,Clay,1st Round,3,Struff J.L.,Muller A.,81,95,709,641,7,6,6,0,,,,,,,2,0,Completed,2.5,1.53,,,2.5,1.65,2.32,1.59,,
24,Madrid,Mutua Madrid Open,4/22/2026,Masters 1000,Outdoor,Clay,1st Round,3,Lajovic D.,Sonego L.,138,62,451,850,6,3,7,6,,,,,,,2,0,Completed,1.67,2.2,,,1.73,2.2,1.68,2.15,,
24,Madrid,Mutua Madrid Open,4/22/2026,Masters 1000,Outdoor,Clay,1st Round,3,Ofner S.,Basilashvili N.,83,120,698,516,7,6,7,6,,,,,,,2,0,Completed,1.57,2.38,,,1.62,2.4,1.56,2.37,,
24,Madrid,Mutua Madrid Open,4/22/2026,Masters 1000,Outdoor,Clay,1st Round,3,Tirante T.A.,Bautista Agut R.,75,93,765,649,6,2,6,4,,,,,,,2,0,Completed,1.44,2.75,,,1.57,2.75,1.49,2.57,,
24,Madrid,Mutua Madrid Open,4/22/2026,Masters 1000,Outdoor,Clay,1st Round,3,Moller E.,Cina F.,169,205,364,285,6,4,7,6,,,,,,,2,0,Completed,1.57,2.38,,,1.62,2.5,1.56,2.37,,
24,Madrid,Mutua Madrid Open,4/22/2026,Masters 1000,Outdoor,Clay,1st Round,3,Hurkacz H.,Faria J.,63,136,845,459,6,3,6,3,,,,,,,2,0,Completed,1.36,3.2,,,1.37,3.25,1.35,3.13,,
24,Madrid,Mutua Madrid Open,4/22/2026,Masters 1000,Outdoor,Clay,1st Round,3,Bonzi B.,Droguet T.,104,113,616,571,6,7,7,6,6,4,,,,,2,1,Completed,2.2,1.67,,,2.2,1.7,2.15,1.68,,
24,Madrid,Mutua Madrid Open,4/22/2026,Masters 1000,Outdoor,Clay,1st Round,3,Machac T.,Comesana F.,41,105,1080,610,3,6,7,6,6,3,,,,,2,1,Completed,1.4,3,,,1.46,3,1.41,2.81,,
24,Madrid,Mutua Madrid Open,4/22/2026,Masters 1000,Outdoor,Clay,1st Round,3,Jodar R.,De Jong J.,42,109,1080,588,2,6,7,5,6,4,,,,,2,1,Completed,1.17,5,,,1.17,5.5,1.15,5.1,,
24,Madrid,Mutua Madrid Open,4/22/2026,Masters 1000,Outdoor,Clay,1st Round,3,Tabilo A.,Royer V.,43,72,1068,794,6,2,6,4,,,,,,,2,0,Completed,1.3,3.5,,,1.36,3.5,1.33,3.28,,
24,Madrid,Mutua Madrid Open,4/23/2026,Masters 1000,Outdoor,Clay,1st Round,3,Atmane T.,Kecmanovic M.,47,65,983,835,6,4,7,5,,,,,,,2,0,Completed,2,1.8,,,2.1,1.85,1.99,1.79,,
24,Madrid,Mutua Madrid Open,4/23/2026,Masters 1000,Outdoor,Clay,1st Round,3,Carreno Busta P.,Fucsovics M.,94,54,646,887,4,6,7,6,6,2,,,,,2,1,Completed,1.8,2,,,1.91,2,1.82,1.95,,
24,Madrid,Mutua Madrid Open,4/23/2026,Masters 1000,Outdoor,Clay,1st Round,3,Blockx A.,Garin C.,69,85,814,679,4,6,7,5,7,5,,,,,2,1,Completed,1.67,2.2,,,1.67,2.38,1.61,2.27,,
24,Madrid,Mutua Madrid Open,4/23/2026,Masters 1000,Outdoor,Clay,1st Round,3,Hanfmann Y.,Giron M.,60,76,857,750,6,4,6,7,7,5,,,,,2,1,Completed,1.36,3.2,,,1.38,3.3,1.35,3.11,,
24,Madrid,Mutua Madrid Open,4/23/2026,Masters 1000,Outdoor,Clay,1st Round,3,Marozsan F.,Quinn E.,50,48,955,977,7,6,7,6,,,,,,,2,0,Completed,1.73,2.1,,,1.73,2.2,1.69,2.13,,
24,Madrid,Mutua Madrid Open,4/23/2026,Masters 1000,Outdoor,Clay,1st Round,3,Munar J.,Shevchenko A.,38,82,1135,704,6,4,6,1,,,,,,,2,0,Completed,1.44,2.75,,,1.47,2.85,1.43,2.74,,
24,Madrid,Mutua Madrid Open,4/23/2026,Masters 1000,Outdoor,Clay,1st Round,3,Navone M.,Borges N.,45,49,1055,970,6,3,6,4,,,,,,,2,0,Completed,1.53,2.5,,,1.56,2.7,1.5,2.54,,
24,Madrid,Mutua Madrid Open,4/23/2026,Masters 1000,Outdoor,Clay,1st Round,3,Damm M.,Popyrin A.,126,56,499,870,7,6,6,4,,,,,,,2,0,Completed,2.63,1.5,,,2.75,1.53,2.53,1.5,,
24,Madrid,Mutua Madrid Open,4/23/2026,Masters 1000,Outdoor,Clay,1st Round,3,Vallejo D.,Dimitrov G.,96,137,640,455,6,4,6,4,,,,,,,2,0,Completed,1.91,1.91,,,2.06,1.91,1.9,1.87,,
24,Madrid,Mutua Madrid Open,4/23/2026,Masters 1000,Outdoor,Clay,1st Round,3,Tsitsipas S.,Kypson P.,80,90,715,653,3,6,7,6,7,6,,,,,2,1,Completed,1.36,3.2,,,1.37,3.25,1.36,3.07,,
24,Madrid,Mutua Madrid Open,4/23/2026,Masters 1000,Outdoor,Clay,1st Round,3,Gaubas V.,Baez S.,124,64,503,840,7,5,6,1,,,,,,,2,0,Completed,3.2,1.36,,,3.25,1.4,3.06,1.36,,
24,Madrid,Mutua Madrid Open,4/23/2026,Masters 1000,Outdoor,Clay,1st Round,3,Cerundolo J.M.,Altmaier D.,67,55,816,880,6,4,6,4,,,,,,,2,0,Completed,1.67,2.2,,,1.7,2.25,1.65,2.2,,
24,Madrid,Mutua Madrid Open,4/23/2026,Masters 1000,Outdoor,Clay,1st Round,3,Ugo Carabelli C.,Monfils G.,57,200,865,290,6,3,6,4,,,,,,,2,0,Completed,1.5,2.63,,,1.53,2.63,1.51,2.52,,
24,Madrid,Mutua Madrid Open,4/23/2026,Masters 1000,Outdoor,Clay,1st Round,3,Merida Aguilar D.,Trungelliti M.,102,77,632,737,6,4,1,6,7,6,,,,,2,1,Completed,1.67,2.2,,,1.7,2.3,1.64,2.21,,
24,Madrid,Mutua Madrid Open,4/23/2026,Masters 1000,Outdoor,Clay,1st Round,3,Walton A.,Landaluce M.,117,99,547,634,6,2,6,3,,,,,,,2,0,Completed,4.5,1.2,,,4.8,1.23,4.39,1.2,,
24,Madrid,Mutua Madrid Open,4/23/2026,Masters 1000,Outdoor,Clay,1st Round,3,Budkov Kjaer N.,Opelka R.,140,70,451,803,5,3,,,,,,,,,0,0,Retired,1.91,1.91,,,2.15,1.91,1.96,1.81,,
24,Madrid,Mutua Madrid Open,4/24/2026,Masters 1000,Outdoor,Clay,2nd Round,3,Michelsen A.,Struff J.L.,37,81,1200,709,6,2,6,1,,,,,,,2,0,Completed,2.1,1.73,,,2.2,1.73,2.15,1.68,,
24,Madrid,Mutua Madrid Open,4/24/2026,Masters 1000,Outdoor,Clay,2nd Round,3,Griekspoor T.,Dzumhur D.,33,84,1340,694,6,3,6,4,,,,,,,2,0,Completed,1.53,2.5,,,1.55,2.63,1.52,2.5,,
24,Madrid,Mutua Madrid Open,4/24/2026,Masters 1000,Outdoor,Clay,2nd Round,3,Musetti L.,Hurkacz H.,9,63,3715,845,6,4,7,6,,,,,,,2,0,Completed,1.53,2.5,,,1.57,2.5,1.55,2.4,,
24,Madrid,Mutua Madrid Open,4/24/2026,Masters 1000,Outdoor,Clay,2nd Round,3,Nava E.,Vacherot V.,116,17,549,2168,6,7,7,6,6,3,,,,,2,1,Completed,3.75,1.29,,,3.75,1.33,3.58,1.29,,
24,Madrid,Mutua Madrid Open,4/24/2026,Masters 1000,Outdoor,Clay,2nd Round,3,Rinderknech A.,Lajovic D.,26,138,1716,451,6,3,6,2,,,,,,,2,0,Completed,1.57,2.38,,,1.6,2.43,1.57,2.37,,
24,Madrid,Mutua Madrid Open,4/24/2026,Masters 1000,Outdoor,Clay,2nd Round,3,Moller E.,Diallo G.,169,36,364,1200,7,5,3,3,,,,,,,1,0,Retired,2.2,1.67,,,2.3,1.67,2.22,1.63,,
24,Madrid,Mutua Madrid Open,4/24/2026,Masters 1000,Outdoor,Clay,2nd Round,3,Prizmic D.,Shelton B.,87,6,670,4070,6,4,6,7,7,6,,,,,2,1,Completed,2.75,1.44,,,2.8,1.5,2.67,1.46,,
24,Madrid,Mutua Madrid Open,4/24/2026,Masters 1000,Outdoor,Clay,2nd Round,3,Lehecka J.,Tabilo A.,14,43,2540,1068,3,6,7,6,6,4,,,,,2,1,Completed,1.62,2.3,,,1.73,2.3,1.65,2.22,,
24,Madrid,Mutua Madrid Open,4/24/2026,Masters 1000,Outdoor,Clay,2nd Round,3,Fils A.,Buse I.,25,58,1740,864,6,7,7,6,7,5,,,,,2,1,Completed,1.14,5.5,,,1.17,5.5,1.15,5.31,,
24,Madrid,Mutua Madrid Open,4/24/2026,Masters 1000,Outdoor,Clay,2nd Round,3,Sinner J.,Bonzi B.,1,104,13350,616,6,7,6,1,6,4,,,,,2,1,Completed,-,34,,,1.02,51,1.01,25.17,,
24,Madrid,Mutua Madrid Open,4/24/2026,Masters 1000,Outdoor,Clay,2nd Round,3,Etcheverry T.,Ofner S.,29,83,1590,698,6,4,6,4,,,,,,,2,0,Completed,1.57,2.38,,,1.57,2.5,1.55,2.41,,
24,Madrid,Mutua Madrid Open,4/24/2026,Masters 1000,Outdoor,Clay,2nd Round,3,Kopriva V.,Rublev A.,66,12,826,2630,6,3,6,4,,,,,,,2,0,Completed,3.5,1.3,,,3.75,1.3,3.51,1.29,,
24,Madrid,Mutua Madrid Open,4/24/2026,Masters 1000,Outdoor,Clay,2nd Round,3,Norrie C.,Machac T.,23,41,1868,1080,6,2,6,7,7,6,,,,,2,1,Completed,2.2,1.67,,,2.2,1.73,2.15,1.67,,
24,Madrid,Mutua Madrid Open,4/24/2026,Masters 1000,Outdoor,Clay,2nd Round,3,Jodar R.,De Minaur A.,42,8,1080,3845,6,3,6,1,,,,,,,2,0,Completed,2.1,1.73,,,2.1,1.83,2.02,1.77,,
24,Madrid,Mutua Madrid Open,4/24/2026,Masters 1000,Outdoor,Clay,2nd Round,3,Fonseca J.,Cilic M.,31,51,1415,950,,,,,,,,,,,,,Walkover,1.25,4,,,1.25,4.2,1.24,3.96,,
24,Madrid,Mutua Madrid Open,4/24/2026,Masters 1000,Outdoor,Clay,2nd Round,3,Tirante T.A.,Paul T.,75,18,765,2065,7,5,6,4,,,,,,,2,0,Completed,2.75,1.44,,,3,1.44,2.88,1.4,,
24,Madrid,Mutua Madrid Open,4/25/2026,Masters 1000,Outdoor,Clay,2nd Round,3,Davidovich Fokina A.,Carreno Busta P.,24,94,1820,646,6,3,6,3,,,,,,,2,0,Completed,1.44,2.75,,,1.5,2.8,1.45,2.7,,
24,Madrid,Mutua Madrid Open,4/25/2026,Masters 1000,Outdoor,Clay,2nd Round,3,Cerundolo F.,Hanfmann Y.,20,60,1920,857,6,1,7,5,,,,,,,2,0,Completed,1.36,3.2,,,1.37,3.3,1.35,3.1,,
24,Madrid,Mutua Madrid Open,4/25/2026,Masters 1000,Outdoor,Clay,2nd Round,3,Khachanov K.,Walton A.,16,117,2220,547,6,2,6,3,,,,,,,2,0,Completed,1.2,4.5,,,1.21,4.6,1.2,4.35,,
24,Madrid,Mutua Madrid Open,4/25/2026,Masters 1000,Outdoor,Clay,2nd Round,3,Darderi L.,Cerundolo J.M.,22,67,1870,816,6,1,6,3,,,,,,,2,0,Completed,1.57,2.38,,,1.62,2.43,1.57,2.33,,
24,Madrid,Mutua Madrid Open,4/25/2026,Masters 1000,Outdoor,Clay,2nd Round,3,Mensik J.,Damm M.,27,126,1700,499,6,3,6,4,,,,,,,2,0,Completed,1.3,3.5,,,1.33,3.75,1.3,3.45,,
24,Madrid,Mutua Madrid Open,4/25/2026,Masters 1000,Outdoor,Clay,2nd Round,3,Ruud C.,Munar J.,15,38,2535,1135,6,0,6,1,,,,,,,2,0,Completed,1.3,3.5,,,1.43,3.5,1.36,3.08,,
24,Madrid,Mutua Madrid Open,4/25/2026,Masters 1000,Outdoor,Clay,2nd Round,3,Blockx A.,Nakashima B.,69,32,814,1385,3,6,6,3,6,4,,,,,2,1,Completed,1.62,2.3,,,1.67,2.3,1.62,2.23,,
24,Madrid,Mutua Madrid Open,4/25/2026,Masters 1000,Outdoor,Clay,2nd Round,3,Atmane T.,Humbert U.,47,34,983,1320,7,6,7,6,,,,,,,2,0,Completed,1.62,2.3,,,1.7,2.75,1.61,2.29,,
24,Madrid,Mutua Madrid Open,4/25/2026,Masters 1000,Outdoor,Clay,2nd Round,3,Auger-Aliassime F.,Gaubas V.,5,124,4100,503,6,3,6,4,,,,,,,2,0,Completed,1.25,4,,,1.29,4,1.26,3.76,,
24,Madrid,Mutua Madrid Open,4/25/2026,Masters 1000,Outdoor,Clay,2nd Round,3,Zverev A.,Navone M.,3,45,5255,1055,6,1,3,6,6,3,,,,,2,1,Completed,1.22,4.33,,,1.24,4.5,1.21,4.24,,
24,Madrid,Mutua Madrid Open,4/25/2026,Masters 1000,Outdoor,Clay,2nd Round,3,Cobolli F.,Ugo Carabelli C.,13,57,2600,865,6,7,6,1,6,4,,,,,2,1,Completed,1.44,2.75,,,1.45,2.9,1.42,2.81,,
24,Madrid,Mutua Madrid Open,4/25/2026,Masters 1000,Outdoor,Clay,2nd Round,3,Vallejo D.,Tien L.,96,21,640,1885,6,4,6,3,,,,,,,2,0,Completed,1.62,2.3,,,1.67,2.3,1.64,2.21,,
24,Madrid,Mutua Madrid Open,4/25/2026,Masters 1000,Outdoor,Clay,2nd Round,3,Medvedev D.,Marozsan F.,10,50,3560,955,6,2,6,7,6,4,,,,,2,1,Completed,1.62,2.3,,,1.63,2.3,1.62,2.25,,
24,Madrid,Mutua Madrid Open,4/25/2026,Masters 1000,Outdoor,Clay,2nd Round,3,Merida Aguilar D.,Moutet C.,102,30,632,1433,6,3,6,4,,,,,,,2,0,Completed,2.75,1.44,,,2.75,1.57,2.59,1.48,,
24,Madrid,Mutua Madrid Open,4/25/2026,Masters 1000,Outdoor,Clay,2nd Round,3,Budkov Kjaer N.,Shapovalov D.,140,35,451,1210,6,2,6,1,,,,,,,2,0,Completed,2.1,1.73,,,2.3,1.8,2.14,1.68,,
24,Madrid,Mutua Madrid Open,4/25/2026,Masters 1000,Outdoor,Clay,2nd Round,3,Tsitsipas S.,Bublik A.,80,11,715,3445,6,2,7,5,,,,,,,2,0,Completed,1.17,5,,,1.17,7,1.14,5.26,,
24,Madrid,Mutua Madrid Open,4/26/2026,Masters 1000,Outdoor,Clay,3rd Round,3,Lehecka J.,Michelsen A.,14,37,2540,1200,6,4,6,2,,,,,,,2,0,Completed,1.36,3.2,,,1.36,3.4,1.34,3.2,,
24,Madrid,Mutua Madrid Open,4/26/2026,Masters 1000,Outdoor,Clay,3rd Round,3,Musetti L.,Griekspoor T.,9,33,3715,1340,6,4,7,5,,,,,,,2,0,Completed,1.25,4,,,1.25,4.5,1.22,4.11,,
24,Madrid,Mutua Madrid Open,4/26/2026,Masters 1000,Outdoor,Clay,3rd Round,3,Etcheverry T.,Prizmic D.,29,87,1590,670,2,6,6,4,6,3,,,,,2,1,Completed,1.8,2,,,1.8,2.05,1.76,2.01,,
24,Madrid,Mutua Madrid Open,4/26/2026,Masters 1000,Outdoor,Clay,3rd Round,3,Sinner J.,Moller E.,1,169,13350,364,6,2,6,3,,,,,,,2,0,Completed,1.01,29,,,1.02,34,1.01,19.27,,
24,Madrid,Mutua Madrid Open,4/26/2026,Masters 1000,Outdoor,Clay,3rd Round,3,Fils A.,Nava E.,25,116,1740,549,7,6,6,3,,,,,,,2,0,Completed,1.14,5.5,,,1.14,6,1.13,5.54,,
24,Madrid,Mutua Madrid Open,4/26/2026,Masters 1000,Outdoor,Clay,3rd Round,3,Norrie C.,Tirante T.A.,23,75,1868,765,7,5,7,6,,,,,,,2,0,Completed,1.73,2.1,,,1.85,2.1,1.76,2.01,,
24,Madrid,Mutua Madrid Open,4/26/2026,Masters 1000,Outdoor,Clay,3rd Round,3,Kopriva V.,Rinderknech A.,66,26,826,1716,6,4,3,6,,,,,,,1,1,Retired,2.2,1.67,,,2.2,1.75,2.13,1.69,,
24,Madrid,Mutua Madrid Open,4/26/2026,Masters 1000,Outdoor,Clay,3rd Round,3,Jodar R.,Fonseca J.,42,31,1080,1415,7,6,4,6,6,1,,,,,2,1,Completed,1.67,2.2,,,1.73,2.2,1.7,2.11,,
24,Madrid,Mutua Madrid Open,4/27/2026,Masters 1000,Outdoor,Clay,3rd Round,3,Ruud C.,Davidovich Fokina A.,15,24,2535,1820,6,3,6,1,,,,,,,2,0,Completed,1.36,3.2,,,1.4,3.25,1.35,3.11,,
24,Madrid,Mutua Madrid Open,4/27/2026,Masters 1000,Outdoor,Clay,3rd Round,3,Tsitsipas S.,Merida Aguilar D.,80,102,715,632,6,4,6,2,,,,,,,2,0,Completed,1.4,3,,,1.44,3,1.41,2.82,,
24,Madrid,Mutua Madrid Open,4/27/2026,Masters 1000,Outdoor,Clay,3rd Round,3,Cerundolo F.,Darderi L.,20,22,1920,1870,6,2,6,3,,,,,,,2,0,Completed,1.44,2.75,,,1.5,2.75,1.45,2.69,,
24,Madrid,Mutua Madrid Open,4/27/2026,Masters 1000,Outdoor,Clay,3rd Round,3,Medvedev D.,Budkov Kjaer N.,10,140,3560,451,6,3,6,2,,,,,,,2,0,Completed,1.3,3.5,,,1.33,3.75,1.3,3.42,,
24,Madrid,Mutua Madrid Open,4/27/2026,Masters 1000,Outdoor,Clay,3rd Round,3,Blockx A.,Auger-Aliassime F.,69,5,814,4100,7,6,6,3,,,,,,,2,0,Completed,3.5,1.3,,,3.5,1.34,3.3,1.32,,
24,Madrid,Mutua Madrid Open,4/27/2026,Masters 1000,Outdoor,Clay,3rd Round,3,Zverev A.,Atmane T.,3,47,5255,983,6,3,7,6,,,,,,,2,0,Completed,1.14,5.5,,,1.15,5.5,1.14,5.29,,
24,Madrid,Mutua Madrid Open,4/27/2026,Masters 1000,Outdoor,Clay,3rd Round,3,Cobolli F.,Vallejo D.,13,96,2600,640,6,3,6,2,,,,,,,2,0,Completed,1.44,2.75,,,1.46,2.9,1.42,2.8,,
24,Madrid,Mutua Madrid Open,4/27/2026,Masters 1000,Outdoor,Clay,3rd Round,3,Mensik J.,Khachanov K.,27,16,1700,2220,6,4,7,6,,,,,,,2,0,Completed,1.44,2.75,,,1.44,3.5,1.39,2.9,,
24,Madrid,Mutua Madrid Open,4/28/2026,Masters 1000,Outdoor,Clay,4th Round,3,Fils A.,Etcheverry T.,25,29,1740,1590,6,3,6,4,,,,,,,2,0,Completed,1.3,3.5,,,1.33,3.6,1.31,3.4,,
24,Madrid,Mutua Madrid Open,4/28/2026,Masters 1000,Outdoor,Clay,4th Round,3,Sinner J.,Norrie C.,1,23,13350,1868,6,2,7,5,,,,,,,2,0,Completed,1.02,19,,,1.03,26,1.02,15.18,,
24,Madrid,Mutua Madrid Open,4/28/2026,Masters 1000,Outdoor,Clay,4th Round,3,Lehecka J.,Musetti L.,14,9,2540,3715,6,3,6,3,,,,,,,2,0,Completed,2.5,1.53,,,2.5,1.62,2.35,1.57,,
24,Madrid,Mutua Madrid Open,4/28/2026,Masters 1000,Outdoor,Clay,4th Round,3,Ruud C.,Tsitsipas S.,15,80,2535,715,6,7,7,6,7,6,,,,,2,1,Completed,1.36,3.2,,,1.38,3.3,1.36,3.1,,
24,Madrid,Mutua Madrid Open,4/28/2026,Masters 1000,Outdoor,Clay,4th Round,3,Jodar R.,Kopriva V.,42,66,1080,826,7,5,6,0,,,,,,,2,0,Completed,1.17,5,,,1.19,5.5,1.17,4.89,,
24,Madrid,Mutua Madrid Open,4/28/2026,Masters 1000,Outdoor,Clay,4th Round,3,Blockx A.,Cerundolo F.,69,20,814,1920,7,6,6,2,,,,,,,2,0,Completed,3,1.4,,,3.3,1.44,2.95,1.39,,
24,Madrid,Mutua Madrid Open,4/28/2026,Masters 1000,Outdoor,Clay,4th Round,3,Cobolli F.,Medvedev D.,13,10,2600,3560,6,3,5,7,6,4,,,,,2,1,Completed,1.91,1.91,,,2.1,1.91,1.97,1.82,,
24,Madrid,Mutua Madrid Open,4/28/2026,Masters 1000,Outdoor,Clay,4th Round,3,Zverev A.,Mensik J.,3,27,5255,1700,6,4,6,7,6,3,,,,,2,1,Completed,1.44,2.75,,,1.5,3.25,1.44,2.73,,
24,Madrid,Mutua Madrid Open,4/29/2026,Masters 1000,Outdoor,Clay,Quarterfinals,3,Sinner J.,Jodar R.,1,42,13350,1080,6,2,7,6,,,,,,,2,0,Completed,1.14,5.5,,,1.18,5.5,1.15,5.13,,
24,Madrid,Mutua Madrid Open,4/29/2026,Masters 1000,Outdoor,Clay,Quarterfinals,3,Fils A.,Lehecka J.,25,14,1740,2540,6,3,6,4,,,,,,,2,0,Completed,1.22,4.33,,,1.22,5.5,1.18,4.6,,
24,Madrid,Mutua Madrid Open,4/30/2026,Masters 1000,Outdoor,Clay,Quarterfinals,3,Blockx A.,Ruud C.,69,15,814,2535,6,4,6,4,,,,,,,2,0,Completed,3.5,1.3,,,3.5,1.36,3.3,1.32,,
24,Madrid,Mutua Madrid Open,4/30/2026,Masters 1000,Outdoor,Clay,Quarterfinals,3,Zverev A.,Cobolli F.,3,13,5255,2600,6,1,6,4,,,,,,,2,0,Completed,1.06,10,,,1.1,12,1.06,9.25,,
24,Madrid,Mutua Madrid Open,5/1/2026,Masters 1000,Outdoor,Clay,Semifinals,3,Sinner J.,Fils A.,1,25,13350,1740,6,2,6,4,,,,,,,2,0,Completed,1.13,6,,,1.17,6.5,1.15,5.28,,
24,Madrid,Mutua Madrid Open,5/1/2026,Masters 1000,Outdoor,Clay,Semifinals,3,Zverev A.,Blockx A.,3,69,5255,814,6,2,7,5,,,,,,,2,0,Completed,1.22,4.33,,,1.25,4.5,1.22,4.12,,
24,Madrid,Mutua Madrid Open,5/3/2026,Masters 1000,Outdoor,Clay,The Final,3,Sinner J.,Zverev A.,1,3,13350,5255,6,1,6,2,,,,,,,2,0,Completed,1.14,5.5,,,1.2,5.5,1.16,5.12,,
25,Rome,Internazionali BNL d'Italia,5/6/2026,Masters 1000,Outdoor,Clay,1st Round,3,Kopriva V.,Marozsan F.,55,49,896,975,6,3,6,3,,"	",,,,,2,0,Completed,2.3,1.62,,,2.38,1.67,2.28,1.6,2.4,1.7
25,Rome,Internazionali BNL d'Italia,5/6/2026,Masters 1000,Outdoor,Clay,1st Round,3,Baez S.,Brooksby J.,65,63,840,862,6,3,7,6,,"	",,,,,2,0,Completed,1.25,4,,,1.29,4,1.26,3.75,1.31,4.1
25,Rome,Internazionali BNL d'Italia,5/6/2026,Masters 1000,Outdoor,Clay,1st Round,3,Altmaier D.,Zhang Zh.,64,239,860,240,4,6,7,6,6,4,,,,,2,1,Completed,1.57,2.38,,,1.57,2.5,1.54,2.41,1.66,2.48
25,Rome,Internazionali BNL d'Italia,5/6/2026,Masters 1000,Outdoor,Clay,1st Round,3,Dzumhur D.,Mannarino A.,87,45,674,1035,6,4,6,0,"	",,,,,,2,0,Completed,1.3,3.5,,,1.33,3.75,1.29,3.49,1.36,3.7
25,Rome,Internazionali BNL d'Italia,5/6/2026,Masters 1000,Outdoor,Clay,1st Round,3,Svajda Z.,Trungelliti M.,90,78,666,743,0,6,6,4,7,6,,,,,2,1,Completed,3.5,1.3,,,3.5,1.36,3.18,1.34,3.5,1.39
25,Rome,Internazionali BNL d'Italia,5/6/2026,Masters 1000,Outdoor,Clay,1st Round,3,Shevchenko A.,Ugo Carabelli C.,85,61,698,865,6,3,4,6,7,6,,,,,2,1,Completed,3,1.4,,,3,1.44,2.82,1.41,3,1.49
25,Rome,Internazionali BNL d'Italia,5/6/2026,Masters 1000,Outdoor,Clay,1st Round,3,Hanfmann Y.,Hurkacz H.,59,53,879,930,6,7,7,6,6,2,,,,,2,1,Completed,2.75,1.44,,,3,1.45,2.74,1.43,3,1.49
25,Rome,Internazionali BNL d'Italia,5/6/2026,Masters 1000,Outdoor,Clay,1st Round,3,Van De Zandschulp B.,Muller A.,54,105,898,601,7,5,6,3,,"	",,,,,2,0,Completed,1.67,2.2,,,1.67,2.28,1.65,2.2,1.72,2.36
25,Rome,Internazionali BNL d'Italia,5/6/2026,Masters 1000,Outdoor,Clay,1st Round,3,Struff J.L.,Comesana F.,302,114,216,570,6,2,6,4,"	",,,,,,2,0,Completed,2.75,1.44,,,2.8,1.5,2.69,1.45,2.8,1.54
25,Rome,Internazionali BNL d'Italia,5/6/2026,Masters 1000,Outdoor,Clay,1st Round,3,Arnaldi M.,Munar J.,106,38,596,1155,6,3,3,6,6,3,,,,,2,1,Completed,1.67,2.2,,,1.73,2.25,1.66,2.19,1.76,2.28
25,Rome,Internazionali BNL d'Italia,5/6/2026,Masters 1000,Outdoor,Clay,1st Round,3,Vukic A.,Kypson P.,99,89,626,669,6,3,5,7,6,0,,,,,2,1,Completed,3.75,1.29,,,4,1.29,3.73,1.27,4.3,1.29
25,Rome,Internazionali BNL d'Italia,5/6/2026,Masters 1000,Outdoor,Clay,1st Round,3,Borges N.,De Jong J.,52,102,950,610,6,3,6,0,,"	",,,,,2,0,Completed,1.62,2.3,,,1.8,2.3,1.72,2.07,1.9,2.08
25,Rome,Internazionali BNL d'Italia,5/6/2026,Masters 1000,Outdoor,Clay,1st Round,3,Tabilo A.,Carreno Busta P.,35,91,1248,663,6,2,6,1,,"	",,,,,2,0,Completed,1.4,3,,,1.45,3,1.42,2.78,1.45,3.15
25,Rome,Internazionali BNL d'Italia,5/7/2026,Masters 1000,Outdoor,Clay,1st Round,3,Atmane T.,Bergs Z.,51,39,958,1140,6,3,6,4,,"	",,,,,2,0,Completed,2.1,1.73,,,2.15,1.8,2.07,1.74,2.06,1.91
25,Rome,Internazionali BNL d'Italia,5/7/2026,Masters 1000,Outdoor,Clay,1st Round,3,Basilashvili N.,Merida Aguilar D.,117,86,539,696,6,4,2,6,6,3,,,,,2,1,Completed,2.3,1.62,,,2.38,1.8,2.29,1.6,2.36,1.72
25,Rome,Internazionali BNL d'Italia,5/7/2026,Masters 1000,Outdoor,Clay,1st Round,3,Kecmanovic M.,Svrcina D.,70,116,795,547,6,2,6,3,,"	",,,,,2,0,Completed,1.91,1.91,,,1.91,2,1.85,1.91,1.91,2.08
25,Rome,Internazionali BNL d'Italia,5/7/2026,Masters 1000,Outdoor,Clay,1st Round,3,Popyrin A.,Berrettini M.,60,100,870,625,6,2,6,3,"	",,,,,,2,0,Completed,2.75,1.44,,,2.75,1.53,2.67,1.46,2.88,1.52
25,Rome,Internazionali BNL d'Italia,5/7/2026,Masters 1000,Outdoor,Clay,1st Round,3,Prizmic D.,Fucsovics M.,79,57,740,884,6,4,6,3,,"	",,,,,2,0,Completed,1.29,3.75,,,1.3,3.75,1.29,3.51,1.34,3.85
25,Rome,Internazionali BNL d'Italia,5/7/2026,Masters 1000,Outdoor,Clay,1st Round,3,Mpetshi G.,Fearnley J.,58,123,880,523,7,6,4,6,6,2,,,,,2,1,Completed,2.38,1.57,,,2.43,1.6,2.36,1.56,2.6,1.61
25,Rome,Internazionali BNL d'Italia,5/7/2026,Masters 1000,Outdoor,Clay,1st Round,3,Cilic M.,Giron M.,47,77,980,745,7,5,6,4,,"	",,,,,2,0,Completed,1.62,2.3,,,1.62,2.3,1.61,2.26,1.64,2.52
25,Rome,Internazionali BNL d'Italia,5/7/2026,Masters 1000,Outdoor,Clay,1st Round,3,Blockx A.,Cina F.,36,225,1200,255,4,6,6,1,6,3,,,,,2,1,Completed,1.2,4.5,,,1.24,4.5,1.21,4.24,1.22,5.2
25,Rome,Internazionali BNL d'Italia,5/7/2026,Masters 1000,Outdoor,Clay,1st Round,3,Bellucci M.,Burruchaga R.,80,56,737,885,6,4,6,4,,"	",,,,,2,0,Completed,3.5,1.3,,,3.5,1.42,3.06,1.36,3.2,1.43
25,Rome,Internazionali BNL d'Italia,5/7/2026,Masters 1000,Outdoor,Clay,1st Round,3,Bautista Agut R.,Maestrelli F.,98,112,629,575,6,3,7,6,"	",,,,,,2,0,Completed,1.62,2.3,,,1.62,2.45,1.56,2.38,1.66,2.46
25,Rome,Internazionali BNL d'Italia,5/7/2026,Masters 1000,Outdoor,Clay,1st Round,3,Llamas Ruiz P.,Quinn E.,139,48,448,977,6,3,5,7,6,3,,,,,2,1,Completed,1.8,2,,,1.8,2.1,1.77,2.01,1.85,2.14
25,Rome,Internazionali BNL d'Italia,5/7/2026,Masters 1000,Outdoor,Clay,1st Round,3,Garin C.,Cerundolo J.M.,104,72,602,776,7,6,7,5,"	",,,,,,2,0,Completed,1.67,2.2,,,1.67,2.25,1.65,2.19,1.71,2.38
25,Rome,Internazionali BNL d'Italia,5/7/2026,Masters 1000,Outdoor,Clay,1st Round,3,Machac T.,Tsitsipas S.,41,75,1100,765,6,4,7,6,,"	",,,,,2,0,Completed,2.38,1.57,,,2.4,1.67,2.26,1.61,2.4,1.7
25,Rome,Internazionali BNL d'Italia,5/7/2026,Masters 1000,Outdoor,Clay,1st Round,3,Tirante T.A.,Cadenasso G.,69,196,801,297,6,7,6,4,6,0,,,,,2,1,Completed,1.44,2.75,,,1.45,2.9,1.42,2.79,1.45,3.1
25,Rome,Internazionali BNL d'Italia,5/7/2026,Masters 1000,Outdoor,Clay,1st Round,3,Medjedovic H.,Royer V.,67,71,804,788,6,4,6,3,"	",,,,,,2,0,Completed,1.33,3.4,,,1.33,3.75,1.3,3.39,1.34,3.75
25,Rome,Internazionali BNL d'Italia,5/7/2026,Masters 1000,Outdoor,Clay,1st Round,3,Buse I.,Sonego L.,62,66,863,830,6,3,6,3,,"	",,,,,2,0,Completed,1.57,2.38,,,1.62,2.38,1.58,2.31,1.71,2.38
25,Rome,Internazionali BNL d'Italia,5/7/2026,Masters 1000,Outdoor,Clay,1st Round,3,Ofner S.,Michelsen A.,82,42,711,1090,6,3,6,3,"	",,,,,,2,0,Completed,1.57,2.38,,,1.57,2.45,1.55,2.39,1.64,2.52
25,Rome,Internazionali BNL d'Italia,5/7/2026,Masters 1000,Outdoor,Clay,1st Round,3,Navone M.,Shapovalov D.,44,37,1046,1170,6,4,6,2,,"	",,,,,2,0,Completed,1.5,2.63,,,1.53,2.75,1.48,2.6,1.53,2.78
25,Rome,Internazionali BNL d'Italia,5/7/2026,Masters 1000,Outdoor,Clay,1st Round,3,Pellegrino A.,Nardi L.,155,151,393,409,4,6,6,3,6,3,,,,,2,1,Completed,1.62,2.3,,,1.64,2.3,1.61,2.25,1.73,2.36
25,Rome,Internazionali BNL d'Italia,5/8/2026,Masters 1000,Outdoor,Clay,2nd Round,3,Jodar R.,Borges N.,34,52,1273,950,7,6,6,4,,"	",,,,,2,0,Completed,1.22,4.33,,,1.24,4.5,1.22,4.13,1.2,5.5
25,Rome,Internazionali BNL d'Italia,5/8/2026,Masters 1000,Outdoor,Clay,2nd Round,3,Arnaldi M.,De Minaur A.,106,8,596,3755,4,6,7,6,6,4,,,,,2,1,Completed,3.2,1.36,,,3.2,1.4,2.96,1.38,3.35,1.41
25,Rome,Internazionali BNL d'Italia,5/8/2026,Masters 1000,Outdoor,Clay,2nd Round,3,Khachanov K.,Shevchenko A.,15,85,2220,698,6,4,6,4,"	",,,,,,2,0,Completed,1.4,3,,,1.4,3.1,1.38,2.96,1.43,3.25
25,Rome,Internazionali BNL d'Italia,5/8/2026,Masters 1000,Outdoor,Clay,2nd Round,3,Lehecka J.,Struff J.L.,13,302,2715,216,7,6,6,3,,"	",,,,,2,0,Completed,1.25,4,,,1.26,4,1.25,3.84,1.27,4.5
25,Rome,Internazionali BNL d'Italia,5/8/2026,Masters 1000,Outdoor,Clay,2nd Round,3,Van De Zandschulp B.,Kovacevic A.,54,95,898,639,2,6,6,2,7,6,,,,,2,1,Completed,1.25,4,,,1.25,4.33,1.23,3.97,1.26,4.7
25,Rome,Internazionali BNL d'Italia,5/8/2026,Masters 1000,Outdoor,Clay,2nd Round,3,Ruud C.,Svajda Z.,25,90,1735,666,6,1,6,3,"	",,,,,,2,0,Completed,1.06,10,,,1.07,13,1.06,9.33,1.08,13
25,Rome,Internazionali BNL d'Italia,5/8/2026,Masters 1000,Outdoor,Clay,2nd Round,3,Zverev A.,Altmaier D.,3,64,5805,860,7,5,6,3,,"	",,,,,2,0,Completed,1.07,9,,,1.08,12,1.06,8.58,1.09,10.5
25,Rome,Internazionali BNL d'Italia,5/8/2026,Masters 1000,Outdoor,Clay,2nd Round,3,Cerundolo F.,Tabilo A.,27,35,1620,1248,6,0,6,2,,"	",,,,,2,0,Completed,1.62,2.3,,,1.67,2.4,1.6,2.28,1.67,2.46
25,Rome,Internazionali BNL d'Italia,5/8/2026,Masters 1000,Outdoor,Clay,2nd Round,3,Tien L.,Dzumhur D.,21,87,1870,674,6,2,6,1,"	",,,,,,2,0,Completed,1.73,2.1,,,1.8,2.11,1.74,2.04,1.84,2.16
25,Rome,Internazionali BNL d'Italia,5/8/2026,Masters 1000,Outdoor,Clay,2nd Round,3,Blockx A.,Griekspoor T.,36,31,1200,1360,6,7,6,3,6,4,,,,,2,1,Completed,1.44,2.75,,,1.48,2.88,1.45,2.69,1.51,2.92
25,Rome,Internazionali BNL d'Italia,5/8/2026,Masters 1000,Outdoor,Clay,2nd Round,3,Paul T.,Vukic A.,18,99,1975,626,6,4,6,2,"	",,,,,,2,0,Completed,1.07,9,,,1.08,9.5,1.07,8.14,1.09,11
25,Rome,Internazionali BNL d'Italia,5/8/2026,Masters 1000,Outdoor,Clay,2nd Round,3,Prizmic D.,Djokovic N.,79,4,740,4700,2,6,6,2,6,4,,,,,2,1,Completed,2.75,1.44,,,2.9,1.45,2.78,1.42,3,1.48
25,Rome,Internazionali BNL d'Italia,5/8/2026,Masters 1000,Outdoor,Clay,2nd Round,3,Bublik A.,Baez S.,11,65,3355,840,6,1,6,2,,"	",,,,,2,0,Completed,1.67,2.2,,,1.68,2.3,1.64,2.22,1.75,2.3
25,Rome,Internazionali BNL d'Italia,5/8/2026,Masters 1000,Outdoor,Clay,2nd Round,3,Humbert U.,Kopriva V.,33,55,1280,896,6,3,6,2,"	",,,,,,2,0,Completed,2.75,1.44,,,2.9,1.44,2.8,1.41,3,1.47
25,Rome,Internazionali BNL d'Italia,5/8/2026,Masters 1000,Outdoor,Clay,2nd Round,3,Darderi L.,Hanfmann Y.,20,59,1890,879,6,4,6,4,,"	",,,,,2,0,Completed,1.44,2.75,,,1.53,2.75,1.49,2.57,1.5,2.96
25,Rome,Internazionali BNL d'Italia,5/8/2026,Masters 1000,Outdoor,Clay,2nd Round,3,Musetti L.,Mpetshi G.,10,58,3415,880,6,4,6,4,"	",,,,,,2,0,Completed,1.08,8,,,1.12,8,1.1,6.52,1.13,8.4
25,Rome,Internazionali BNL d'Italia,5/9/2026,Masters 1000,Outdoor,Clay,2nd Round,3,Medvedev D.,Machac T.,9,41,3460,1100,,,,,,,,,,,,,Walkover,1.62,2.3,,,1.67,2.3,1.65,2.2,1.75,2.3
25,Rome,Internazionali BNL d'Italia,5/9/2026,Masters 1000,Outdoor,Clay,2nd Round,3,Llamas Ruiz P.,Moutet C.,139,30,448,1413,6,4,3,6,7,6,,,,,2,1,Completed,2.2,1.67,,,2.25,1.73,2.15,1.67,2.4,1.7
25,Rome,Internazionali BNL d'Italia,5/9/2026,Masters 1000,Outdoor,Clay,2nd Round,3,Rublev A.,Kecmanovic M.,14,70,2590,795,6,4,6,4,"	",,,,,,2,0,Completed,1.4,3,,,1.4,3.2,1.39,2.91,1.49,3
25,Rome,Internazionali BNL d'Italia,5/9/2026,Masters 1000,Outdoor,Clay,2nd Round,3,Tirante T.A.,Norrie C.,69,19,801,1918,6,3,7,5,"	",,,,,,2,0,Completed,2.3,1.62,,,2.38,1.62,2.29,1.6,2.32,1.75
25,Rome,Internazionali BNL d'Italia,5/9/2026,Masters 1000,Outdoor,Clay,2nd Round,3,Landaluce M.,Cilic M.,94,47,639,980,6,4,6,4,,"	",,,,,2,0,Completed,2.5,1.53,,,2.5,1.57,2.38,1.55,2.64,1.6
25,Rome,Internazionali BNL d'Italia,5/9/2026,Masters 1000,Outdoor,Clay,2nd Round,3,Navone M.,Auger-Aliassime F.,44,5,1046,4050,7,6,7,6,,"	",,,,,2,0,Completed,2.5,1.53,,,2.55,1.57,2.47,1.52,2.54,1.63
25,Rome,Internazionali BNL d'Italia,5/9/2026,Masters 1000,Outdoor,Clay,2nd Round,3,Davidovich Fokina A.,Garin C.,23,104,1820,602,7,6,6,4,,"	",,,,,2,0,Completed,1.62,2.3,,,1.73,2.3,1.62,2.24,1.81,2.22
25,Rome,Internazionali BNL d'Italia,5/9/2026,Masters 1000,Outdoor,Clay,2nd Round,3,Bellucci M.,Etcheverry T.,80,26,737,1660,5,7,6,2,6,3,,,,,2,1,Completed,3.75,1.29,,,3.75,1.34,3.46,1.3,4,1.33
25,Rome,Internazionali BNL d'Italia,5/9/2026,Masters 1000,Outdoor,Clay,2nd Round,3,Nakashima B.,Bautista Agut R.,32,98,1295,629,6,4,6,0,"	",,,,,,2,0,Completed,1.5,2.63,,,1.52,2.63,1.49,2.54,1.56,2.76
25,Rome,Internazionali BNL d'Italia,5/9/2026,Masters 1000,Outdoor,Clay,2nd Round,3,Cobolli F.,Atmane T.,12,51,2750,958,7,6,6,3,"	",,,,,,2,0,Completed,1.36,3.2,,,1.4,3.25,1.36,3.1,1.4,3.4
25,Rome,Internazionali BNL d'Italia,5/9/2026,Masters 1000,Outdoor,Clay,2nd Round,3,Basilashvili N.,Shelton B.,117,6,539,4030,6,4,6,7,6,3,,,,,2,1,Completed,4.33,1.22,,,4.5,1.25,4.03,1.23,4.6,1.26
25,Rome,Internazionali BNL d'Italia,5/9/2026,Masters 1000,Outdoor,Clay,2nd Round,3,Tiafoe F.,Buse I.,22,62,1865,863,6,7,6,3,6,2,,,,,2,1,Completed,2.1,1.73,,,2.29,1.75,2.15,1.68,2.2,1.82
25,Rome,Internazionali BNL d'Italia,5/9/2026,Masters 1000,Outdoor,Clay,2nd Round,3,Sinner J.,Ofner S.,1,82,14350,711,6,3,6,4,"	",,,,,,2,0,Completed,1.01,26,,,1.05,36,1.01,19.34,1.02,42
25,Rome,Internazionali BNL d'Italia,5/9/2026,Masters 1000,Outdoor,Clay,2nd Round,3,Medjedovic H.,Fonseca J.,67,29,804,1435,3,6,6,3,7,6,,,,,2,1,Completed,2.75,1.44,,,2.75,1.5,2.56,1.49,2.88,1.52
25,Rome,Internazionali BNL d'Italia,5/9/2026,Masters 1000,Outdoor,Clay,2nd Round,3,Pellegrino A.,Fils A.,155,17,393,2130,4,0,"	",,,,,,,,0,0,Retired,9,1.07,,,10,1.08,7.87,1.07,11,1.09
25,Rome,Internazionali BNL d'Italia,5/9/2026,Masters 1000,Outdoor,Clay,2nd Round,3,Popyrin A.,Mensik J.,60,28,870,1600,6,3,2,6,6,4,,,,,2,1,Completed,3,1.4,,,3,1.4,2.92,1.39,3.15,1.45
25,Rome,Internazionali BNL d'Italia,5/10/2026,Masters 1000,Outdoor,Clay,3rd Round,3,Ruud C.,Lehecka J.,25,13,1735,2715,6,3,6,4,"	",,,,,,2,0,Completed,1.5,2.63,,,1.53,2.63,1.5,2.53,1.57,2.74
25,Rome,Internazionali BNL d'Italia,5/10/2026,Masters 1000,Outdoor,Clay,3rd Round,3,Zverev A.,Blockx A.,3,36,5805,1200,6,1,6,4,,"	",,,,,2,0,Completed,1.2,4.5,,,1.22,4.6,1.2,4.32,1.23,5.2
25,Rome,Internazionali BNL d'Italia,5/10/2026,Masters 1000,Outdoor,Clay,3rd Round,3,Prizmic D.,Humbert U.,79,33,740,1280,6,1,7,5,,"	",,,,,2,0,Completed,1.36,3.2,,,1.4,3.3,1.36,3.05,1.39,3.5
25,Rome,Internazionali BNL d'Italia,5/10/2026,Masters 1000,Outdoor,Clay,3rd Round,3,Khachanov K.,Van De Zandschulp B.,15,54,2220,898,5,7,6,4,6,4,,,,,2,1,Completed,1.67,2.2,,,1.68,2.23,1.66,2.18,1.74,2.3
25,Rome,Internazionali BNL d'Italia,5/10/2026,Masters 1000,Outdoor,Clay,3rd Round,3,Musetti L.,Cerundolo F.,10,27,3415,1620,7,6,6,4,"	",,,,,,2,0,Completed,1.8,2,,,1.86,2,1.82,1.94,1.94,2.04
25,Rome,Internazionali BNL d'Italia,5/10/2026,Masters 1000,Outdoor,Clay,3rd Round,3,Tien L.,Bublik A.,21,11,1870,3355,4,6,6,3,7,5,,,,,2,1,Completed,2.75,1.44,,,2.88,1.45,2.73,1.43,2.8,1.54
25,Rome,Internazionali BNL d'Italia,5/10/2026,Masters 1000,Outdoor,Clay,3rd Round,3,Darderi L.,Paul T.,20,18,1890,1975,3,6,6,3,6,2,,,,,2,1,Completed,2.1,1.73,,,2.2,1.73,2.14,1.68,2.26,1.78
25,Rome,Internazionali BNL d'Italia,5/10/2026,Masters 1000,Outdoor,Clay,3rd Round,3,Jodar R.,Arnaldi M.,34,106,1273,596,6,1,4,6,6,3,,,,,2,1,Completed,1.29,3.75,,,1.36,4,1.27,3.68,1.29,4.4
25,Rome,Internazionali BNL d'Italia,5/11/2026,Masters 1000,Outdoor,Clay,3rd Round,3,Rublev A.,Davidovich Fokina A.,14,23,2590,1820,6,4,6,4,"	",,,,,,2,0,Completed,1.62,2.3,,,1.67,2.33,1.61,2.27,1.68,2.46
25,Rome,Internazionali BNL d'Italia,5/11/2026,Masters 1000,Outdoor,Clay,3rd Round,3,Landaluce M.,Bellucci M.,94,80,639,737,6,4,6,3,,"	",,,,,2,0,Completed,2,1.8,,,2,1.91,1.94,1.83,2.16,1.84
25,Rome,Internazionali BNL d'Italia,5/11/2026,Masters 1000,Outdoor,Clay,3rd Round,3,Basilashvili N.,Nakashima B.,117,32,539,1295,7,6,6,4,,"	",,,,,2,0,Completed,2.3,1.62,,,2.3,1.67,2.24,1.62,2.42,1.68
25,Rome,Internazionali BNL d'Italia,5/11/2026,Masters 1000,Outdoor,Clay,3rd Round,3,Pellegrino A.,Tiafoe F.,155,22,393,1865,7,6,6,1,,"	",,,,,2,0,Completed,3,1.4,,,3,1.44,2.86,1.4,2.92,1.5
25,Rome,Internazionali BNL d'Italia,5/11/2026,Masters 1000,Outdoor,Clay,3rd Round,3,Medjedovic H.,Navone M.,67,44,804,1046,4,6,6,3,6,4,,,,,2,1,Completed,1.73,2.1,,,1.73,2.2,1.69,2.13,1.87,2.12
25,Rome,Internazionali BNL d'Italia,5/11/2026,Masters 1000,Outdoor,Clay,3rd Round,3,Sinner J.,Popyrin A.,1,60,14350,870,6,2,6,0,"	",,,,,,2,0,Completed,1.02,19,,,1.04,26,1.02,16.56,1.03,28
25,Rome,Internazionali BNL d'Italia,5/11/2026,Masters 1000,Outdoor,Clay,3rd Round,3,Medvedev D.,Llamas Ruiz P.,9,139,3460,448,3,6,6,4,6,2,,,,,2,1,Completed,1.4,2.75,,,1.47,2.88,1.43,2.76,1.44,3.15
25,Rome,Internazionali BNL d'Italia,5/11/2026,Masters 1000,Outdoor,Clay,3rd Round,3,Tirante T.A.,Cobolli F.,69,12,801,2750,6,3,6,4,,"	",,,,,2,0,Completed,3.2,1.36,,,3.2,1.42,2.91,1.39,3.1,1.45
25,Rome,Internazionali BNL d'Italia,5/12/2026,Masters 1000,Outdoor,Clay,4th Round,3,Ruud C.,Musetti L.,25,10,1735,3415,6,3,6,1,,"	",,,,,2,0,Completed,1.5,2.63,,,1.53,2.63,1.51,2.52,1.61,2.6
25,Rome,Internazionali BNL d'Italia,5/12/2026,Masters 1000,Outdoor,Clay,4th Round,3,Khachanov K.,Prizmic D.,15,79,2220,740,6,1,7,6,"	",,,,,,2,0,Completed,2.63,1.5,,,2.63,1.57,2.48,1.52,2.52,1.65
25,Rome,Internazionali BNL d'Italia,5/12/2026,Masters 1000,Outdoor,Clay,4th Round,3,Jodar R.,Tien L.,34,21,1273,1870,6,1,6,4,"	",,,,,,2,0,Completed,1.25,4,,,1.26,4.33,1.23,3.99,1.27,4.5
25,Rome,Internazionali BNL d'Italia,5/12/2026,Masters 1000,Outdoor,Clay,4th Round,3,Darderi L.,Zverev A.,20,3,1890,5805,1,6,7,6,6,0,,,,,2,1,Completed,4.33,1.22,,,4.5,1.23,4.23,1.21,4.8,1.25
25,Rome,Internazionali BNL d'Italia,5/12/2026,Masters 1000,Outdoor,Clay,4th Round,3,Sinner J.,Pellegrino A.,1,155,14350,393,6,2,6,3,"	",,,,,,2,0,Completed,1,41,,,1.02,41,1.01,24.16,1.02,38
25,Rome,Internazionali BNL d'Italia,5/12/2026,Masters 1000,Outdoor,Clay,4th Round,3,Rublev A.,Basilashvili N.,14,117,2590,539,3,6,7,6,6,2,,,,,2,1,Completed,1.3,3.5,,,1.33,3.5,1.31,3.37,1.35,3.7
25,Rome,Internazionali BNL d'Italia,5/12/2026,Masters 1000,Outdoor,Clay,4th Round,3,Landaluce M.,Medjedovic H.,94,67,639,804,7,5,6,4,,"	",,,,,2,0,Completed,2.5,1.53,,,2.5,1.57,2.44,1.54,2.56,1.63
25,Rome,Internazionali BNL d'Italia,5/12/2026,Masters 1000,Outdoor,Clay,4th Round,3,Medvedev D.,Tirante T.A.,9,69,3460,801,6,3,6,2,,"	",,,,,2,0,Completed,1.67,2.2,,,1.73,2.21,1.68,2.14,1.74,2.32
25,Rome,Internazionali BNL d'Italia,5/13/2026,Masters 1000,Outdoor,Clay,Quarterfinals,3,Ruud C.,Khachanov K.,25,15,1735,2220,6,1,1,6,6,2,,,,,2,1,Completed,1.22,4.33,,,1.25,4.33,1.23,4.11,1.25,4.8
25,Rome,Internazionali BNL d'Italia,5/13/2026,Masters 1000,Outdoor,Clay,Quarterfinals,3,Darderi L.,Jodar R.,20,34,1890,1273,7,6,5,7,6,0,,,,,2,1,Completed,2.75,1.44,,,2.8,1.5,2.7,1.45,2.94,1.51
25,Rome,Internazionali BNL d'Italia,5/14/2026,Masters 1000,Outdoor,Clay,Quarterfinals,3,Sinner J.,Rublev A.,1,14,14350,2590,6,2,6,4,"	",,,,,,2,0,Completed,1.03,15,,,1.04,17,1.03,12.88,1.04,22
25,Rome,Internazionali BNL d'Italia,5/14/2026,Masters 1000,Outdoor,Clay,Quarterfinals,3,Medvedev D.,Landaluce M.,9,94,3460,639,1,6,6,4,7,5,,,,,2,1,Completed,1.3,3.5,,,1.35,3.5,1.33,3.27,1.35,3.75
25,Rome,Internazionali BNL d'Italia,5/15/2026,Masters 1000,Outdoor,Clay,Semifinals,3,Ruud C.,Darderi L.,25,20,1735,1890,6,1,6,1,"	",,,,,,2,0,Completed,1.4,3,,,1.42,3.05,1.4,2.93,1.45,3.2
25,Rome,Internazionali BNL d'Italia,5/16/2026,Masters 1000,Outdoor,Clay,Semifinals,3,Sinner J.,Medvedev D.,1,9,14350,3460,6,2,5,7,6,4,,,,,2,1,Completed,1.06,10,,,1.07,11,1.06,8.84,1.09,11.5
25,Rome,Internazionali BNL d'Italia,5/17/2026,Masters 1000,Outdoor,Clay,The Final,3,Sinner J.,Ruud C.,1,25,14350,1735,6,4,6,4,,,,,,,2,0,Completed,1.13,6,,,1.15,7,1.13,6.05,1.15,7.6
26,Geneva,Geneva Open,5/17/2026,ATP250,Outdoor,Clay,1st Round,3,Navone M.,Trungelliti M.,42,81,1066,731,5,7,7,5,6,1,,,,,2,1,Completed,1.36,3.2,,,1.36,3.6,1.31,3.32,1.35,3.75
26,Geneva,Geneva Open,5/18/2026,ATP250,Outdoor,Clay,1st Round,3,Michelsen A.,Baez S.,41,62,1075,860,7,5,6,3,,"	",,,,,2,0,Completed,2.75,1.44,,,2.75,1.5,2.67,1.45,2.82,1.53
26,Geneva,Geneva Open,5/18/2026,ATP250,Outdoor,Clay,1st Round,3,Rinderknech A.,Tirante T.A.,24,58,1711,887,6,4,6,1,"	",,,,,,2,0,Completed,2.3,1.62,,,2.35,1.62,2.29,1.59,2.46,1.66
26,Geneva,Geneva Open,5/18/2026,ATP250,Outdoor,Clay,1st Round,3,Comesana F.,Royer V.,114,73,570,773,2,6,6,3,6,4,,,,,2,1,Completed,1.5,2.63,,,1.53,2.65,1.49,2.55,1.54,2.72
26,Geneva,Geneva Open,5/18/2026,ATP250,Outdoor,Clay,1st Round,3,Tsitsipas S.,Mpetshi G.,82,80,725,735,6,4,7,6,"	",,,,,,2,0,Completed,1.4,3,,,1.4,3,1.4,2.86,1.42,3.3
26,Geneva,Geneva Open,5/18/2026,ATP250,Outdoor,Clay,1st Round,3,Wawrinka S.,Brancaccio R.,119,241,528,236,6,2,4,6,7,6,,,,,2,1,Completed,1.44,2.75,,,1.45,2.75,1.43,2.67,1.48,3
26,Geneva,Geneva Open,5/18/2026,ATP250,Outdoor,Clay,1st Round,3,Butvilas E.,Sonego L.,253,69,215,815,6,3,6,1,,"	",,,,,2,0,Completed,2.2,1.67,,,2.38,1.67,2.23,1.63,2.36,1.72
26,Geneva,Geneva Open,5/19/2026,ATP250,Outdoor,Clay,1st Round,3,Popyrin A.,Tabur C.,61,165,870,360,7,6,6,7,6,4,,,,,2,1,Completed,1.4,3,,,1.4,3.25,1.36,3.02,1.42,3.25
26,Geneva,Geneva Open,5/19/2026,ATP250,Outdoor,Clay,1st Round,3,Munar J.,Basavareddy N.,39,156,1105,396,6,0,6,3,,"	",,,,,2,0,Completed,1.4,3,,,1.44,3,1.4,2.84,1.47,3.05
26,Geneva,Geneva Open,5/19/2026,ATP250,Outdoor,Clay,1st Round,3,Ruud C.,Brooksby J.,17,60,2185,872,6,3,7,5,,"	",,,,,2,0,Completed,1.11,6.5,,,1.13,7,1.11,6.39,1.12,8.6
26,Geneva,Geneva Open,5/19/2026,ATP250,Outdoor,Clay,1st Round,3,Collignon R.,Mannarino A.,64,44,854,1037,6,3,7,6,,"	",,,,,2,0,Completed,1.07,9,,,1.1,9,1.08,7.5,1.11,9.6
26,Geneva,Geneva Open,5/19/2026,ATP250,Outdoor,Clay,1st Round,3,Djere L.,Duckworth J.,238,83,241,722,6,4,3,6,6,3,,,,,2,1,Completed,1.22,4.33,,,1.22,4.4,1.22,4.21,1.22,5
26,Geneva,Geneva Open,5/20/2026,ATP250,Outdoor,Clay,2nd Round,3,Tien L.,Tsitsipas S.,20,82,1940,725,7,6,7,6,,"	",,,,,2,0,Completed,2.63,1.5,,,2.63,1.5,2.55,1.49,2.78,1.56
26,Geneva,Geneva Open,5/20/2026,ATP250,Outdoor,Clay,2nd Round,3,Navone M.,Norrie C.,42,22,1066,1888,6,4,6,4,,"	",,,,,2,0,Completed,1.73,2.1,,,1.78,2.1,1.73,2.05,1.77,2.28
26,Geneva,Geneva Open,5/20/2026,ATP250,Outdoor,Clay,2nd Round,3,Popyrin A.,Fritz T.,61,8,870,3720,6,4,6,4,,"	",,,,,2,0,Completed,2.1,1.73,,,2.1,1.75,2.06,1.73,2.02,1.97
26,Geneva,Geneva Open,5/20/2026,ATP250,Outdoor,Clay,2nd Round,3,Munar J.,Comesana F.,39,114,1105,570,6,4,6,4,,"	",,,,,2,0,Completed,1.57,2.38,,,1.62,2.4,1.57,2.32,1.66,2.48
26,Geneva,Geneva Open,5/20/2026,ATP250,Outdoor,Clay,2nd Round,3,Ruud C.,Collignon R.,17,64,2185,854,7,6,6,2,,"	",,,,,2,0,Completed,1.33,3.4,,,1.37,3.4,1.34,3.17,1.4,3.45
26,Geneva,Geneva Open,5/20/2026,ATP250,Outdoor,Clay,2nd Round,3,Rinderknech A.,Djere L.,24,238,1711,241,4,6,7,6,6,1,,,,,2,1,Completed,1.62,2.3,,,1.73,2.3,1.67,2.14,1.75,2.3
26,Geneva,Geneva Open,5/20/2026,ATP250,Outdoor,Clay,2nd Round,3,Michelsen A.,Wawrinka S.,41,119,1075,528,7,6,7,6,,"	",,,,,2,0,Completed,1.57,2.38,,,1.57,2.5,1.55,2.39,1.63,2.52
26,Geneva,Geneva Open,5/20/2026,ATP250,Outdoor,Clay,2nd Round,3,Bublik A.,Butvilas E.,10,253,3230,215,6,4,6,3,,"	",,,,,2,0,Completed,1.36,3.2,,,1.36,3.4,1.32,3.28,1.37,3.6
26,Geneva,Geneva Open,5/21/2026,ATP250,Outdoor,Clay,Quarterfinals,3,Navone M.,Munar J.,42,39,1066,1105,6,2,6,2,"	",,,,,,2,0,Completed,1.8,2,,,1.82,2,1.79,1.98,1.88,2.12
26,Geneva,Geneva Open,5/21/2026,ATP250,Outdoor,Clay,Quarterfinals,3,Ruud C.,Popyrin A.,17,61,2185,870,6,4,6,3,,"	",,,,,2,0,Completed,1.3,3.5,,,1.32,3.75,1.3,3.43,1.34,3.85
26,Geneva,Geneva Open,5/21/2026,ATP250,Outdoor,Clay,Quarterfinals,3,Tien L.,Michelsen A.,20,41,1940,1075,6,4,3,6,6,1,,,,,2,1,Completed,1.8,2,,,1.83,2,1.79,1.98,1.92,2.06
26,Geneva,Geneva Open,5/21/2026,ATP250,Outdoor,Clay,Quarterfinals,3,Bublik A.,Rinderknech A.,10,24,3230,1711,5,7,6,4,6,2,,,,,2,1,Completed,1.53,2.5,,,1.56,2.63,1.53,2.46,1.57,2.72
26,Geneva,Geneva Open,5/22/2026,ATP250,Outdoor,Clay,Semifinals,3,Navone M.,Ruud C.,42,17,1066,2185,7,5,6,2,,"	",,,,,2,0,Completed,4.33,1.22,,,4.5,1.22,4.3,1.21,5.1,1.23
26,Geneva,Geneva Open,5/22/2026,ATP250,Outdoor,Clay,Semifinals,3,Tien L.,Bublik A.,20,10,1940,3230,6,1,4,6,7,6,,,,,2,1,Completed,2.3,1.62,,,2.3,1.73,2.18,1.66,2.26,1.76
26,Geneva,Geneva Open,5/23/2026,ATP250,Outdoor,Clay,The Final,3,Tien L.,Navone M.,20,42,1940,1066,3,6,6,3,7,5,,,,,2,1,Completed,2.38,1.57,,,2.4,1.63,2.32,1.58,2.48,1.66
27,Hamburg,Hamburg Open,5/17/2026,ATP500,Outdoor,Clay,1st Round,3,Tiafoe F.,Dedura D.,21,281,1905,187,6,4,6,4,,"	",,,,,2,0,Completed,1.36,3.2,,,1.36,3.4,1.32,3.28,1.36,3.6
27,Hamburg,Hamburg Open,5/17/2026,ATP500,Outdoor,Clay,1st Round,3,Paul T.,Quinn E.,26,49,1625,974,6,1,6,3,"	",,,,,,2,0,Completed,1.33,3.4,,,1.37,3.4,1.34,3.2,1.35,3.7
27,Hamburg,Hamburg Open,5/18/2026,ATP500,Outdoor,Clay,1st Round,3,De Minaur A.,Cerundolo F.,9,27,3665,1570,3,6,6,4,6,3,,,,,2,1,Completed,2.5,1.53,,,2.5,1.57,2.44,1.53,2.66,1.58
27,Hamburg,Hamburg Open,5/18/2026,ATP500,Outdoor,Clay,1st Round,3,Davidovich Fokina A.,Moutet C.,23,32,1820,1323,6,4,6,4,"	",,,,,,2,0,Completed,1.5,2.63,,,1.52,2.65,1.49,2.59,1.53,2.78
27,Hamburg,Hamburg Open,5/18/2026,ATP500,Outdoor,Clay,1st Round,3,Ugo Carabelli C.,Majchrzak K.,68,77,825,747,1,6,6,2,6,3,,,,,2,1,Completed,1.44,2.75,,,1.5,2.75,1.47,2.62,1.52,2.82
27,Hamburg,Hamburg Open,5/18/2026,ATP500,Outdoor,Clay,1st Round,3,Etcheverry T.,Atmane T.,25,51,1630,938,6,2,7,6,,"	",,,,,2,0,Completed,1.44,2.75,,,1.45,2.9,1.43,2.72,1.47,3.05
27,Hamburg,Hamburg Open,5/18/2026,ATP500,Outdoor,Clay,1st Round,3,Hanfmann Y.,Schoenhaus M.,55,452,899,101,6,3,6,7,6,4,,,,,2,1,Completed,1.25,4,,,1.25,4.6,1.21,4.19,1.22,5.5
27,Hamburg,Hamburg Open,5/18/2026,ATP500,Outdoor,Clay,1st Round,3,Altmaier D.,Hijikata R.,65,102,843,599,7,5,6,2,"	",,,,,,2,0,Completed,1.33,3.4,,,1.36,3.4,1.34,3.2,1.37,3.6
27,Hamburg,Hamburg Open,5/18/2026,ATP500,Outdoor,Clay,1st Round,3,Shelton B.,Giron M.,6,84,4030,705,6,3,4,6,7,6,,,,,2,1,Completed,1.29,3.75,,,1.3,3.85,1.26,3.7,1.29,4.3
27,Hamburg,Hamburg Open,5/18/2026,ATP500,Outdoor,Clay,1st Round,3,Mensik J.,Struff J.L.,28,79,1510,739,7,6,6,2,"	",,,,,,2,0,Completed,1.29,3.75,,,1.3,3.75,1.28,3.59,1.31,4.1
27,Hamburg,Hamburg Open,5/19/2026,ATP500,Outdoor,Clay,1st Round,3,Buse I.,Cobolli F.,57,12,893,2790,6,2,7,5,,"	",,,,,2,0,Completed,2.5,1.53,,,2.6,1.57,2.46,1.52,2.56,1.64
27,Hamburg,Hamburg Open,5/19/2026,ATP500,Outdoor,Clay,1st Round,3,Kovacevic A.,Gea A.,94,140,649,436,6,2,7,6,"	",,,,,,2,0,Completed,2.1,1.73,,,2.23,1.73,2.15,1.68,2.38,1.71
27,Hamburg,Hamburg Open,5/19/2026,ATP500,Outdoor,Clay,1st Round,3,Darderi L.,Burruchaga R.,16,66,2260,833,6,3,7,6,"	",,,,,,2,0,Completed,1.5,2.63,,,1.53,2.7,1.47,2.62,1.6,2.62
27,Hamburg,Hamburg Open,5/19/2026,ATP500,Outdoor,Clay,1st Round,3,Auger-Aliassime F.,Kopriva V.,5,63,4060,856,7,5,6,1,"	",,,,,,2,0,Completed,1.44,2.75,,,1.44,3,1.4,2.84,1.5,2.98
27,Hamburg,Hamburg Open,5/19/2026,ATP500,Outdoor,Clay,1st Round,3,Khachanov K.,Gaston H.,15,120,2320,527,3,6,6,3,7,6,,,,,2,1,Completed,1.2,4.5,,,1.22,4.8,1.19,4.41,1.24,4.9
27,Hamburg,Hamburg Open,5/19/2026,ATP500,Outdoor,Clay,1st Round,3,Humbert U.,Engel J.,34,190,1280,316,6,3,3,6,7,6,,,,,2,1,Completed,1.29,3.75,,,1.3,3.9,1.26,3.69,1.28,4.4
27,Hamburg,Hamburg Open,5/19/2026,ATP500,Outdoor,Clay,2nd Round,3,Altmaier D.,Shelton B.,65,6,843,4030,4,6,7,6,6,4,,,,,2,1,Completed,3,1.4,,,3,1.44,2.8,1.42,2.86,1.53
27,Hamburg,Hamburg Open,5/20/2026,ATP500,Outdoor,Clay,2nd Round,3,Kovacevic A.,Auger-Aliassime F.,94,5,649,4060,4,6,7,5,6,4,,,,,2,1,Completed,7,1.1,,,7.5,1.13,6.33,1.11,8,1.13
27,Hamburg,Hamburg Open,5/20/2026,ATP500,Outdoor,Clay,2nd Round,3,Buse I.,Mensik J.,57,28,893,1510,6,0,6,3,"	",,,,,,2,0,Completed,2.38,1.57,,,2.38,1.62,2.3,1.58,2.4,1.66
27,Hamburg,Hamburg Open,5/20/2026,ATP500,Outdoor,Clay,2nd Round,3,Paul T.,Etcheverry T.,26,25,1625,1630,6,7,7,6,7,6,,,,,2,1,Completed,1.44,2.75,,,1.53,2.75,1.48,2.58,1.6,2.62
27,Hamburg,Hamburg Open,5/20/2026,ATP500,Outdoor,Clay,2nd Round,3,Humbert U.,Khachanov K.,34,15,1280,2320,6,3,3,6,7,6,,,,,2,1,Completed,3.2,1.36,,,3.3,1.37,3.09,1.35,3.25,1.44
27,Hamburg,Hamburg Open,5/20/2026,ATP500,Outdoor,Clay,2nd Round,3,De Minaur A.,Davidovich Fokina A.,9,23,3665,1820,6,2,4,6,6,4,,,,,2,1,Completed,1.62,2.3,,,1.67,2.3,1.62,2.25,1.69,2.42
27,Hamburg,Hamburg Open,5/20/2026,ATP500,Outdoor,Clay,2nd Round,3,Ugo Carabelli C.,Tiafoe F.,68,21,825,1905,7,6,7,6,"	",,,,,,2,0,Completed,2.1,1.73,,,2.1,1.8,2.02,1.77,2.08,1.9
27,Hamburg,Hamburg Open,5/20/2026,ATP500,Outdoor,Clay,2nd Round,3,Darderi L.,Hanfmann Y.,16,55,2260,899,7,6,7,5,"	",,,,,,2,0,Completed,1.44,2.75,,,1.45,2.8,1.44,2.7,1.49,2.86
27,Hamburg,Hamburg Open,5/21/2026,ATP500,Outdoor,Clay,Quarterfinals,3,Buse I.,Humbert U.,57,34,893,1280,6,3,5,7,6,3,,,,,2,1,Completed,1.3,3.5,,,1.33,3.5,1.3,3.39,1.35,3.75
27,Hamburg,Hamburg Open,5/21/2026,ATP500,Outdoor,Clay,Quarterfinals,3,Paul T.,Altmaier D.,26,65,1625,843,6,2,7,5,"	",,,,,,2,0,Completed,1.4,3,,,1.43,3,1.41,2.84,1.46,3.1
27,Hamburg,Hamburg Open,5/21/2026,ATP500,Outdoor,Clay,Quarterfinals,3,Kovacevic A.,Ugo Carabelli C.,94,68,649,825,6,4,6,7,6,2,,,,,2,1,Completed,3,1.4,,,3.1,1.44,2.96,1.38,3.25,1.44
27,Hamburg,Hamburg Open,5/21/2026,ATP500,Outdoor,Clay,Quarterfinals,3,De Minaur A.,Darderi L.,9,16,3665,2260,6,0,6,3,,"	",,,,,2,0,Completed,1.8,2,,,1.85,2,1.81,1.96,1.93,2.06
27,Hamburg,Hamburg Open,5/22/2026,ATP500,Outdoor,Clay,Semifinals,3,Buse I.,Kovacevic A.,57,94,893,649,6,1,6,4,,"	",,,,,2,0,Completed,1.29,3.75,,,1.33,3.75,1.31,3.35,1.35,3.75
27,Hamburg,Hamburg Open,5/22/2026,ATP500,Outdoor,Clay,Semifinals,3,Paul T.,De Minaur A.,26,9,1625,3665,2,6,6,3,6,3,,,,,2,1,Completed,2.38,1.57,,,2.38,1.67,2.26,1.6,2.4,1.7
27,Hamburg,Hamburg Open,5/23/2026,ATP500,Outdoor,Clay,The Final,3,Buse I.,Paul T.,57,26,893,1625,7,6,4,6,6,3,,,,,2,1,Completed,2.38,1.57,,,2.4,1.72,2.29,1.6,2.46,1.67
28,Paris,French Open,5/24/2026,Grand Slam,Outdoor,Clay,1st Round,5,Duckworth J.,Diallo G.,82,49,722,975,6,3,4,1,"	",,,,,,1,0,Retired,2.5,1.53,,,2.53,1.57,2.42,1.55,2.58,1.62
28,Paris,French Open,5/24/2026,Grand Slam,Outdoor,Clay,1st Round,5,Tirante T.A.,Llamas Ruiz P.,60,122,887,515,6,3,7,6,6,7,6,0,,"	",3,1,Completed,1.8,2,,,1.85,2.01,1.81,1.97,1.91,2.08
28,Paris,French Open,5/24/2026,Grand Slam,Outdoor,Clay,1st Round,5,Kecmanovic M.,Marozsan F.,48,54,980,935,7,6,6,3,6,4,"	",,,,3,0,Completed,1.62,2.3,,,1.67,2.38,1.62,2.25,1.66,2.48
28,Paris,French Open,5/24/2026,Grand Slam,Outdoor,Clay,1st Round,5,Khachanov K.,Gea A.,15,135,2320,460,6,3,7,6,6,0,"	",,,,3,0,Completed,1.17,5,,,1.2,5.25,1.18,4.75,1.22,5.3
28,Paris,French Open,5/24/2026,Grand Slam,Outdoor,Clay,1st Round,5,Davidovich Fokina A.,Dzumhur D.,23,87,1860,694,6,7,6,3,2,6,7,5,6,3,3,2,Completed,1.11,6.5,,,1.14,6.5,1.12,5.83,1.15,7.2
28,Paris,French Open,5/24/2026,Grand Slam,Outdoor,Clay,1st Round,5,Trungelliti M.,Jacquet K.,81,147,731,411,6,4,6,2,6,2,,"	",,,3,0,Completed,2.2,1.67,,,2.21,1.73,2.15,1.68,2.22,1.79
28,Paris,French Open,5/24/2026,Grand Slam,Outdoor,Clay,1st Round,5,Machac T.,Bergs Z.,43,40,1080,1150,6,4,6,4,6,3,"	",,,,3,0,Completed,1.67,2.2,,,1.73,2.21,1.69,2.14,1.75,2.3
28,Paris,French Open,5/24/2026,Grand Slam,Outdoor,Clay,1st Round,5,Zverev A.,Bonzi B.,3,95,5705,629,6,3,6,4,6,2,,"	",,,3,0,Completed,1.03,15,,,1.04,21,1.03,13.93,1.04,20
28,Paris,French Open,5/24/2026,Grand Slam,Outdoor,Clay,1st Round,5,Mensik J.,Droguet T.,27,107,1550,578,6,3,6,2,6,4,,"	",,,3,0,Completed,1.4,3,,,1.5,3,1.43,2.78,1.5,2.96
28,Paris,French Open,5/24/2026,Grand Slam,Outdoor,Clay,1st Round,5,Cina F.,Opelka R.,238,76,242,758,3,6,6,4,6,2,6,7,6,4,3,2,Completed,1.5,2.63,,,1.53,2.83,1.46,2.67,1.5,2.96
28,Paris,French Open,5/24/2026,Grand Slam,Outdoor,Clay,1st Round,5,Borges N.,Etcheverry T.,51,28,970,1510,6,3,6,4,6,2,,"	",,,3,0,Completed,2.75,1.44,,,2.9,1.44,2.78,1.42,3.25,1.44
28,Paris,French Open,5/24/2026,Grand Slam,Outdoor,Clay,1st Round,5,Prizmic D.,Zheng M.,72,146,785,414,6,1,6,1,6,3,,"	",,,3,0,Completed,1.17,5,,,1.2,5.6,1.16,5.14,1.17,6.4
28,Paris,French Open,5/24/2026,Grand Slam,Outdoor,Clay,1st Round,5,Fonseca J.,Pavlovic L.,30,241,1435,237,7,6,6,4,6,2,"	",,,,3,0,Completed,1.05,11,,,1.07,13,1.05,9.97,1.08,11.5
28,Paris,French Open,5/24/2026,Grand Slam,Outdoor,Clay,1st Round,5,Basavareddy N.,Fritz T.,148,9,409,3720,7,6,7,6,6,7,6,1,,"	",3,1,Completed,4.33,1.22,,,4.6,1.25,4.2,1.21,5.1,1.24
28,Paris,French Open,5/24/2026,Grand Slam,Outdoor,Clay,1st Round,5,Halys Q.,Bellucci M.,90,73,678,777,6,3,7,6,6,3,"	",,,,3,0,Completed,1.73,2.1,,,1.73,2.3,1.64,2.22,1.67,2.48
28,Paris,French Open,5/24/2026,Grand Slam,Outdoor,Clay,1st Round,5,Blockx A.,Wong C.,37,109,1238,574,6,3,6,4,6,2,"	",,,,3,0,Completed,1.1,7,,,1.1,8,1.09,6.94,1.11,9.2
28,Paris,French Open,5/24/2026,Grand Slam,Outdoor,Clay,1st Round,5,Medjedovic H.,Hanfmann Y.,58,53,894,936,6,3,6,4,6,7,6,4,"	",,3,1,Completed,1.5,2.63,,,1.56,2.63,1.5,2.55,1.53,2.86
28,Paris,French Open,5/24/2026,Grand Slam,Outdoor,Clay,1st Round,5,Sonego L.,Herbert P.,70,220,815,259,7,6,5,7,6,2,1,6,6,4,3,2,Completed,1.53,2.5,,,1.53,2.75,1.48,2.6,1.58,2.72
28,Paris,French Open,5/24/2026,Grand Slam,Outdoor,Clay,1st Round,5,Royer V.,Dellien H.,74,144,773,421,6,4,6,2,6,2,,"	",,,3,0,Completed,2.3,1.62,,,2.3,1.68,2.24,1.63,2.42,1.69
28,Paris,French Open,5/24/2026,Grand Slam,Outdoor,Clay,1st Round,5,Djokovic N.,Mpetshi G.,4,83,4460,710,5,7,7,5,6,1,6,4,,"	",3,1,Completed,1.08,8,,,1.1,8,1.08,7.39,1.11,9.6
28,Paris,French Open,5/25/2026,Grand Slam,Outdoor,Clay,1st Round,5,Michelsen A.,Shevchenko A.,42,88,1115,689,6,2,6,4,6,2,,"	",,,3,0,Completed,1.53,2.5,,,1.57,2.53,1.54,2.43,1.65,2.52
28,Paris,French Open,5/25/2026,Grand Slam,Outdoor,Clay,1st Round,5,Carreno Busta P.,Lehecka J.,89,12,685,2665,6,3,7,6,6,3,"	",,,,3,0,Completed,4.5,1.2,,,5.5,1.22,4.58,1.2,6.2,1.18
28,Paris,French Open,5/25/2026,Grand Slam,Outdoor,Clay,1st Round,5,De Minaur A.,Samuel T.,7,159,3855,378,6,4,6,4,6,2,"	",,,,3,0,Completed,1.07,9,,,1.09,9.5,1.07,8.02,1.08,12.5
28,Paris,French Open,5/25/2026,Grand Slam,Outdoor,Clay,1st Round,5,Rinderknech A.,Rodionov J.,25,158,1736,379,7,6,6,2,6,3,"	",,,,3,0,Completed,1.3,3.5,,,1.33,3.75,1.3,3.5,1.32,4
28,Paris,French Open,5/25/2026,Grand Slam,Outdoor,Clay,1st Round,5,Berrettini M.,Fucsovics M.,105,65,585,859,6,7,7,5,6,1,6,2,,"	",3,1,Completed,1.44,2.75,,,1.5,2.8,1.47,2.63,1.55,2.76
28,Paris,French Open,5/25/2026,Grand Slam,Outdoor,Clay,1st Round,5,Van Assche L.,Gaubas V.,100,133,599,464,6,4,6,2,2,6,7,5,"	",,3,1,Completed,1.73,2.1,,,1.73,2.1,1.73,2.1,1.33,2.78
28,Paris,French Open,5/25/2026,Grand Slam,Outdoor,Clay,1st Round,5,Jodar R.,Kovacevic A.,29,67,1461,837,6,1,6,0,6,4,,"	",,,3,0,Completed,1.08,8,,,1.12,8.5,1.09,7.28,1.11,9.2
28,Paris,French Open,5/25/2026,Grand Slam,Outdoor,Clay,1st Round,5,Tiafoe F.,Spizzirri E.,22,91,1905,660,6,3,6,7,6,4,6,3,,"	",3,1,Completed,1.07,9,,,1.08,9.5,1.07,8.08,1.11,9.8
28,Paris,French Open,5/25/2026,Grand Slam,Outdoor,Clay,1st Round,5,Nakashima B.,Bautista Agut R.,35,117,1295,542,6,2,7,5,6,2,,"	",,,3,0,Completed,1.3,3.5,,,1.32,3.75,1.29,3.47,1.33,4
28,Paris,French Open,5/25/2026,Grand Slam,Outdoor,Clay,1st Round,5,De Jong J.,Wawrinka S.,106,113,580,553,6,3,3,6,6,3,6,4,,"	",3,1,Completed,1.62,2.3,,,1.62,2.4,1.58,2.34,1.62,2.58
28,Paris,French Open,5/25/2026,Grand Slam,Outdoor,Clay,1st Round,5,Kokkinakis T.,Atmane T.,855,52,29,938,6,7,6,2,4,6,6,3,7,5,3,2,Completed,4,1.25,,,4,1.29,3.73,1.26,4.4,1.28
28,Paris,French Open,5/25/2026,Grand Slam,Outdoor,Clay,1st Round,5,Navone M.,Brooksby J.,38,63,1215,865,6,4,6,4,6,4,"	",,,,3,0,Completed,1.14,5.5,,,1.16,6,1.14,5.46,1.13,8
28,Paris,French Open,5/25/2026,Grand Slam,Outdoor,Clay,1st Round,5,Ugo Carabelli C.,Nava E.,59,94,890,631,7,6,6,3,6,3,,"	",,,3,0,Completed,1.8,2,,,1.95,2,1.86,1.89,2,1.98
28,Paris,French Open,5/25/2026,Grand Slam,Outdoor,Clay,1st Round,5,Humbert U.,Mannarino A.,32,45,1370,1037,6,3,6,4,6,3,"	",,,,3,0,Completed,1.11,6.5,,,1.12,7,1.11,6.31,1.13,8
28,Paris,French Open,5/25/2026,Grand Slam,Outdoor,Clay,1st Round,5,Hurkacz H.,Munar J.,99,41,600,1145,6,3,6,3,2,6,6,3,,"	",3,1,Completed,1.67,2.2,,,1.73,2.25,1.67,2.17,1.75,2.32
28,Paris,French Open,5/25/2026,Grand Slam,Outdoor,Clay,1st Round,5,Paul T.,Hijikata R.,21,98,1945,612,4,6,6,3,7,5,6,4,,"	",3,1,Completed,1.05,11,,,1.05,14,1.04,11.09,1.06,15
28,Paris,French Open,5/25/2026,Grand Slam,Outdoor,Clay,1st Round,5,Rublev A.,Buse I.,13,31,2460,1412,6,3,6,7,6,3,7,5,,"	",3,1,Completed,1.44,2.75,,,1.45,2.85,1.44,2.73,1.49,3
28,Paris,French Open,5/25/2026,Grand Slam,Outdoor,Clay,1st Round,5,Ruud C.,Safiullin R.,16,141,2275,430,6,2,7,6,5,7,0,6,6,2,3,2,Completed,1.1,7,,,1.1,8,1.09,7.09,1.11,9.4
28,Paris,French Open,5/25/2026,Grand Slam,Outdoor,Clay,1st Round,5,Collignon R.,Vukic A.,62,96,866,626,6,3,6,3,7,6,"	",,,,3,0,Completed,1.08,8,,,1.08,9,1.07,8.34,1.1,10
28,Paris,French Open,5/25/2026,Grand Slam,Outdoor,Clay,1st Round,5,Cerundolo F.,Van De Zandschulp B.,26,55,1570,935,6,3,6,4,6,7,6,4,"	",,3,1,Completed,1.17,5,,,1.1,7,1.15,5.28,1.16,6.8
28,Paris,French Open,5/25/2026,Grand Slam,Outdoor,Clay,1st Round,5,Cobolli F.,Pellegrino A.,14,124,2340,507,6,4,7,6,6,3,"	",,,,3,0,Completed,1.33,3.4,,,1.37,3.55,1.31,3.37,1.34,3.9
28,Paris,French Open,5/25/2026,Grand Slam,Outdoor,Clay,1st Round,5,Wu Y.,Giron M.,92,84,655,705,7,5,6,2,6,4,"	",,,,3,0,Completed,2.1,1.73,,,2.13,1.8,2.05,1.74,2.22,1.8
28,Paris,French Open,5/25/2026,Grand Slam,Outdoor,Clay,1st Round,5,Shelton B.,Merida Aguilar D.,5,86,4070,696,6,3,6,3,6,4,,"	",,,3,0,Completed,1.29,3.75,,,1.29,4,1.25,3.85,1.27,4.6
28,Paris,French Open,5/25/2026,Grand Slam,Outdoor,Clay,1st Round,5,Gaston H.,Monfils G.,118,218,533,260,6,2,6,3,3,6,2,6,6,0,3,2,Completed,2.1,1.73,,,2.2,1.8,2.05,1.74,2.22,1.8
28,Paris,French Open,5/26/2026,Grand Slam,Outdoor,Clay,1st Round,5,Kouame M.,Cilic M.,318,46,165,1010,7,6,6,2,6,1,,"	",,,3,0,Completed,4,1.25,,,4,1.3,3.81,1.26,4.5,1.28
28,Paris,French Open,5/26/2026,Grand Slam,Outdoor,Clay,1st Round,5,Arnaldi M.,Griekspoor T.,104,33,586,1340,6,7,6,3,7,6,6,3,,"	",3,1,Completed,1.73,2.1,,,1.73,2.2,1.7,2.12,1.79,2.24
28,Paris,French Open,5/26/2026,Grand Slam,Outdoor,Clay,1st Round,5,Svajda Z.,Popyrin A.,85,61,696,870,3,6,6,3,7,6,7,5,,"	",3,1,Completed,8,1.08,,,8,1.11,6.77,1.1,8.4,1.13
28,Paris,French Open,5/26/2026,Grand Slam,Outdoor,Clay,1st Round,5,Tabilo A.,Majchrzak K.,36,78,1278,747,6,1,6,3,6,4,"	",,,,3,0,Completed,1.22,4.33,,,1.23,4.5,1.21,4.28,1.25,4.9
28,Paris,French Open,5/26/2026,Grand Slam,Outdoor,Clay,1st Round,5,Walton A.,Medvedev D.,97,8,614,3760,6,2,1,6,6,1,1,6,6,4,3,2,Completed,13,1.04,,,17,1.04,12.31,1.03,16.5,1.06
28,Paris,French Open,5/26/2026,Grand Slam,Outdoor,Clay,1st Round,5,Vacherot V.,Faurel T.,19,378,2103,131,6,3,6,4,3,6,7,6,,"	",3,1,Completed,1.13,6,,,1.15,6,1.14,5.52,1.16,6.6
28,Paris,French Open,5/26/2026,Grand Slam,Outdoor,Clay,1st Round,5,Diaz Acosta F.,Zhang Zh.,151,224,407,254,6,1,6,4,6,3,"	",,,,3,0,Completed,1.36,3.2,,,1.4,3.25,1.35,3.11,1.4,3.4
28,Paris,French Open,5/26/2026,Grand Slam,Outdoor,Clay,1st Round,5,Landaluce M.,Prado Angelo J.C.,69,176,827,338,6,3,4,6,6,2,6,7,6,4,3,2,Completed,1.3,3.5,,,1.35,3.5,1.33,3.27,1.38,3.55
28,Paris,French Open,5/26/2026,Grand Slam,Outdoor,Clay,1st Round,5,Tsitsipas S.,Muller A.,79,127,740,494,6,2,3,0,,"	",,,,,1,0,Retired,1.14,5.5,,,1.16,6,1.14,5.41,1.17,6.4
28,Paris,French Open,5/26/2026,Grand Slam,Outdoor,Clay,1st Round,5,Kopriva V.,Moutet C.,66,34,856,1323,6,3,5,7,6,4,3,6,6,3,3,2,Completed,2.3,1.62,,,2.35,1.67,2.25,1.63,2.34,1.73
28,Paris,French Open,5/26/2026,Grand Slam,Outdoor,Clay,1st Round,5,Vallejo D.,Norrie C.,71,24,786,1785,7,6,2,0,,"	",,,,,1,0,Retired,1.8,2,,,1.8,2.1,1.76,2.02,1.84,2.16
28,Paris,French Open,5/26/2026,Grand Slam,Outdoor,Clay,1st Round,5,Burruchaga R.,Baez S.,68,64,833,860,2,6,7,5,6,2,2,0,,"	",2,1,Retired,2.2,1.67,,,2.25,1.74,2.17,1.67,2.38,1.71
28,Paris,French Open,5/26/2026,Grand Slam,Outdoor,Clay,1st Round,5,Tien L.,Garin C.,18,114,2180,552,6,0,2,6,6,0,6,2,,"	",3,1,Completed,1.44,2.75,,,1.55,2.75,1.49,2.57,1.51,2.92
28,Paris,French Open,5/26/2026,Grand Slam,Outdoor,Clay,1st Round,5,Struff J.L.,Bublik A.,80,10,739,3320,7,5,6,7,6,4,7,5,,"	",3,1,Completed,4,1.25,,,4.1,1.28,3.89,1.25,4.6,1.27
28,Paris,French Open,5/26/2026,Grand Slam,Outdoor,Clay,1st Round,5,Faria J.,Shapovalov D.,115,39,548,1170,6,4,7,5,6,4,"	",,,,3,0,Completed,1.53,2.5,,,1.55,2.54,1.52,2.46,1.55,2.78
28,Paris,French Open,5/26/2026,Grand Slam,Outdoor,Clay,1st Round,5,Cerundolo J.M.,Fearnley J.,56,125,935,505,6,2,7,6,7,6,,"	",,,3,0,Completed,1.25,4,,,1.25,4.33,1.24,4.02,1.26,4.7
28,Paris,French Open,5/26/2026,Grand Slam,Outdoor,Clay,1st Round,5,Comesana F.,Quinn E.,102,50,598,974,6,4,7,6,7,6,,"	",,,3,0,Completed,1.62,2.3,,,1.67,2.31,1.63,2.24,1.66,2.46
28,Paris,French Open,5/26/2026,Grand Slam,Outdoor,Clay,1st Round,5,Darderi L.,Ofner S.,17,112,2260,558,7,6,6,2,6,3,,"	",,,3,0,Completed,1.29,3.75,,,1.36,3.75,1.3,3.51,1.32,4.1
28,Paris,French Open,5/26/2026,Grand Slam,Outdoor,Clay,1st Round,5,Auger-Aliassime F.,Altmaier D.,6,57,4050,930,4,6,6,4,4,6,6,1,7,6,3,2,Completed,1.3,3.5,,,1.36,3.6,1.3,3.41,1.38,3.6
28,Paris,French Open,5/26/2026,Grand Slam,Outdoor,Clay,1st Round,5,Sinner J.,Tabur C.,1,171,14750,348,6,1,6,3,6,4,"	",,,,3,0,Completed,1,67,,,1.01,67,1.01,40.64,1.01,110
28,Paris,French Open,5/27/2026,Grand Slam,Outdoor,Clay,2nd Round,5,De Minaur A.,Blockx A.,7,37,3855,1238,"	",,,,,,,,,,,,Walkover,1.5,2.63,,,1.57,2.63,1.54,2.44,1.56,2.72
28,Paris,French Open,5/27/2026,Grand Slam,Outdoor,Clay,2nd Round,5,Tirante T.A.,Davidovich Fokina A.,60,23,887,1860,4,6,7,6,6,1,6,3,,"	",3,1,Completed,1.62,2.3,,,1.63,2.43,1.58,2.32,1.63,2.54
28,Paris,French Open,5/27/2026,Grand Slam,Outdoor,Clay,2nd Round,5,Khachanov K.,Trungelliti M.,15,81,2320,731,7,6,5,7,6,1,7,6,"	",,3,1,Completed,1.25,4,,,1.26,4.5,1.23,3.99,1.27,4.6
28,Paris,French Open,5/27/2026,Grand Slam,Outdoor,Clay,2nd Round,5,De Jong J.,Cina F.,106,238,580,242,6,3,6,1,6,3,,"	",,,3,0,Completed,1.62,2.3,,,1.62,2.38,1.59,2.3,1.68,2.44
28,Paris,French Open,5/27/2026,Grand Slam,Outdoor,Clay,2nd Round,5,Rublev A.,Ugo Carabelli C.,13,59,2460,890,6,1,1,6,6,3,7,6,,"	",3,1,Completed,1.25,4,,,1.29,4,1.26,3.73,1.31,4.1
28,Paris,French Open,5/27/2026,Grand Slam,Outdoor,Clay,2nd Round,5,Mensik J.,Navone M.,27,38,1550,1215,6,3,2,6,6,4,1,6,7,6,3,2,Completed,1.8,2,,,1.83,2.04,1.78,1.99,1.87,2.12
28,Paris,French Open,5/27/2026,Grand Slam,Outdoor,Clay,2nd Round,5,Carreno Busta P.,Kokkinakis T.,89,855,685,29,7,5,4,6,1,0,,"	",,,1,1,Retired,1.36,3.2,,,1.4,3.25,1.37,3.06,1.39,3.5
28,Paris,French Open,5/27/2026,Grand Slam,Outdoor,Clay,2nd Round,5,Borges N.,Kecmanovic M.,51,48,970,980,3,6,6,2,6,1,6,2,"	",,3,1,Completed,2.3,1.62,,,2.45,1.62,2.35,1.57,2.58,1.63
28,Paris,French Open,5/27/2026,Grand Slam,Outdoor,Clay,2nd Round,5,Djokovic N.,Royer V.,4,74,4460,773,6,3,6,2,6,7,6,3,,"	",3,1,Completed,1.1,7,,,1.12,7.5,1.1,6.61,1.13,8.2
28,Paris,French Open,5/27/2026,Grand Slam,Outdoor,Clay,2nd Round,5,Jodar R.,Duckworth J.,29,82,1461,722,6,1,6,7,6,4,7,5,,"	",3,1,Completed,1.03,15,,,1.04,16,1.03,12.88,1.04,21
28,Paris,French Open,5/27/2026,Grand Slam,Outdoor,Clay,2nd Round,5,Halys Q.,Humbert U.,90,32,678,1370,6,4,7,6,7,6,,"	",,,3,0,Completed,2.3,1.62,,,2.3,1.67,2.23,1.64,2.32,1.74
28,Paris,French Open,5/27/2026,Grand Slam,Outdoor,Clay,2nd Round,5,Michelsen A.,Basavareddy N.,42,148,1115,409,7,6,6,3,3,6,6,3,,"	",3,1,Completed,1.5,2.63,,,1.53,2.63,1.51,2.53,1.55,2.78
28,Paris,French Open,5/27/2026,Grand Slam,Outdoor,Clay,2nd Round,5,Fonseca J.,Prizmic D.,30,72,1435,785,3,6,4,6,6,3,6,1,6,2,3,2,Completed,1.91,1.91,,,1.95,2,1.87,1.9,1.93,2.04
28,Paris,French Open,5/27/2026,Grand Slam,Outdoor,Clay,2nd Round,5,Paul T.,Sonego L.,21,70,1945,815,6,3,6,2,6,4,,"	",,,3,0,Completed,1.13,6,,,1.14,6,1.13,5.68,1.15,7.4
28,Paris,French Open,5/27/2026,Grand Slam,Outdoor,Clay,2nd Round,5,Zverev A.,Machac T.,3,43,5705,1080,6,4,6,2,6,2,,"	",,,3,0,Completed,1.11,6.5,,,1.12,7.5,1.1,6.56,1.12,8.6
28,Paris,French Open,5/27/2026,Grand Slam,Outdoor,Clay,2nd Round,5,Ruud C.,Medjedovic H.,16,58,2275,894,6,3,6,2,6,4,"	",,,,3,0,Completed,1.36,3.2,,,1.4,3.25,1.36,3.09,1.4,3.45
28,Paris,French Open,5/28/2026,Grand Slam,Outdoor,Clay,2nd Round,5,Faria J.,Struff J.L.,115,80,548,739,7,5,7,6,6,2,,"	",,,3,0,Completed,1.57,2.38,,,1.62,2.38,1.58,2.32,1.67,2.48
28,Paris,French Open,5/28/2026,Grand Slam,Outdoor,Clay,2nd Round,5,Tien L.,Diaz Acosta F.,18,151,2180,407,7,5,4,6,3,6,7,6,6,3,3,2,Completed,1.22,4.33,,,1.26,5.5,1.22,4.14,1.27,4.6
28,Paris,French Open,5/28/2026,Grand Slam,Outdoor,Clay,2nd Round,5,Kouame M.,Vallejo D.,318,71,165,786,6,3,7,5,3,6,2,6,7,6,3,2,Completed,3.5,1.3,,,3.75,1.33,3.44,1.3,3.8,1.35
28,Paris,French Open,5/28/2026,Grand Slam,Outdoor,Clay,2nd Round,5,Cobolli F.,Wu Y.,14,92,2340,655,6,4,6,4,6,4,"	",,,,3,0,Completed,1.22,4.33,,,1.22,4.5,1.21,4.27,1.22,5.3
28,Paris,French Open,5/28/2026,Grand Slam,Outdoor,Clay,2nd Round,5,Svajda Z.,Walton A.,85,97,696,614,6,3,6,4,6,7,6,2,"	",,3,1,Completed,1.73,2.1,,,1.8,2.1,1.75,2.04,1.87,2.12
28,Paris,French Open,5/28/2026,Grand Slam,Outdoor,Clay,2nd Round,5,Cerundolo J.M.,Sinner J.,56,1,935,14750,3,6,2,6,7,5,6,1,6,1,3,2,Completed,26,1.01,,,51,1.01,23.5,1.01,36,1.02
28,Paris,French Open,5/28/2026,Grand Slam,Outdoor,Clay,2nd Round,5,Tiafoe F.,Hurkacz H.,22,99,1905,600,6,7,7,6,6,4,6,7,6,4,3,2,Completed,2.2,1.67,,,2.3,1.68,2.23,1.63,2.4,1.7
28,Paris,French Open,5/28/2026,Grand Slam,Outdoor,Clay,2nd Round,5,Cerundolo F.,Gaston H.,26,118,1570,533,2,6,6,4,6,2,6,1,"	",,3,1,Completed,1.08,8,,,1.1,9,1.09,7.36,1.11,9.4
28,Paris,French Open,5/28/2026,Grand Slam,Outdoor,Clay,2nd Round,5,Landaluce M.,Kopriva V.,69,66,827,856,1,6,2,6,6,4,7,5,6,0,3,2,Completed,2.1,1.73,,,2.25,1.73,2.2,1.64,2.38,1.7
28,Paris,French Open,5/28/2026,Grand Slam,Outdoor,Clay,2nd Round,5,Tabilo A.,Vacherot V.,36,19,1278,2103,"	",,,,,,,,,,,,Walkover,1.5,2.63,,,1.53,2.75,1.48,2.59,1.57,2.72
28,Paris,French Open,5/28/2026,Grand Slam,Outdoor,Clay,2nd Round,5,Auger-Aliassime F.,Burruchaga R.,6,68,4050,833,4,6,6,0,7,5,6,1,"	",,3,1,Completed,1.3,3.5,,,1.36,3.75,1.33,3.31,1.37,3.65
28,Paris,French Open,5/28/2026,Grand Slam,Outdoor,Clay,2nd Round,5,Comesana F.,Darderi L.,102,17,598,2260,7,6,4,6,6,4,2,6,6,4,3,2,Completed,3.75,1.29,,,3.75,1.33,3.41,1.31,3.9,1.33
28,Paris,French Open,5/28/2026,Grand Slam,Outdoor,Clay,2nd Round,5,Nakashima B.,Van Assche L.,35,100,1295,599,6,7,6,4,5,7,6,1,6,3,3,2,Completed,1.4,3,,,1.44,3.25,1.39,2.92,1.42,3.3
28,Paris,French Open,5/28/2026,Grand Slam,Outdoor,Clay,2nd Round,5,Collignon R.,Shelton B.,62,5,866,4070,6,4,7,5,6,4,"	",,,,3,0,Completed,2.75,1.44,,,3,1.48,2.77,1.43,3.05,1.48
28,Paris,French Open,5/28/2026,Grand Slam,Outdoor,Clay,2nd Round,5,Arnaldi M.,Tsitsipas S.,104,79,586,740,7,6,5,7,6,3,6,2,"	",,3,1,Completed,2.5,1.53,,,2.75,1.53,2.54,1.5,2.8,1.54
28,Paris,French Open,5/28/2026,Grand Slam,Outdoor,Clay,2nd Round,5,Berrettini M.,Rinderknech A.,105,25,585,1736,6,4,6,4,6,4,,"	",,,3,0,Completed,2,1.8,,,2.16,1.81,2.04,1.75,2.16,1.84
28,Paris,French Open,5/29/2026,Grand Slam,Outdoor,Clay,3rd Round,5,Rublev A.,Borges N.,13,51,2460,970,7,5,7,6,7,6,,"	",,,3,0,Completed,1.33,3.4,,,1.4,3.5,1.33,3.29,1.4,3.4
28,Paris,French Open,5/29/2026,Grand Slam,Outdoor,Clay,3rd Round,5,Carreno Busta P.,Tirante T.A.,89,60,685,887,7,6,7,5,3,6,6,4,,"	",3,1,Completed,3,1.4,,,3.1,1.44,2.89,1.4,3.15,1.45
28,Paris,French Open,5/29/2026,Grand Slam,Outdoor,Clay,3rd Round,5,Jodar R.,Michelsen A.,29,42,1461,1115,7,6,6,7,4,6,6,3,6,3,3,2,Completed,1.14,5.5,,,1.19,6,1.16,5.11,1.21,5.6
28,Paris,French Open,5/29/2026,Grand Slam,Outdoor,Clay,3rd Round,5,Fonseca J.,Djokovic N.,30,4,1435,4460,4,6,4,6,6,3,7,5,7,5,3,2,Completed,2.75,1.44,,,2.88,1.5,2.71,1.45,2.86,1.53
28,Paris,French Open,5/29/2026,Grand Slam,Outdoor,Clay,3rd Round,5,De Jong J.,Khachanov K.,106,15,580,2320,7,5,5,7,6,2,6,7,6,2,3,2,Completed,3.4,1.33,,,3.5,1.34,3.3,1.32,3.65,1.37
28,Paris,French Open,5/29/2026,Grand Slam,Outdoor,Clay,3rd Round,5,Mensik J.,De Minaur A.,27,7,1550,3855,0,6,6,2,6,2,6,3,,"	",3,1,Completed,4.33,1.22,,,4.5,1.25,4.27,1.21,4.8,1.26
28,Paris,French Open,5/29/2026,Grand Slam,Outdoor,Clay,3rd Round,5,Ruud C.,Paul T.,16,21,2275,1945,4,6,6,7,6,4,7,6,7,5,3,2,Completed,1.3,3.5,,,1.33,3.75,1.3,3.43,1.33,3.9
28,Paris,French Open,5/29/2026,Grand Slam,Outdoor,Clay,3rd Round,5,Zverev A.,Halys Q.,3,90,5705,678,6,4,6,3,5,7,6,2,,"	",3,1,Completed,1.05,11,,,1.06,13,1.05,9.56,1.1,10.5
28,Paris,French Open,5/30/2026,Grand Slam,Outdoor,Clay,3rd Round,5,Svajda Z.,Cerundolo F.,85,26,696,1570,6,3,6,4,3,6,4,6,6,3,3,2,Completed,8,1.08,,,8.5,1.08,7.73,1.07,10.5,1.09
28,Paris,French Open,5/30/2026,Grand Slam,Outdoor,Clay,3rd Round,5,Cobolli F.,Tien L.,14,18,2340,2180,6,2,6,2,6,3,"	",,,,3,0,Completed,1.53,2.5,,,1.58,2.5,1.55,2.41,1.67,2.46
28,Paris,French Open,5/30/2026,Grand Slam,Outdoor,Clay,3rd Round,5,Berrettini M.,Comesana F.,105,102,585,598,7,6,5,7,6,7,6,4,7,6,3,2,Completed,1.44,2.75,,,1.45,2.9,1.43,2.76,1.48,3.05
28,Paris,French Open,5/30/2026,Grand Slam,Outdoor,Clay,3rd Round,5,Cerundolo J.M.,Landaluce M.,56,69,935,827,6,4,6,7,7,6,6,7,7,6,3,2,Completed,1.67,2.2,,,1.67,2.38,1.62,2.26,1.62,2.58
28,Paris,French Open,5/30/2026,Grand Slam,Outdoor,Clay,3rd Round,5,Tabilo A.,Kouame M.,36,318,1278,165,4,6,6,3,6,4,7,6,,"	",3,1,Completed,1.22,4.33,,,1.22,4.5,1.21,4.24,1.26,4.7
28,Paris,French Open,5/30/2026,Grand Slam,Outdoor,Clay,3rd Round,5,Arnaldi M.,Collignon R.,104,62,586,866,6,4,6,7,5,7,6,4,7,6,3,2,Completed,3,1.4,,,3,1.46,2.86,1.41,3.2,1.44
28,Paris,French Open,5/30/2026,Grand Slam,Outdoor,Clay,3rd Round,5,Tiafoe F.,Faria J.,22,115,1905,548,4,6,6,7,7,6,6,1,6,2,3,2,Completed,1.53,2.5,,,1.62,2.55,1.53,2.45,1.58,2.68
28,Paris,French Open,5/30/2026,Grand Slam,Outdoor,Clay,3rd Round,5,Auger-Aliassime F.,Nakashima B.,6,35,4050,1295,5,7,6,1,7,6,7,6,"	",,3,1,Completed,1.33,3.4,,,1.33,3.75,1.31,3.36,1.37,3.6
28,Paris,French Open,5/31/2026,Grand Slam,Outdoor,Clay,4th Round,5,Jodar R.,Carreno Busta P.,29,89,1461,685,4,6,4,6,6,1,6,2,6,2,3,2,Completed,1.25,4,,,1.27,4.25,1.24,3.96,1.3,4.3
28,Paris,French Open,5/31/2026,Grand Slam,Outdoor,Clay,4th Round,5,Zverev A.,De Jong J.,3,106,5705,580,7,6,6,4,6,1,,"	",,,3,0,Completed,1.05,11,,,1.05,11,1.05,11,1.08,12.5
28,Paris,French Open,5/31/2026,Grand Slam,Outdoor,Clay,4th Round,5,Mensik J.,Rublev A.,27,13,1550,2460,6,3,7,6,4,6,2,6,6,3,3,2,Completed,2,1.8,,,2.06,1.82,2,1.77,2.1,1.9
28,Paris,French Open,5/31/2026,Grand Slam,Outdoor,Clay,4th Round,5,Fonseca J.,Ruud C.,30,16,1435,2275,7,5,7,6,5,7,6,2,,"	",3,1,Completed,2.5,1.53,,,2.63,1.53,2.53,1.5,2.66,1.6
28,Paris,French Open,6/1/2026,Grand Slam,Outdoor,Clay,4th Round,5,Cobolli F.,Svajda Z.,14,85,2340,696,6,2,6,3,6,7,7,6,"	",,3,1,Completed,1.11,6.5,,,1.13,6.5,1.12,6.14,1.12,8.8
28,Paris,French Open,6/1/2026,Grand Slam,Outdoor,Clay,4th Round,5,Berrettini M.,Cerundolo J.M.,105,56,585,935,6,3,7,6,7,6,,"	",,,3,0,Completed,1.57,2.38,,,1.58,2.5,1.55,2.42,1.62,2.58
28,Paris,French Open,6/1/2026,Grand Slam,Outdoor,Clay,4th Round,5,Auger-Aliassime F.,Tabilo A.,6,36,4050,1278,6,3,7,5,6,1,"	",,,,3,0,Completed,1.53,2.5,,,1.55,2.75,1.49,2.57,1.57,2.72
28,Paris,French Open,6/1/2026,Grand Slam,Outdoor,Clay,4th Round,5,Arnaldi M.,Tiafoe F.,104,22,586,1905,7,6,6,7,3,6,7,6,6,4,3,2,Completed,1.8,2,,,1.92,2.2,1.84,1.95,1.92,2.06
28,Paris,French Open,6/2/2026,Grand Slam,Outdoor,Clay,Quarterfinals,5,Zverev A.,Jodar R.,3,29,5705,1461,7,6,6,1,6,3,,"	",,,3,0,Completed,1.25,4,,,1.27,4.33,1.24,3.94,1.27,4.6
28,Paris,French Open,6/2/2026,Grand Slam,Outdoor,Clay,Quarterfinals,5,Mensik J.,Fonseca J.,27,30,1550,1435,6,4,6,3,7,6,"	",,,,3,0,Completed,2.75,1.44,,,2.88,1.47,2.75,1.43,2.92,1.51
28,Paris,French Open,6/3/2026,Grand Slam,Outdoor,Clay,Quarterfinals,5,Cobolli F.,Auger-Aliassime F.,14,6,2340,4050,4,6,6,4,6,4,6,4,,"	",3,1,Completed,2,1.8,,,2.05,1.91,1.96,1.82,2.04,1.95
28,Paris,French Open,6/3/2026,Grand Slam,Outdoor,Clay,Quarterfinals,5,Arnaldi M.,Berrettini M.,104,105,586,585,7,5,5,2,,"	",,,,,1,0,Retired,2.63,1.5,,,2.63,1.54,2.53,1.51,2.7,1.58
28,Paris,French Open,6/5/2026,Grand Slam,Outdoor,Clay,Semifinals,5,Zverev A.,Mensik J.,3,27,5705,1550,7,5,6,2,3,6,6,3,,"	",3,1,Completed,1.29,3.75,,,1.29,4,1.26,3.82,1.29,4.4
28,Paris,French Open,6/5/2026,Grand Slam,Outdoor,Clay,Semifinals,5,Cobolli F.,Arnaldi M.,14,104,2340,586,,"	",,,,,,,,,,,Walkover,1.44,2.75,,,1.44,3.2,1.4,2.93,1.38,3.6
28,Paris,French Open,6/7/2026,Grand Slam,Outdoor,Clay,The Final,5,Zverev A.,Cobolli F.,3,14,5705,2340,6,1,4,6,6,4,6,7,6,1,3,2,Completed,1.18,5,,,1.25,5.25,1.21,4.56,1.22,5.4
29,'s-Hertogenbosch,Rosmalen Grass Court Championships,6/8/2026,ATP250,Outdoor,Grass,1st Round,3,Borges N.,Atmane T.,50,53,970,948,6,4,6,4,,,,,,,2,0,Completed,1.67,2.2,,,1.75,2.2,1.71,2.08,1.87,2.14
29,'s-Hertogenbosch,Rosmalen Grass Court Championships,6/8/2026,ATP250,Outdoor,Grass,1st Round,3,Bonzi B.,Rottgering M.,99,464,629,101,6,4,6,4,,,,,,,2,0,Completed,1.3,3.5,,,1.33,3.75,1.3,3.43,1.34,3.85
29,'s-Hertogenbosch,Rosmalen Grass Court Championships,6/8/2026,ATP250,Outdoor,Grass,1st Round,3,Cilic M.,Shapovalov D.,47,42,994,1130,6,7,6,4,7,5,,,,,2,1,Completed,1.62,2.3,,,1.62,2.33,1.61,2.26,1.68,2.46
29,'s-Hertogenbosch,Rosmalen Grass Court Championships,6/8/2026,ATP250,Outdoor,Grass,1st Round,3,Humbert U.,Ymer E.,33,184,1370,328,6,4,6,3,,,,,,,2,0,Completed,1.17,5,,,1.19,5,1.17,4.72,1.2,5.8
29,'s-Hertogenbosch,Rosmalen Grass Court Championships,6/9/2026,ATP250,Outdoor,Grass,1st Round,3,Damm M.,Munar J.,114,44,548,1105,6,4,6,4,,,,,,,2,0,Completed,1.73,2.1,,,1.85,2.11,1.75,2.04,1.86,2.14
29,'s-Hertogenbosch,Rosmalen Grass Court Championships,6/9/2026,ATP250,Outdoor,Grass,1st Round,3,Mannarino A.,Diallo G.,46,54,1031,935,6,4,3,6,7,5,,,,,2,1,Completed,1.73,2.1,,,1.73,2.25,1.66,2.18,1.71,2.36
29,'s-Hertogenbosch,Rosmalen Grass Court Championships,6/9/2026,ATP250,Outdoor,Grass,1st Round,3,Zhang Zh.,Brooksby J.,214,73,269,825,7,6,5,7,6,1,,,,,2,1,Completed,2.1,1.73,,,2.3,1.73,2.21,1.63,2.52,1.64
29,'s-Hertogenbosch,Rosmalen Grass Court Championships,6/10/2026,ATP250,Outdoor,Grass,1st Round,3,Majchrzak K.,Virtanen O.,76,158,782,393,6,7,6,4,7,6,,,,,2,1,Completed,2,1.8,,,2.06,1.85,1.99,1.78,2.06,1.93
29,'s-Hertogenbosch,Rosmalen Grass Court Championships,6/10/2026,ATP250,Outdoor,Grass,1st Round,3,Boogaard T.,Wu Y.,779,101,37,626,6,3,2,6,6,4,,,,,2,1,Completed,5,1.17,,,5,1.22,4.53,1.19,5.1,1.23
29,'s-Hertogenbosch,Rosmalen Grass Court Championships,6/10/2026,ATP250,Outdoor,Grass,1st Round,3,McCabe J.,Bergs Z.,233,40,248,1150,6,7,6,2,7,6,,,,,2,1,Completed,2.75,1.44,,,2.8,1.5,2.73,1.43,3.15,1.45
29,'s-Hertogenbosch,Rosmalen Grass Court Championships,6/10/2026,ATP250,Outdoor,Grass,1st Round,3,Fucsovics M.,Hurkacz H.,75,96,819,640,3,6,7,6,7,6,,,,,2,1,Completed,3.2,1.36,,,3.2,1.4,2.94,1.39,3,1.48
29,'s-Hertogenbosch,Rosmalen Grass Court Championships,6/10/2026,ATP250,Outdoor,Grass,1st Round,3,Griekspoor T.,Van De Zandschulp B.,41,55,1150,935,6,2,6,7,6,4,,,,,2,1,Completed,1.53,2.5,,,1.55,2.6,1.5,2.54,1.54,2.82
29,'s-Hertogenbosch,Rosmalen Grass Court Championships,6/10/2026,ATP250,Outdoor,Grass,2nd Round,3,De Minaur A.,Damm M.,6,114,3905,548,7,6,7,5,,,,,,,2,0,Completed,1.25,4,,,1.25,4.2,1.23,3.95,1.26,4.7
29,'s-Hertogenbosch,Rosmalen Grass Court Championships,6/11/2026,ATP250,Outdoor,Grass,2nd Round,3,Bonzi B.,Humbert U.,99,33,629,1370,6,4,3,6,6,3,,,,,2,1,Completed,3,1.4,,,3,1.44,2.79,1.42,3.15,1.45
29,'s-Hertogenbosch,Rosmalen Grass Court Championships,6/11/2026,ATP250,Outdoor,Grass,2nd Round,3,Mannarino A.,Rinderknech A.,46,24,1031,1776,7,6,3,6,6,3,,,,,2,1,Completed,2,1.8,,,2.1,1.8,2.02,1.75,2.06,1.91
29,'s-Hertogenbosch,Rosmalen Grass Court Championships,6/11/2026,ATP250,Outdoor,Grass,2nd Round,3,Zhang Zh.,Griekspoor T.,214,41,269,1150,7,6,6,4,,,,,,,2,0,Completed,3.2,1.36,,,3.2,1.42,2.95,1.38,3.35,1.41
29,'s-Hertogenbosch,Rosmalen Grass Court Championships,6/11/2026,ATP250,Outdoor,Grass,2nd Round,3,Majchrzak K.,McCabe J.,76,233,782,248,6,0,6,3,,,,,,,2,0,Completed,1.33,3.4,,,1.36,3.5,1.33,3.23,1.42,3.3
29,'s-Hertogenbosch,Rosmalen Grass Court Championships,6/11/2026,ATP250,Outdoor,Grass,2nd Round,3,Auger-Aliassime F.,Fucsovics M.,4,75,4440,819,6,3,6,4,,,,,,,2,0,Completed,1.4,3,,,1.44,3,1.39,2.88,1.48,3
29,'s-Hertogenbosch,Rosmalen Grass Court Championships,6/12/2026,ATP250,Outdoor,Grass,2nd Round,3,Medvedev D.,Boogaard T.,8,779,3760,37,6,3,4,6,7,6,,,,,2,1,Completed,1.08,8,,,1.09,8,1.08,7.48,1.1,9.8
29,'s-Hertogenbosch,Rosmalen Grass Court Championships,6/12/2026,ATP250,Outdoor,Grass,2nd Round,3,Cilic M.,Borges N.,47,50,994,970,3,6,7,6,6,3,,,,,2,1,Completed,1.91,1.91,,,1.95,1.92,1.87,1.88,2,1.99
29,'s-Hertogenbosch,Rosmalen Grass Court Championships,6/12/2026,ATP250,Outdoor,Grass,Quarterfinals,3,Mannarino A.,Zhang Zh.,46,214,1031,269,7,6,6,3,,,,,,,2,0,Completed,1.62,2.3,,,1.67,2.35,1.6,2.27,1.74,2.32
29,'s-Hertogenbosch,Rosmalen Grass Court Championships,6/12/2026,ATP250,Outdoor,Grass,Quarterfinals,3,De Minaur A.,Bonzi B.,6,99,3905,629,6,2,6,4,,,,,,,2,0,Completed,1.22,4.33,,,1.22,4.5,1.21,4.25,1.24,5
29,'s-Hertogenbosch,Rosmalen Grass Court Championships,6/12/2026,ATP250,Outdoor,Grass,Quarterfinals,3,Majchrzak K.,Auger-Aliassime F.,76,4,782,4440,6,4,6,3,,,,,,,2,0,Completed,3.4,1.33,,,3.5,1.35,3.24,1.33,3.8,1.34
29,'s-Hertogenbosch,Rosmalen Grass Court Championships,6/13/2026,ATP250,Outdoor,Grass,Quarterfinals,3,Medvedev D.,Cilic M.,8,47,3760,994,6,2,3,6,6,1,,,,,2,1,Completed,1.44,2.75,,,1.53,2.8,1.46,2.66,1.51,2.9
29,'s-Hertogenbosch,Rosmalen Grass Court Championships,6/13/2026,ATP250,Outdoor,Grass,Semifinals,3,De Minaur A.,Mannarino A.,6,46,3905,1031,6,4,6,0,,,,,,,2,0,Completed,1.2,4.5,,,1.22,4.5,1.21,4.3,1.22,5.3
29,'s-Hertogenbosch,Rosmalen Grass Court Championships,6/13/2026,ATP250,Outdoor,Grass,Semifinals,3,Majchrzak K.,Medvedev D.,76,8,782,3760,7,6,6,1,,,,,,,2,0,Completed,3,1.4,,,3.1,1.45,2.91,1.39,3,1.47
29,'s-Hertogenbosch,Rosmalen Grass Court Championships,6/14/2026,ATP250,Outdoor,Grass,The Final,3,Majchrzak K.,De Minaur A.,76,6,782,3905,6,3,2,6,7,6,,,,,2,1,Completed,3.75,1.29,,,3.75,1.36,3.5,1.29,3.9,1.33
30,Stuttgart,Stuttgart Open,6/8/2026,ATP250,Outdoor,Grass,1st Round,3,Bellucci M.,Davidovich Fokina A.,78,22,777,1860,6,2,6,7,6,1,,,,,2,1,Completed,3,1.4,,,3,1.4,2.96,1.38,3.15,1.45
30,Stuttgart,Stuttgart Open,6/8/2026,ATP250,Outdoor,Grass,1st Round,3,Landaluce M.,Herbert P.,58,232,919,249,5,7,6,3,6,4,,,,,2,1,Completed,1.73,2.1,,,1.77,2.2,1.7,2.09,1.83,2.2
30,Stuttgart,Stuttgart Open,6/8/2026,ATP250,Outdoor,Grass,1st Round,3,Onclin G.,Marozsan F.,186,61,318,895,7,6,6,3,,,,,,,2,0,Completed,2.38,1.57,,,2.4,1.6,2.34,1.57,2.42,1.69
30,Stuttgart,Stuttgart Open,6/9/2026,ATP250,Outdoor,Grass,1st Round,3,Hanfmann Y.,Kovacevic A.,59,69,906,837,7,6,7,6,,,,,,,2,0,Completed,1.53,2.5,,,1.57,2.55,1.53,2.44,1.61,2.6
30,Stuttgart,Stuttgart Open,6/9/2026,ATP250,Outdoor,Grass,1st Round,3,Giron M.,Bautista Agut R.,88,116,705,542,7,6,7,5,,,,,,,2,0,Completed,1.67,2.2,,,1.68,2.25,1.65,2.17,1.73,2.34
30,Stuttgart,Stuttgart Open,6/9/2026,ATP250,Outdoor,Grass,1st Round,3,Shimabukuro S.,Halys Q.,104,92,604,678,6,4,6,2,,,,,,,2,0,Completed,2.38,1.57,,,2.38,1.67,2.26,1.61,2.44,1.68
30,Stuttgart,Stuttgart Open,6/9/2026,ATP250,Outdoor,Grass,1st Round,3,Mpetshi G.,Safiullin R.,93,135,670,460,7,5,6,7,7,6,,,,,2,1,Completed,,,,,11,1.07,8.92,1.05,,
30,Stuttgart,Stuttgart Open,6/9/2026,ATP250,Outdoor,Grass,1st Round,3,Struff J.L.,Galarneau A.,77,187,779,316,6,2,6,7,6,3,,,,,2,1,Completed,1.44,2.75,,,1.5,2.8,1.46,2.68,1.59,2.68
30,Stuttgart,Stuttgart Open,6/9/2026,ATP250,Outdoor,Grass,1st Round,3,Hijikata R.,Gentzsch T.,106,229,593,254,6,7,7,6,6,3,,,,,2,1,Completed,1.22,4.33,,,1.22,4.33,1.22,4.14,1.26,4.7
30,Stuttgart,Stuttgart Open,6/9/2026,ATP250,Outdoor,Grass,1st Round,3,Tiafoe F.,Altmaier D.,26,85,1705,740,7,6,4,6,6,4,,,,,2,1,Completed,1.29,3.75,,,1.3,4,1.26,3.7,1.3,4.2
30,Stuttgart,Stuttgart Open,6/9/2026,ATP250,Outdoor,Grass,1st Round,3,Duckworth J.,Dedura D.,79,262,762,209,6,4,6,3,,,,,,,2,0,Completed,1.36,3.2,,,1.36,3.5,1.32,3.26,1.36,3.6
30,Stuttgart,Stuttgart Open,6/9/2026,ATP250,Outdoor,Grass,1st Round,3,Kyrgios N.,Moutet C.,N/A,36,N/A,1283,6,3,6,4,,,,,,,2,0,Completed,2.75,1.44,,,2.8,1.5,2.71,1.44,3,1.49
30,Stuttgart,Stuttgart Open,6/10/2026,ATP250,Outdoor,Grass,2nd Round,3,Mpetshi G.,Onclin G.,93,186,670,318,7,6,6,2,,,,,,,2,0,Completed,1.53,2.5,,,1.55,2.5,1.52,2.46,1.59,2.66
30,Stuttgart,Stuttgart Open,6/10/2026,ATP250,Outdoor,Grass,2nd Round,3,Bellucci M.,Hanfmann Y.,78,59,777,906,7,5,6,7,6,2,,,,,2,1,Completed,2.2,1.67,,,2.2,1.87,2.07,1.73,2.18,1.82
30,Stuttgart,Stuttgart Open,6/10/2026,ATP250,Outdoor,Grass,2nd Round,3,Bublik A.,Struff J.L.,11,77,2930,779,7,6,3,6,6,2,,,,,2,1,Completed,1.36,3.2,,,1.42,3.2,1.38,2.94,1.43,3.25
30,Stuttgart,Stuttgart Open,6/11/2026,ATP250,Outdoor,Grass,2nd Round,3,Lehecka J.,Duckworth J.,12,79,2575,762,6,7,6,4,7,6,,,,,2,1,Completed,1.29,3.75,,,1.3,3.75,1.28,3.53,1.35,3.75
30,Stuttgart,Stuttgart Open,6/11/2026,ATP250,Outdoor,Grass,2nd Round,3,Tiafoe F.,Hijikata R.,26,106,1705,593,6,4,6,4,,,,,,,2,0,Completed,1.4,3,,,1.44,3.15,1.39,2.92,1.52,2.84
30,Stuttgart,Stuttgart Open,6/11/2026,ATP250,Outdoor,Grass,2nd Round,3,Shimabukuro S.,Kyrgios N.,104,N/A,604,N/A,4,6,7,6,6,4,,,,,2,1,Completed,2.38,1.57,,,2.38,1.6,2.31,1.58,2.58,1.63
30,Stuttgart,Stuttgart Open,6/11/2026,ATP250,Outdoor,Grass,2nd Round,3,Fritz T.,Landaluce M.,9,58,3720,919,6,7,7,5,7,6,,,,,2,1,Completed,1.36,3.2,,,1.42,3.2,1.39,2.93,1.41,3.35
30,Stuttgart,Stuttgart Open,6/12/2026,ATP250,Outdoor,Grass,2nd Round,3,Shelton B.,Giron M.,5,88,3920,705,6,7,6,4,7,6,,,,,2,1,Completed,1.36,3.2,,,1.38,3.25,1.35,3.11,1.38,3.55
30,Stuttgart,Stuttgart Open,6/12/2026,ATP250,Outdoor,Grass,Quarterfinals,3,Bublik A.,Mpetshi G.,11,93,2930,670,7,6,7,6,,,,,,,2,0,Completed,1.53,2.5,,,1.54,2.63,1.5,2.52,1.54,2.8
30,Stuttgart,Stuttgart Open,6/12/2026,ATP250,Outdoor,Grass,Quarterfinals,3,Fritz T.,Bellucci M.,9,78,3720,777,5,7,7,5,7,5,,,,,2,1,Completed,1.29,3.75,,,1.33,3.8,1.29,3.51,1.3,4.2
30,Stuttgart,Stuttgart Open,6/12/2026,ATP250,Outdoor,Grass,Quarterfinals,3,Lehecka J.,Tiafoe F.,12,26,2575,1705,6,4,7,6,,,,,,,2,0,Completed,1.73,2.1,,,1.85,2.11,1.75,2.02,1.81,2.22
30,Stuttgart,Stuttgart Open,6/13/2026,ATP250,Outdoor,Grass,Quarterfinals,3,Shelton B.,Shimabukuro S.,5,104,3920,604,4,6,6,3,6,4,,,,,2,1,Completed,1.29,3.75,,,1.33,3.9,1.3,3.42,1.35,3.65
30,Stuttgart,Stuttgart Open,6/13/2026,ATP250,Outdoor,Grass,Semifinals,3,Fritz T.,Bublik A.,9,11,3720,2930,6,4,6,4,,,,,,,2,0,Completed,2.1,1.73,,,2.2,1.8,2.09,1.71,2.18,1.84
30,Stuttgart,Stuttgart Open,6/13/2026,ATP250,Outdoor,Grass,Semifinals,3,Shelton B.,Lehecka J.,5,12,3920,2575,6,7,7,6,7,6,,,,,2,1,Completed,1.91,1.91,,,1.95,1.91,1.89,1.87,2,1.96
30,Stuttgart,Stuttgart Open,6/14/2026,ATP250,Outdoor,Grass,The Final,3,Shelton B.,Fritz T.,5,9,3920,3720,6,4,2,6,6,4,,,,,2,1,Completed,2,1.8,,,2.02,1.91,1.96,1.81,2.12,1.88
31,Halle,Halle Open,6/15/2026,ATP500,Outdoor,Grass,1st Round,3,Tien L.,Schoenhaus M.,19,336,2270,158,6,2,6,4,,,,,,,2,0,Completed,1.17,5,,,1.18,5,1.17,4.81,1.19,6
31,Halle,Halle Open,6/15/2026,ATP500,Outdoor,Grass,1st Round,3,Altmaier D.,Basilashvili N.,81,118,740,529,7,5,6,4,,,,,,,2,0,Completed,2.3,1.62,,,2.33,1.67,2.25,1.61,2.5,1.65
31,Halle,Halle Open,6/15/2026,ATP500,Outdoor,Grass,1st Round,3,Atmane T.,Landaluce M.,53,55,948,936,6,3,3,6,7,6,,,,,2,1,Completed,2.5,1.53,,,2.63,1.53,2.54,1.49,2.62,1.6
31,Halle,Halle Open,6/15/2026,ATP500,Outdoor,Grass,1st Round,3,Auger-Aliassime F.,Borges N.,4,54,4390,945,6,3,3,6,6,3,,,,,2,1,Completed,1.4,3,,,1.4,3.25,1.35,3.11,1.38,3.55
31,Halle,Halle Open,6/15/2026,ATP500,Outdoor,Grass,1st Round,3,Tiafoe F.,Cobolli F.,26,10,1730,3540,6,2,7,6,,,,,,,2,0,Completed,1.73,2.1,,,1.73,2.2,1.68,2.13,1.74,2.34
31,Halle,Halle Open,6/16/2026,ATP500,Outdoor,Grass,1st Round,3,Collignon R.,Popyrin A.,51,90,966,680,6,4,6,2,,,,,,,2,0,Completed,1.57,2.38,,,1.57,2.43,1.56,2.37,1.65,2.48
31,Halle,Halle Open,6/16/2026,ATP500,Outdoor,Grass,1st Round,3,Quinn E.,Khachanov K.,66,18,854,2280,1,6,6,4,6,4,,,,,2,1,Completed,3,1.4,,,3,1.44,2.85,1.4,2.9,1.5
31,Halle,Halle Open,6/16/2026,ATP500,Outdoor,Grass,1st Round,3,Bellucci M.,Bublik A.,74,11,814,3020,7,6,6,1,,,,,,,2,0,Completed,3.4,1.33,,,3.4,1.37,3.16,1.34,3.75,1.36
31,Halle,Halle Open,6/16/2026,ATP500,Outdoor,Grass,1st Round,3,Shimabukuro S.,Griekspoor T.,97,40,651,1165,6,4,3,6,6,4,,,,,2,1,Completed,2.2,1.67,,,2.25,1.71,2.18,1.66,2.42,1.68
31,Halle,Halle Open,6/16/2026,ATP500,Outdoor,Grass,1st Round,3,Hanfmann Y.,Fonseca J.,59,25,915,1735,6,2,6,2,,,,,,,2,0,Completed,3.4,1.33,,,3.4,1.38,3.09,1.35,3.55,1.38
31,Halle,Halle Open,6/16/2026,ATP500,Outdoor,Grass,1st Round,3,Hurkacz H.,Rublev A.,103,13,615,2460,6,3,6,2,,,,,,,2,0,Completed,1.91,1.91,,,1.92,1.95,1.87,1.89,2,1.98
31,Halle,Halle Open,6/16/2026,ATP500,Outdoor,Grass,1st Round,3,Zverev A.,Kopriva V.,3,64,7190,856,6,3,4,6,6,2,,,,,2,1,Completed,1.05,11,,,1.06,13,1.05,9.88,1.06,14
31,Halle,Halle Open,6/16/2026,ATP500,Outdoor,Grass,1st Round,3,Marozsan F.,Kecmanovic M.,61,50,895,980,6,3,3,6,6,4,,,,,2,1,Completed,2.38,1.57,,,2.45,1.6,2.34,1.56,2.46,1.66
31,Halle,Halle Open,6/16/2026,ATP500,Outdoor,Grass,1st Round,3,Medvedev D.,Etcheverry T.,7,30,3810,1510,6,3,6,4,,,,,,,2,0,Completed,1.2,4.5,,,1.22,4.6,1.2,4.4,1.23,5
31,Halle,Halle Open,6/17/2026,ATP500,Outdoor,Grass,1st Round,3,Fritz T.,Bergs Z.,9,48,3635,1010,7,6,5,7,6,4,,,,,2,1,Completed,1.22,4.33,,,1.25,4.33,1.23,4.03,1.26,4.7
31,Halle,Halle Open,6/17/2026,ATP500,Outdoor,Grass,1st Round,3,Shelton B.,Sonego L.,5,65,4070,855,7,5,6,3,,,,,,,2,0,Completed,1.2,4.5,,,1.25,4.5,1.22,4.07,1.27,4.4
31,Halle,Halle Open,6/17/2026,ATP500,Outdoor,Grass,2nd Round,3,Tiafoe F.,Shimabukuro S.,26,97,1730,651,6,4,7,5,,,,,,,2,0,Completed,1.4,3,,,1.4,3,1.39,2.9,1.48,3.05
31,Halle,Halle Open,6/17/2026,ATP500,Outdoor,Grass,2nd Round,3,Altmaier D.,Hurkacz H.,81,103,740,615,3,6,6,3,7,5,,,,,2,1,Completed,4,1.25,,,4,1.26,3.83,1.25,4.3,1.29
31,Halle,Halle Open,6/17/2026,ATP500,Outdoor,Grass,2nd Round,3,Auger-Aliassime F.,Tien L.,4,19,4390,2270,6,7,7,5,7,6,,,,,2,1,Completed,1.73,2.1,,,1.73,2.2,1.69,2.13,1.84,2.16
31,Halle,Halle Open,6/17/2026,ATP500,Outdoor,Grass,2nd Round,3,Medvedev D.,Atmane T.,7,53,3810,948,6,4,6,4,,,,,,,2,0,Completed,1.17,5,,,1.2,6,1.17,4.8,1.22,5.5
31,Halle,Halle Open,6/18/2026,ATP500,Outdoor,Grass,2nd Round,3,Fritz T.,Marozsan F.,9,61,3635,895,6,2,6,4,,,,,,,2,0,Completed,1.2,4.5,,,1.22,4.6,1.2,4.35,1.23,5.1
31,Halle,Halle Open,6/18/2026,ATP500,Outdoor,Grass,2nd Round,3,Shelton B.,Quinn E.,5,66,4070,854,6,4,5,7,6,4,,,,,2,1,Completed,1.25,4,,,1.29,4,1.26,3.77,1.26,4.6
31,Halle,Halle Open,6/18/2026,ATP500,Outdoor,Grass,2nd Round,3,Zverev A.,Hanfmann Y.,3,59,7190,915,6,3,7,6,,,,,,,2,0,Completed,1.11,6.5,,,1.13,7,1.11,6.22,1.16,7
31,Halle,Halle Open,6/18/2026,ATP500,Outdoor,Grass,2nd Round,3,Collignon R.,Bellucci M.,51,74,966,814,4,6,6,4,6,3,,,,,2,1,Completed,1.8,2,,,1.8,2.1,1.78,2,1.95,2.04
31,Halle,Halle Open,6/19/2026,ATP500,Outdoor,Grass,Quarterfinals,3,Fritz T.,Shelton B.,9,5,3635,4070,6,7,7,6,7,6,,,,,2,1,Completed,1.73,2.1,,,1.83,2.12,1.74,2.05,1.86,2.16
31,Halle,Halle Open,6/19/2026,ATP500,Outdoor,Grass,Quarterfinals,3,Zverev A.,Collignon R.,3,51,7190,966,7,6,7,6,,,,,,,2,0,Completed,1.17,5,,,1.17,5.5,1.16,4.91,1.22,5.5
31,Halle,Halle Open,6/19/2026,ATP500,Outdoor,Grass,Quarterfinals,3,Altmaier D.,Medvedev D.,81,7,740,3810,6,4,6,7,6,4,,,,,2,1,Completed,5.5,1.14,,,5.5,1.17,5.15,1.15,5.8,1.2
31,Halle,Halle Open,6/19/2026,ATP500,Outdoor,Grass,Quarterfinals,3,Tiafoe F.,Auger-Aliassime F.,26,4,1730,4390,3,6,6,3,7,6,,,,,2,1,Completed,2.3,1.62,,,2.33,1.63,2.26,1.61,2.4,1.7
31,Halle,Halle Open,6/20/2026,ATP500,Outdoor,Grass,Semifinals,3,Fritz T.,Zverev A.,9,3,3635,7190,6,7,6,4,7,5,,,,,2,1,Completed,2.3,1.62,,,2.5,1.67,2.27,1.61,2.36,1.72
31,Halle,Halle Open,6/20/2026,ATP500,Outdoor,Grass,Semifinals,3,Tiafoe F.,Altmaier D.,26,81,1730,740,6,1,6,3,,,,,,,2,0,Completed,1.33,3.4,,,1.36,3.5,1.33,3.2,1.43,3.3
31,Halle,Halle Open,6/21/2026,ATP500,Outdoor,Grass,The Final,3,Tiafoe F.,Fritz T.,26,9,1730,3635,6,4,6,4,,,,,,,2,0,Completed,3,1.4,,,3,1.45,2.81,1.41,2.92,1.51
32,Queens Club,Queen's Club Championships,6/15/2026,ATP500,Outdoor,Grass,1st Round,3,Van De Zandschulp B.,Wendelken H.,56,224,935,258,6,4,7,6,,,,,,,2,0,Completed,1.44,2.75,,,1.5,2.9,1.45,2.68,1.55,2.76
32,Queens Club,Queen's Club Championships,6/15/2026,ATP500,Outdoor,Grass,1st Round,3,Paul T.,Svajda Z.,28,69,1645,835,7,5,6,3,,,,,,,2,0,Completed,1.4,3,,,1.4,3.25,1.37,2.99,1.41,3.35
32,Queens Club,Queen's Club Championships,6/15/2026,ATP500,Outdoor,Grass,1st Round,3,Shapovalov D.,Pinnington Jones J.,41,147,1130,409,6,4,4,6,7,6,,,,,2,1,Completed,1.62,2.3,,,1.67,2.3,1.63,2.21,1.69,2.42
32,Queens Club,Queen's Club Championships,6/16/2026,ATP500,Outdoor,Grass,1st Round,3,Mannarino A.,Mensik J.,44,16,1099,2300,5,7,7,6,7,6,,,,,2,1,Completed,2.63,1.5,,,2.63,1.5,2.6,1.48,2.8,1.54
32,Queens Club,Queen's Club Championships,6/16/2026,ATP500,Outdoor,Grass,1st Round,3,Nakashima B.,Fucsovics M.,32,76,1385,781,6,3,6,3,,,,,,,2,0,Completed,1.53,2.5,,,1.56,2.6,1.51,2.5,1.57,2.72
32,Queens Club,Queen's Club Championships,6/16/2026,ATP500,Outdoor,Grass,1st Round,3,Buse I.,Giron M.,35,86,1316,705,3,6,7,5,7,6,,,,,2,1,Completed,3.2,1.36,,,3.3,1.37,3.11,1.35,3.25,1.43
32,Queens Club,Queen's Club Championships,6/16/2026,ATP500,Outdoor,Grass,1st Round,3,Fery A.,Samuel T.,140,144,441,414,6,0,6,2,,,,,,,2,0,Completed,1.67,2.2,,,1.73,2.23,1.67,2.15,1.83,2.2
32,Queens Club,Queen's Club Championships,6/16/2026,ATP500,Outdoor,Grass,1st Round,3,Cerundolo F.,Kovacevic A.,27,68,1660,837,6,4,6,7,6,2,,,,,2,1,Completed,1.53,2.5,,,1.57,2.5,1.53,2.44,1.58,2.68
32,Queens Club,Queen's Club Championships,6/16/2026,ATP500,Outdoor,Grass,1st Round,3,Moutet C.,Mpetshi G.,36,87,1283,695,6,7,6,4,7,6,,,,,2,1,Completed,2.5,1.53,,,2.63,1.83,2.41,1.56,2.74,1.57
32,Queens Club,Queen's Club Championships,6/16/2026,ATP500,Outdoor,Grass,1st Round,3,Brooksby J.,Damm M.,73,108,817,586,6,4,3,6,6,3,,,,,2,1,Completed,2.2,1.67,,,2.31,1.67,2.2,1.64,2.24,1.79
32,Queens Club,Queen's Club Championships,6/16/2026,ATP500,Outdoor,Grass,1st Round,3,De Minaur A.,Diallo G.,6,84,4060,710,7,6,6,3,,,,,,,2,0,Completed,1.2,4.5,,,1.2,5.5,1.17,4.74,1.2,5.9
32,Queens Club,Queen's Club Championships,6/16/2026,ATP500,Outdoor,Grass,1st Round,3,Medjedovic H.,Rinderknech A.,67,24,844,1776,7,6,7,6,,,,,,,2,0,Completed,2.1,1.73,,,2.1,1.91,2.04,1.74,2.24,1.8
32,Queens Club,Queen's Club Championships,6/16/2026,ATP500,Outdoor,Grass,1st Round,3,Humbert U.,Cilic M.,33,46,1360,1036,7,5,6,3,,,,,,,2,0,Completed,1.73,2.1,,,1.73,2.3,1.65,2.18,1.68,2.44
32,Queens Club,Queen's Club Championships,6/16/2026,ATP500,Outdoor,Grass,1st Round,3,Hijikata R.,Tabilo A.,104,31,605,1428,6,2,6,4,,,,,,,2,0,Completed,1.91,1.91,,,1.95,2.25,1.8,1.92,1.99,1.99
32,Queens Club,Queen's Club Championships,6/16/2026,ATP500,Outdoor,Grass,1st Round,3,Davidovich Fokina A.,Norrie C.,22,29,1860,1595,7,6,6,2,,,,,,,2,0,Completed,1.73,2.1,,,1.73,2.2,1.68,2.15,1.72,2.36
32,Queens Club,Queen's Club Championships,6/16/2026,ATP500,Outdoor,Grass,1st Round,3,Lehecka J.,Majchrzak K.,12,47,2640,1032,7,5,7,6,,,,,,,2,0,Completed,1.5,2.63,,,1.5,2.88,1.43,2.74,1.49,3
32,Queens Club,Queen's Club Championships,6/17/2026,ATP500,Outdoor,Grass,2nd Round,3,Nakashima B.,Buse I.,32,35,1385,1316,6,2,6,2,,,,,,,2,0,Completed,1.29,3.75,,,1.3,3.75,1.28,3.58,1.32,4
32,Queens Club,Queen's Club Championships,6/17/2026,ATP500,Outdoor,Grass,2nd Round,3,De Minaur A.,Shapovalov D.,6,41,4060,1130,6,4,6,1,,,,,,,2,0,Completed,1.25,4,,,1.26,4,1.24,3.88,1.29,4.3
32,Queens Club,Queen's Club Championships,6/17/2026,ATP500,Outdoor,Grass,2nd Round,3,Fery A.,Mannarino A.,140,44,441,1099,7,6,6,4,,,,,,,2,0,Completed,2.1,1.73,,,2.1,1.85,2.03,1.75,2.06,1.92
32,Queens Club,Queen's Club Championships,6/17/2026,ATP500,Outdoor,Grass,2nd Round,3,Cerundolo F.,Brooksby J.,27,73,1660,817,6,0,6,4,,,,,,,2,0,Completed,1.53,2.5,,,1.57,2.63,1.51,2.51,1.61,2.6
32,Queens Club,Queen's Club Championships,6/18/2026,ATP500,Outdoor,Grass,2nd Round,3,Davidovich Fokina A.,Moutet C.,22,36,1860,1283,6,4,6,3,,,,,,,2,0,Completed,1.5,2.63,,,1.55,2.63,1.52,2.47,1.54,2.8
32,Queens Club,Queen's Club Championships,6/18/2026,ATP500,Outdoor,Grass,2nd Round,3,Paul T.,Van De Zandschulp B.,28,56,1645,935,7,6,6,3,,,,,,,2,0,Completed,1.25,4,,,1.28,4,1.26,3.73,1.29,4.4
32,Queens Club,Queen's Club Championships,6/18/2026,ATP500,Outdoor,Grass,2nd Round,3,Hijikata R.,Lehecka J.,104,12,605,2640,4,6,7,5,7,6,,,,,2,1,Completed,3.5,1.3,,,3.5,1.3,3.44,1.3,4.1,1.32
32,Queens Club,Queen's Club Championships,6/19/2026,ATP500,Outdoor,Grass,2nd Round,3,Humbert U.,Medjedovic H.,33,67,1360,844,2,6,7,6,7,6,,,,,2,1,Completed,1.67,2.2,,,1.67,2.4,1.62,2.3,1.59,2.66
32,Queens Club,Queen's Club Championships,6/19/2026,ATP500,Outdoor,Grass,Quarterfinals,3,Nakashima B.,De Minaur A.,32,6,1385,4060,7,5,6,3,,,,,,,2,0,Completed,3.2,1.36,,,3.2,1.4,3.01,1.36,3.3,1.42
32,Queens Club,Queen's Club Championships,6/19/2026,ATP500,Outdoor,Grass,Quarterfinals,3,Cerundolo F.,Fery A.,27,140,1660,441,7,6,3,6,6,4,,,,,2,1,Completed,1.62,2.3,,,1.63,2.63,1.56,2.35,1.69,2.44
32,Queens Club,Queen's Club Championships,6/19/2026,ATP500,Outdoor,Grass,Quarterfinals,3,Paul T.,Davidovich Fokina A.,28,22,1645,1860,6,3,7,6,,,,,,,2,0,Completed,1.4,3,,,1.4,3.1,1.37,2.99,1.43,3.2
32,Queens Club,Queen's Club Championships,6/19/2026,ATP500,Outdoor,Grass,Quarterfinals,3,Humbert U.,Hijikata R.,33,104,1360,605,6,1,6,2,,,,,,,2,0,Completed,1.44,2.75,,,1.55,2.75,1.48,2.57,1.57,2.72
32,Queens Club,Queen's Club Championships,6/20/2026,ATP500,Outdoor,Grass,Semifinals,3,Cerundolo F.,Nakashima B.,27,32,1660,1385,6,7,6,3,6,4,,,,,2,1,Completed,2.38,1.57,,,2.55,1.58,2.41,1.54,2.52,1.65
32,Queens Club,Queen's Club Championships,6/20/2026,ATP500,Outdoor,Grass,Semifinals,3,Paul T.,Humbert U.,28,33,1645,1360,6,3,6,3,,,,,,,2,0,Completed,1.57,2.38,,,1.57,2.63,1.53,2.45,1.6,2.64
32,Queens Club,Queen's Club Championships,6/21/2026,ATP500,Outdoor,Grass,The Final,3,Cerundolo F.,Paul T.,27,28,1660,1645,6,7,6,4,6,3,,,,,2,1,Completed,3,1.4,,,3,1.45,2.76,1.43,3.05,1.47
