WTA,Location,Tournament,Date,Tier,Court,Surface,Round,Best of,Winner,Loser,WRank,LRank,WPts,LPts,W1,L1,W2,L2,W3,L3,Wsets,Lsets,Comment,B365W,B365L,PSW,PSL,MaxW,MaxL,AvgW,AvgL,BFEW,BFEL
1,Auckland,ASB Classic,1/4/2026,WTA250,Outdoor,Hard,1st Round,3,Bejlek S.,Udvardy P.,93,87,792,819,7,5,6,1,,,2,0,Completed,1.57,2.38,1.5,2.75,1.57,2.75,1.5,2.57,1.55,2.78
1,Auckland,ASB Classic,1/4/2026,WTA250,Outdoor,Hard,1st Round,3,Jovic I.,Knutson G.,35,182,1423,386,4,6,6,1,6,0,2,1,Completed,1.17,5,1.21,5.02,1.19,5.25,1.17,4.83,1.22,5.3
1,Auckland,ASB Classic,1/5/2026,WTA250,Outdoor,Hard,1st Round,3,Costoulas S.,Osuigwe W.,159,152,440,455,6,4,3,6,6,1,2,1,Completed,1.5,2.63,1.5,2.77,1.5,3.1,1.44,2.72,1.5,2.86
1,Auckland,ASB Classic,1/5/2026,WTA250,Outdoor,Hard,1st Round,3,Wang Xin.,McNally C.,57,83,1056,836,2,6,6,3,7,5,2,1,Completed,2,1.8,1.96,1.93,2.04,1.95,1.93,1.84,2.02,1.92
1,Auckland,ASB Classic,1/5/2026,WTA250,Outdoor,Hard,1st Round,3,Quevedo K.,Stearns P.,141,64,509,982,6,2,7,5,,,2,0,Completed,3,1.4,2.97,1.44,3,1.44,2.84,1.41,3,1.46
1,Auckland,ASB Classic,1/5/2026,WTA250,Outdoor,Hard,1st Round,3,Kraus S.,Grabher J.,108,92,709,799,6,3,6,3,,,2,0,Completed,1.57,2.38,1.58,2.51,1.58,2.5,1.56,2.4,1.59,2.66
1,Auckland,ASB Classic,1/5/2026,WTA250,Outdoor,Hard,1st Round,3,Jones F.,Navarro E.,72,15,912,2515,7,5,2,6,6,4,2,1,Completed,4.33,1.22,4.31,1.25,4.33,1.25,3.98,1.24,4.7,1.26
1,Auckland,ASB Classic,1/5/2026,WTA250,Outdoor,Hard,1st Round,3,Zarazua R.,Stephens S.,77,1098,844,14,7,5,4,6,6,2,2,1,Completed,1.25,4,1.25,4.43,1.26,4.25,1.23,3.98,1.25,4.8
1,Auckland,ASB Classic,1/5/2026,WTA250,Outdoor,Hard,1st Round,3,Marcinko P.,Osorio M.,82,76,837,860,6,4,0,6,7,6,2,1,Completed,1.8,2,1.79,2.12,1.81,2.01,1.78,1.99,1.79,2.22
1,Auckland,ASB Classic,1/5/2026,WTA250,Outdoor,Hard,1st Round,3,Boulter K.,Starodubtseva Y.,112,111,684,685,6,3,6,3,,,2,0,Completed,1.8,2,1.83,2.06,1.8,2.1,1.77,2.02,1.84,2.16
1,Auckland,ASB Classic,1/6/2026,WTA250,Outdoor,Hard,1st Round,3,Seidel E.,Barry M.,84,726,833,52,6,2,6,1,,,2,0,Completed,1.02,19,1.02,32.06,1.03,19,1.02,16.06,1.02,30
1,Auckland,ASB Classic,1/6/2026,WTA250,Outdoor,Hard,1st Round,3,Kartal S.,Tjen J.,68,54,951,1075,6,1,6,7,6,3,2,1,Completed,2,1.8,2.22,1.73,2.2,1.85,2.09,1.72,2.2,1.78
1,Auckland,ASB Classic,1/6/2026,WTA250,Outdoor,Hard,1st Round,3,Linette M.,Williams V.,52,582,1089,80,6,4,4,6,6,2,2,1,Completed,1.22,4.33,1.23,4.68,1.25,4.5,1.22,4.21,1.22,5.3
1,Auckland,ASB Classic,1/6/2026,WTA250,Outdoor,Hard,1st Round,3,Cocciaretto E.,Parks A.,81,101,837,760,6,2,7,5,,,2,0,Completed,1.62,2.3,1.68,2.29,1.67,2.35,1.62,2.25,1.7,2.38
1,Auckland,ASB Classic,1/6/2026,WTA250,Outdoor,Hard,1st Round,3,Svitolina E.,Gracheva V.,13,75,2606,887,6,3,6,1,,,2,0,Completed,1.25,4,1.25,4.35,1.25,4.4,1.22,4.13,1.25,4.8
1,Auckland,ASB Classic,1/6/2026,WTA250,Outdoor,Hard,1st Round,3,Eala A.,Vekic D.,53,69,1076,935,4,6,6,4,6,4,2,1,Completed,1.62,2.3,1.65,2.38,1.65,2.32,1.61,2.27,1.67,2.46
1,Auckland,ASB Classic,1/6/2026,WTA250,Outdoor,Hard,2nd Round,3,Jovic I.,Bejlek S.,35,93,1423,792,7,6,6,4,,,2,0,Completed,1.4,3,1.44,2.95,1.48,3,1.43,2.77,1.47,3.05
1,Auckland,ASB Classic,1/7/2026,WTA250,Outdoor,Hard,2nd Round,3,Jones F.,Kraus S.,72,108,912,709,1,6,6,4,6,1,2,1,Completed,1.4,3,1.38,3.26,1.4,3.1,1.38,2.97,1.43,3.25
1,Auckland,ASB Classic,1/7/2026,WTA250,Outdoor,Hard,2nd Round,3,Wang Xin.,Zarazua R.,57,77,1056,844,7,5,6,4,,,2,0,Completed,1.4,3,1.42,3.08,1.42,3,1.4,2.89,1.42,3.3
1,Auckland,ASB Classic,1/7/2026,WTA250,Outdoor,Hard,2nd Round,3,Costoulas S.,Quevedo K.,159,141,440,509,6,2,6,0,,,2,0,Completed,2,1.8,2.06,1.83,2.3,1.83,2.04,1.76,2.08,1.9
1,Auckland,ASB Classic,1/8/2026,WTA250,Outdoor,Hard,2nd Round,3,Eala A.,Marcinko P.,53,82,1076,837,6,0,6,2,,,2,0,Completed,1.57,2.38,1.63,2.42,1.62,2.6,1.58,2.33,1.63,2.56
1,Auckland,ASB Classic,1/8/2026,WTA250,Outdoor,Hard,2nd Round,3,Linette M.,Cocciaretto E.,52,81,1089,837,7,5,2,6,6,3,2,1,Completed,2,1.8,2.12,1.79,2.1,1.8,2.02,1.77,2.18,1.81
1,Auckland,ASB Classic,1/8/2026,WTA250,Outdoor,Hard,2nd Round,3,Svitolina E.,Boulter K.,13,112,2606,684,7,5,6,4,,,2,0,Completed,1.22,4.33,1.26,4.21,1.24,4.75,1.22,4.16,1.26,4.7
1,Auckland,ASB Classic,1/8/2026,WTA250,Outdoor,Hard,2nd Round,3,Kartal S.,Seidel E.,68,84,951,833,6,3,6,1,,,2,0,Completed,1.3,3.5,1.33,3.61,1.33,3.5,1.3,3.41,1.34,3.85
1,Auckland,ASB Classic,1/8/2026,WTA250,Outdoor,Hard,Quarterfinals,3,Wang Xin.,Jones F.,57,72,1056,912,6,4,4,3,,,1,2,Retired,1.33,3.4,1.39,3.23,1.38,3.5,1.35,3.14,1.4,3.4
1,Auckland,ASB Classic,1/9/2026,WTA250,Outdoor,Hard,Quarterfinals,3,Eala A.,Linette M.,53,52,1076,1089,6,3,6,2,,,2,0,Completed,1.53,2.5,1.57,2.55,1.55,2.6,1.52,2.49,1.6,2.62
1,Auckland,ASB Classic,1/9/2026,WTA250,Outdoor,Hard,Quarterfinals,3,Jovic I.,Costoulas S.,35,159,1423,440,6,2,7,6,,,2,0,Completed,1.25,4,1.27,4.1,1.26,4.25,1.25,3.81,1.27,4.5
1,Auckland,ASB Classic,1/9/2026,WTA250,Outdoor,Hard,Quarterfinals,3,Svitolina E.,Kartal S.,13,68,2606,951,6,4,6,7,7,6,2,1,Completed,1.33,3.4,1.36,3.4,1.34,5.5,1.3,3.61,1.37,3.6
1,Auckland,ASB Classic,1/10/2026,WTA250,Outdoor,Hard,Semifinals,3,Wang Xin.,Eala A.,57,53,1056,1076,5,7,7,5,6,4,2,1,Completed,2.63,1.5,2.76,1.51,2.75,1.53,2.53,1.51,2.88,1.52
1,Auckland,ASB Classic,1/10/2026,WTA250,Outdoor,Hard,Semifinals,3,Svitolina E.,Jovic I.,13,35,2606,1423,7,6,6,2,,,2,0,Completed,1.33,3.4,1.38,3.31,1.35,3.4,1.33,3.24,1.37,3.6
1,Auckland,ASB Classic,1/11/2026,WTA250,Outdoor,Hard,The Final,3,Svitolina E.,Wang Xin.,13,57,2606,1056,6,3,7,6,,,2,0,Completed,1.22,4.33,1.2,5.18,1.22,4.75,1.19,4.5,1.22,5.3
2,Brisbane,Brisbane International,1/4/2026,WTA500,Outdoor,Hard,1st Round,3,Tomljanovic A.,Jacquemot E.,78,56,844,1070,6,1,6,3,,,2,0,Completed,1.62,2.3,1.66,2.31,1.65,2.3,1.62,2.24,1.74,2.3
2,Brisbane,Brisbane International,1/4/2026,WTA500,Outdoor,Hard,1st Round,3,Kessler M.,Arango E.,31,48,1553,1149,6,1,6,3,,,2,0,Completed,1.25,4,1.26,4.17,1.28,4.25,1.25,3.88,1.3,4.2
2,Brisbane,Brisbane International,1/4/2026,WTA500,Outdoor,Hard,1st Round,3,Potapova A.,Kasatkina D.,55,40,1072,1275,7,5,4,6,6,4,2,1,Completed,2,1.8,1.94,1.94,2,1.97,1.93,1.85,1.96,2
2,Brisbane,Brisbane International,1/4/2026,WTA500,Outdoor,Hard,1st Round,3,Cirstea S.,Pavlyuchenkova A.,41,44,1243,1184,6,3,6,1,,,2,0,Completed,1.5,2.63,1.49,2.78,1.5,2.75,1.49,2.58,1.54,2.74
2,Brisbane,Brisbane International,1/4/2026,WTA500,Outdoor,Hard,1st Round,3,Kenin S.,Ruse E.G.,28,85,1589,825,6,4,4,6,6,3,2,1,Completed,2,1.8,2.03,1.86,2.1,1.85,1.99,1.79,2.04,1.93
2,Brisbane,Brisbane International,1/4/2026,WTA500,Outdoor,Hard,1st Round,3,Bouzkova M.,Cristian J.,46,38,1182,1324,6,4,6,3,,,2,0,Completed,1.5,2.63,1.44,2.99,1.5,2.9,1.43,2.77,1.44,3.2
2,Brisbane,Brisbane International,1/5/2026,WTA500,Outdoor,Hard,1st Round,3,Birrell K.,Sramkova R.,106,71,721,914,6,4,3,6,6,3,2,1,Completed,2.1,1.73,2.24,1.71,2.25,1.75,2.18,1.66,2.2,1.77
2,Brisbane,Brisbane International,1/5/2026,WTA500,Outdoor,Hard,1st Round,3,Zhang S.,Krueger A.,79,49,843,1134,6,4,5,7,6,4,2,1,Completed,1.67,2.2,1.77,2.16,1.73,2.23,1.69,2.14,1.81,2.16
2,Brisbane,Brisbane International,1/5/2026,WTA500,Outdoor,Hard,1st Round,3,Gadecki O.,Li A.,204,37,350,1334,6,4,6,4,,,2,0,Completed,2.38,1.57,2.45,1.61,2.42,1.65,2.32,1.59,2.52,1.62
2,Brisbane,Brisbane International,1/5/2026,WTA500,Outdoor,Hard,1st Round,3,Bucsa C.,Bondar A.,50,73,1127,900,4,6,7,6,6,2,2,1,Completed,1.53,2.5,1.56,2.58,1.67,2.65,1.52,2.5,1.57,2.56
2,Brisbane,Brisbane International,1/5/2026,WTA500,Outdoor,Hard,1st Round,3,Putintseva Y.,Baptiste H.,74,65,891,979,6,2,6,4,,,2,0,Completed,,,,,,,,,,
2,Brisbane,Brisbane International,1/5/2026,WTA500,Outdoor,Hard,1st Round,3,Sasnovich A.,Blinkova A.,113,61,672,1016,7,5,6,1,,,2,0,Completed,1.62,2.3,1.64,2.39,1.63,2.5,1.57,2.37,1.64,2.52
2,Brisbane,Brisbane International,1/5/2026,WTA500,Outdoor,Hard,1st Round,3,Kalinskaya A.,Valentova T.,33,60,1461,1035,6,4,6,4,,,2,0,Completed,2.3,1.62,2.58,1.56,2.4,1.9,2.26,1.62,2.6,1.61
2,Brisbane,Brisbane International,1/5/2026,WTA500,Outdoor,Hard,1st Round,3,Yastremska D.,Gibson T.,27,118,1604,634,7,6,7,6,,,2,0,Completed,1.5,2.63,1.56,2.58,1.53,3,1.5,2.56,1.62,2.6
2,Brisbane,Brisbane International,1/5/2026,WTA500,Outdoor,Hard,1st Round,3,Frech M.,Vondrousova M.,59,34,1051,1445,7,5,6,7,7,6,2,1,Completed,4.33,1.22,4.46,1.24,4.33,1.23,4.14,1.22,4.5,1.28
2,Brisbane,Brisbane International,1/5/2026,WTA500,Outdoor,Hard,1st Round,3,Jones E.,Maria T.,147,43,491,1229,6,3,6,3,,,2,0,Completed,1.33,3.4,1.38,3.3,1.38,4.33,1.33,3.29,1.37,3.55
2,Brisbane,Brisbane International,1/6/2026,WTA500,Outdoor,Hard,2nd Round,3,Keys M.,Kessler M.,7,31,4335,1553,6,4,6,3,,,2,0,Completed,1.67,2.2,1.67,2.33,1.67,2.35,1.64,2.23,1.72,2.36
2,Brisbane,Brisbane International,1/6/2026,WTA500,Outdoor,Hard,2nd Round,3,Shnaider D.,Potapova A.,21,55,1866,1072,6,1,6,3,,,2,0,Completed,1.62,2.3,1.75,2.18,1.73,2.5,1.65,2.22,1.73,2.3
2,Brisbane,Brisbane International,1/6/2026,WTA500,Outdoor,Hard,2nd Round,3,Sabalenka A.,Bucsa C.,1,50,10490,1127,6,0,6,1,,,2,0,Completed,1.06,10,1.06,12.44,1.06,12.5,1.04,10.47,1.06,15.5
2,Brisbane,Brisbane International,1/6/2026,WTA500,Outdoor,Hard,2nd Round,3,Alexandrova E.,Kenin S.,10,28,3375,1589,7,6,6,3,,,2,0,Completed,1.3,3.5,1.36,3.38,1.33,3.5,1.33,3.31,1.38,3.5
2,Brisbane,Brisbane International,1/6/2026,WTA500,Outdoor,Hard,2nd Round,3,Cirstea S.,Ostapenko J.,41,23,1243,1800,6,2,7,6,,,2,0,Completed,1.4,3,1.41,3.11,1.44,3.25,1.39,2.95,1.41,3.3
2,Brisbane,Brisbane International,1/6/2026,WTA500,Outdoor,Hard,2nd Round,3,Muchova K.,Tomljanovic A.,20,78,1888,844,4,6,6,1,7,6,2,1,Completed,1.33,3.4,1.37,3.36,1.36,3.5,1.34,3.22,1.38,3.55
2,Brisbane,Brisbane International,1/6/2026,WTA500,Outdoor,Hard,2nd Round,3,Rybakina E.,Zhang S.,5,79,5850,843,6,3,7,5,,,2,0,Completed,1.1,7,1.11,8.14,1.11,7,1.1,6.78,1.11,9.4
2,Brisbane,Brisbane International,1/6/2026,WTA500,Outdoor,Hard,2nd Round,3,Badosa P.,Bouzkova M.,25,46,1675,1182,6,7,6,4,6,2,2,1,Completed,1.8,2,1.81,2.09,1.9,2.05,1.8,1.97,1.87,2.12
2,Brisbane,Brisbane International,1/7/2026,WTA500,Outdoor,Hard,2nd Round,3,Yastremska D.,Fernandez L.A.,27,22,1604,1821,6,1,6,2,,,2,0,Completed,2.63,1.5,2.7,1.52,2.65,1.52,2.56,1.5,2.78,1.55
2,Brisbane,Brisbane International,1/7/2026,WTA500,Outdoor,Hard,2nd Round,3,Pegula J.,Kalinskaya A.,6,33,5583,1461,6,2,2,6,6,4,2,1,Completed,1.53,2.5,1.54,2.63,1.6,2.6,1.51,2.51,1.57,2.72
2,Brisbane,Brisbane International,1/7/2026,WTA500,Outdoor,Hard,2nd Round,3,Sasnovich A.,Tauson C.,113,14,672,2530,6,2,6,3,,,2,0,Completed,2.5,1.53,2.61,1.55,2.55,1.84,2.41,1.56,2.72,1.57
2,Brisbane,Brisbane International,1/7/2026,WTA500,Outdoor,Hard,2nd Round,3,Samsonova L.,Jones E.,17,147,2209,491,6,4,6,1,,,2,0,Completed,1.44,2.75,1.47,2.86,1.63,2.75,1.48,2.62,1.47,3.05
2,Brisbane,Brisbane International,1/7/2026,WTA500,Outdoor,Hard,2nd Round,3,Noskova L.,Frech M.,12,59,2641,1051,6,7,6,4,6,4,2,1,Completed,1.29,3.75,1.3,3.83,1.3,3.8,1.27,3.71,1.29,4.3
2,Brisbane,Brisbane International,1/7/2026,WTA500,Outdoor,Hard,2nd Round,3,Andreeva M.,Gadecki O.,9,204,4125,350,4,6,6,1,6,2,2,1,Completed,1.17,5,1.21,4.95,1.2,5.5,1.18,4.73,1.21,5.5
2,Brisbane,Brisbane International,1/7/2026,WTA500,Outdoor,Hard,2nd Round,3,Kostyuk M.,Putintseva Y.,26,74,1659,891,6,7,6,1,6,0,2,1,Completed,1.44,2.75,1.43,3.05,1.45,2.88,1.42,2.77,1.42,3.3
2,Brisbane,Brisbane International,1/7/2026,WTA500,Outdoor,Hard,2nd Round,3,Anisimova A.,Birrell K.,3,106,6287,721,6,1,6,3,,,2,0,Completed,1.17,5,1.19,5.41,1.19,5.25,1.16,4.99,1.2,5.8
2,Brisbane,Brisbane International,1/8/2026,WTA500,Outdoor,Hard,3rd Round,3,Sabalenka A.,Cirstea S.,1,41,10490,1243,6,3,6,3,,,2,0,Completed,1.07,9,1.17,5.05,1.13,9,1.1,7.09,1.15,7.2
2,Brisbane,Brisbane International,1/8/2026,WTA500,Outdoor,Hard,3rd Round,3,Rybakina E.,Badosa P.,5,25,5850,1675,6,3,6,2,,,2,0,Completed,1.17,5,1.22,4.61,1.23,5.2,1.2,4.45,1.21,5.5
2,Brisbane,Brisbane International,1/8/2026,WTA500,Outdoor,Hard,3rd Round,3,Muchova K.,Alexandrova E.,20,10,1888,3375,6,4,7,5,,,2,0,Completed,2.3,1.62,2.43,1.62,2.38,1.68,2.25,1.63,2.4,1.69
2,Brisbane,Brisbane International,1/8/2026,WTA500,Outdoor,Hard,3rd Round,3,Keys M.,Shnaider D.,7,21,4335,1866,6,7,7,6,7,6,2,1,Completed,1.57,2.38,1.56,2.58,1.65,2.45,1.58,2.33,1.61,2.62
2,Brisbane,Brisbane International,1/8/2026,WTA500,Outdoor,Hard,3rd Round,3,Samsonova L.,Sasnovich A.,17,113,2209,672,6,4,6,4,,,2,0,Completed,1.57,2.38,1.63,2.41,1.63,2.38,1.58,2.33,1.67,2.48
2,Brisbane,Brisbane International,1/8/2026,WTA500,Outdoor,Hard,3rd Round,3,Pegula J.,Yastremska D.,6,27,5583,1604,5,7,6,2,6,3,2,1,Completed,1.36,3.2,1.39,3.25,1.44,3.25,1.36,3.06,1.43,3.25
2,Brisbane,Brisbane International,1/8/2026,WTA500,Outdoor,Hard,3rd Round,3,Kostyuk M.,Anisimova A.,26,3,1659,6287,6,4,6,3,,,2,0,Completed,3.2,1.36,3.27,1.38,3.25,1.44,3,1.38,3.35,1.41
2,Brisbane,Brisbane International,1/8/2026,WTA500,Outdoor,Hard,3rd Round,3,Andreeva M.,Noskova L.,9,12,4125,2641,5,7,6,4,7,5,2,1,Completed,1.44,2.75,1.49,2.8,1.44,2.95,1.42,2.79,1.53,2.86
2,Brisbane,Brisbane International,1/9/2026,WTA500,Outdoor,Hard,Quarterfinals,3,Muchova K.,Rybakina E.,20,5,1888,5850,6,2,2,6,6,4,2,1,Completed,4.33,1.22,4.29,1.26,4.33,1.25,4.09,1.23,4.8,1.25
2,Brisbane,Brisbane International,1/9/2026,WTA500,Outdoor,Hard,Quarterfinals,3,Sabalenka A.,Keys M.,1,7,10490,4335,6,3,6,3,,,2,0,Completed,1.17,5,,,1.21,6,1.17,4.86,1.19,6
2,Brisbane,Brisbane International,1/9/2026,WTA500,Outdoor,Hard,Quarterfinals,3,Pegula J.,Samsonova L.,6,17,5583,2209,6,3,7,6,,,2,0,Completed,1.36,3.2,,,1.44,3.25,1.36,3.07,1.47,3.05
2,Brisbane,Brisbane International,1/9/2026,WTA500,Outdoor,Hard,Quarterfinals,3,Kostyuk M.,Andreeva M.,26,9,1659,4125,7,6,6,3,,,2,0,Completed,2.1,1.73,,,2.1,1.83,2.01,1.78,2.08,1.9
2,Brisbane,Brisbane International,1/10/2026,WTA500,Outdoor,Hard,Semifinals,3,Sabalenka A.,Muchova K.,1,20,10490,1888,6,3,6,4,,,2,0,Completed,1.2,4.5,1.26,4.33,1.23,4.6,1.21,4.32,1.28,4.4
2,Brisbane,Brisbane International,1/10/2026,WTA500,Outdoor,Hard,Semifinals,3,Kostyuk M.,Pegula J.,26,6,1659,5583,6,0,6,3,,,2,0,Completed,2.2,1.67,,,2.25,1.7,2.2,1.66,2.34,1.72
2,Brisbane,Brisbane International,1/11/2026,WTA500,Outdoor,Hard,The Final,3,Sabalenka A.,Kostyuk M.,1,26,10490,1659,6,4,6,3,,,2,0,Completed,1.29,3.75,1.29,4.06,1.3,4,1.27,3.71,1.3,4.2
3,Adelaide,Adelaide International,1/12/2026,WTA500,Outdoor,Hard,1st Round,3,Navarro E.,Jones E.,15,155,2467,463,6,3,6,3,,,2,0,Completed,1.3,3.5,1.38,3.3,1.34,3.6,1.32,3.33,1.38,3.45
3,Adelaide,Adelaide International,1/12/2026,WTA500,Outdoor,Hard,1st Round,3,Mboko V.,Haddad Maia B.,17,59,2157,1052,5,7,6,3,6,2,2,1,Completed,1.29,3.75,1.27,4.17,1.3,4,1.26,3.77,1.27,4.5
3,Adelaide,Adelaide International,1/12/2026,WTA500,Outdoor,Hard,1st Round,3,Tomljanovic A.,Tauson C.,76,14,851,2530,7,6,,,,,1,0,Retired,2.2,1.67,2.21,1.74,2.54,1.67,2.26,1.62,2.22,1.76
3,Adelaide,Adelaide International,1/12/2026,WTA500,Outdoor,Hard,1st Round,3,Kalinskaya A.,Ruse E.G.,33,79,1483,849,6,0,6,3,,,2,0,Completed,1.57,2.38,1.58,2.53,1.58,2.55,1.54,2.44,1.62,2.56
3,Adelaide,Adelaide International,1/12/2026,WTA500,Outdoor,Hard,1st Round,3,Bouzkova M.,Badosa P.,45,26,1184,1675,3,6,6,3,6,4,2,1,Completed,2.2,1.67,2.19,1.75,2.23,1.76,2.14,1.68,2.28,1.76
3,Adelaide,Adelaide International,1/12/2026,WTA500,Outdoor,Hard,1st Round,3,Cristian J.,Alexandrova E.,37,11,1324,3375,6,4,6,4,,,2,0,Completed,4,1.25,4.43,1.24,4.1,1.25,3.97,1.24,4.7,1.25
3,Adelaide,Adelaide International,1/12/2026,WTA500,Outdoor,Hard,1st Round,3,Kasatkina D.,Sakkari M.,48,52,1168,1133,7,6,6,4,,,2,0,Completed,2.5,1.53,,,2.5,1.57,2.43,1.53,2.56,1.62
3,Adelaide,Adelaide International,1/13/2026,WTA500,Outdoor,Hard,1st Round,3,Shnaider D.,Fernandez L.A.,23,22,1818,1821,7,5,6,3,,,2,0,Completed,1.73,2.1,1.72,2.23,1.8,2.12,1.74,2.06,1.87,2.12
3,Adelaide,Adelaide International,1/13/2026,WTA500,Outdoor,Hard,1st Round,3,Birrell K.,Potapova A.,107,54,726,1103,6,4,6,4,,,2,0,Completed,2.2,1.67,2.38,1.65,2.2,1.9,2.09,1.72,2.2,1.8
3,Adelaide,Adelaide International,1/13/2026,WTA500,Outdoor,Hard,1st Round,3,Vondrousova M.,Samsonova L.,34,18,1386,2122,6,1,4,6,6,2,2,1,Completed,1.73,2.1,1.8,2.11,1.76,2.2,1.72,2.09,1.8,2.2
3,Adelaide,Adelaide International,1/13/2026,WTA500,Outdoor,Hard,1st Round,3,Joint M.,Kenin S.,32,28,1490,1567,7,6,6,4,,,2,0,Completed,1.8,2,1.79,2.12,1.83,2.05,1.78,2,1.83,2.14
3,Adelaide,Adelaide International,1/13/2026,WTA500,Outdoor,Hard,1st Round,3,Valentova T.,Ostapenko J.,60,24,1036,1741,7,5,3,2,,,1,0,Retired,1.36,3.2,1.35,3.5,1.36,3.5,1.33,3.23,1.4,3.35
3,Adelaide,Adelaide International,1/13/2026,WTA500,Outdoor,Hard,1st Round,3,Putintseva Y.,Galfi D.,105,93,741,789,6,4,6,4,,,2,0,Completed,1.44,2.75,1.49,2.79,1.47,3,1.41,2.81,1.44,3.2
3,Adelaide,Adelaide International,1/13/2026,WTA500,Outdoor,Hard,1st Round,3,Siniakova K.,Yastremska D.,46,27,1172,1610,6,0,6,1,,,2,0,Completed,2.2,1.67,,,2.25,1.67,2.2,1.65,,
3,Adelaide,Adelaide International,1/13/2026,WTA500,Outdoor,Hard,2nd Round,3,Mboko V.,Kalinskaya A.,17,33,2157,1483,6,2,3,6,7,6,2,1,Completed,1.8,2,,,1.85,2.4,1.77,2.02,1.88,2.1
3,Adelaide,Adelaide International,1/13/2026,WTA500,Outdoor,Hard,2nd Round,3,Andreeva M.,Bouzkova M.,8,45,4232,1184,6,3,6,1,,,2,0,Completed,1.4,3,,,1.4,3.05,1.38,2.95,1.46,3.1
3,Adelaide,Adelaide International,1/14/2026,WTA500,Outdoor,Hard,2nd Round,3,Birrell K.,Vondrousova M.,107,34,726,1386,,,,,,,,,Walkover,4.33,1.22,,,4.4,1.22,4.22,1.21,4.7,1.25
3,Adelaide,Adelaide International,1/14/2026,WTA500,Outdoor,Hard,2nd Round,3,Cristian J.,Kasatkina D.,37,48,1324,1168,6,4,6,0,,,2,0,Completed,2,1.8,,,2.17,1.8,2.09,1.71,2.3,1.75
3,Adelaide,Adelaide International,1/14/2026,WTA500,Outdoor,Hard,2nd Round,3,Keys M.,Valentova T.,9,60,4003,1036,6,4,6,1,,,2,0,Completed,1.67,2.2,,,1.67,2.3,1.64,2.21,1.67,2.44
3,Adelaide,Adelaide International,1/14/2026,WTA500,Outdoor,Hard,2nd Round,3,Shnaider D.,Siniakova K.,23,46,1818,1172,6,1,2,6,7,5,2,1,Completed,1.57,2.38,,,1.61,2.5,1.58,2.34,1.64,2.5
3,Adelaide,Adelaide International,1/14/2026,WTA500,Outdoor,Hard,2nd Round,3,Navarro E.,Putintseva Y.,15,105,2467,741,6,1,6,4,,,2,0,Completed,1.57,2.38,,,1.6,3,1.55,2.41,1.66,2.48
3,Adelaide,Adelaide International,1/14/2026,WTA500,Outdoor,Hard,2nd Round,3,Joint M.,Tomljanovic A.,32,76,1490,851,0,2,,,,,0,0,Retired,1.8,2,,,1.87,2.07,1.83,1.94,1.94,2.04
3,Adelaide,Adelaide International,1/15/2026,WTA500,Outdoor,Hard,Quarterfinals,3,Birrell K.,Cristian J.,107,37,726,1324,5,7,6,1,7,5,2,1,Completed,2.5,1.53,,,2.6,1.57,2.45,1.54,2.58,1.6
3,Adelaide,Adelaide International,1/15/2026,WTA500,Outdoor,Hard,Quarterfinals,3,Mboko V.,Keys M.,17,9,2157,4003,6,4,4,6,6,2,2,1,Completed,2.38,1.57,,,2.43,1.65,2.35,1.57,2.58,1.62
3,Adelaide,Adelaide International,1/15/2026,WTA500,Outdoor,Hard,Quarterfinals,3,Shnaider D.,Navarro E.,23,15,1818,2467,6,3,6,3,,,2,0,Completed,1.8,2,,,1.8,2.1,1.75,2.03,1.86,2.14
3,Adelaide,Adelaide International,1/15/2026,WTA500,Outdoor,Hard,Quarterfinals,3,Andreeva M.,Joint M.,8,32,4232,1490,6,2,6,0,,,2,0,Completed,1.17,5,,,1.19,6,1.17,4.89,1.2,5.7
3,Adelaide,Adelaide International,1/16/2026,WTA500,Outdoor,Hard,Semifinals,3,Mboko V.,Birrell K.,17,107,2157,726,6,2,6,1,,,2,0,Completed,1.17,5,,,1.22,5,1.19,4.54,1.24,5
3,Adelaide,Adelaide International,1/16/2026,WTA500,Outdoor,Hard,Semifinals,3,Andreeva M.,Shnaider D.,8,23,4232,1818,6,3,6,2,,,2,0,Completed,1.44,2.75,,,1.46,2.8,1.44,2.74,1.52,2.92
3,Adelaide,Adelaide International,1/17/2026,WTA500,Outdoor,Hard,The Final,3,Andreeva M.,Mboko V.,8,17,4232,2157,6,3,6,1,,,2,0,Completed,1.5,2.63,,,1.55,2.63,1.52,2.5,1.6,2.6
4,Hobart,Hobart International,1/12/2026,WTA250,Outdoor,Hard,1st Round,3,Zarazua R.,Baptiste H.,84,66,832,979,6,7,6,3,6,3,2,1,Completed,1.8,2,1.85,2.05,1.81,2.1,1.78,2,1.92,2.06
4,Hobart,Hobart International,1/12/2026,WTA250,Outdoor,Hard,1st Round,3,Preston T.,Bouzas Maneiro J.,204,40,354,1262,6,4,7,6,,,2,0,Completed,4.33,1.22,3.98,1.29,4.33,1.29,3.82,1.25,4.1,1.3
4,Hobart,Hobart International,1/12/2026,WTA250,Outdoor,Hard,1st Round,3,Li A.,Volynets K.,38,94,1316,783,4,6,7,5,6,2,2,1,Completed,2,1.8,2.05,1.85,2,1.84,1.96,1.81,2.1,1.87
4,Hobart,Hobart International,1/12/2026,WTA250,Outdoor,Hard,1st Round,3,Cocciaretto E.,Shimizu A.,80,425,849,137,6,3,6,4,,,2,0,Completed,1.11,6.5,1.12,7.37,1.11,7.5,1.09,6.88,1.12,8.4
4,Hobart,Hobart International,1/12/2026,WTA250,Outdoor,Hard,1st Round,3,Sierra S.,McNally C.,64,83,1001,836,1,6,6,4,6,1,2,1,Completed,3,1.4,3.11,1.41,3.5,1.4,3.02,1.38,3.25,1.42
4,Hobart,Hobart International,1/12/2026,WTA250,Outdoor,Hard,1st Round,3,Danilovic O.,Kessler M.,68,36,957,1335,4,6,6,4,6,4,2,1,Completed,3.4,1.33,3.42,1.36,3.4,1.42,3.19,1.35,3.55,1.37
4,Hobart,Hobart International,1/12/2026,WTA250,Outdoor,Hard,1st Round,3,Ruzic A.,Arango E.,71,50,925,1149,7,5,6,1,,,2,0,Completed,1.44,2.75,1.5,2.76,1.5,2.88,1.46,2.69,1.54,2.8
4,Hobart,Hobart International,1/13/2026,WTA250,Outdoor,Hard,1st Round,3,Bondar A.,Seidel E.,75,78,877,850,6,0,6,1,,,2,0,Completed,1.8,2,1.84,2.04,1.85,2,1.81,1.96,1.92,2.04
4,Hobart,Hobart International,1/13/2026,WTA250,Outdoor,Hard,1st Round,3,Sramkova R.,Gracheva V.,72,74,914,887,6,4,4,6,6,2,2,1,Completed,1.73,2.1,1.76,2.16,1.75,2.12,1.72,2.09,1.79,2.18
4,Hobart,Hobart International,1/13/2026,WTA250,Outdoor,Hard,1st Round,3,Stearns P.,Krejcikova B.,67,55,958,1080,6,4,1,6,7,6,2,1,Completed,3.2,1.36,3.15,1.4,3.4,1.44,3.05,1.37,3.35,1.4
4,Hobart,Hobart International,1/13/2026,WTA250,Outdoor,Hard,1st Round,3,Jovic I.,Tjen J.,30,56,1520,1075,6,0,6,1,,,2,0,Completed,1.57,2.38,1.63,2.41,1.65,2.43,1.57,2.35,1.66,2.44
4,Hobart,Hobart International,1/13/2026,WTA250,Outdoor,Hard,1st Round,3,Frech M.,Jacquemot E.,57,58,1073,1070,6,4,6,0,,,2,0,Completed,1.5,2.63,1.51,2.72,1.57,2.63,1.49,2.58,1.56,2.72
4,Hobart,Hobart International,1/13/2026,WTA250,Outdoor,Hard,1st Round,3,Maria T.,Williams V.,42,576,1229,81,6,4,6,3,,,2,0,Completed,1.53,2.5,1.61,2.46,1.53,2.75,1.5,2.56,1.6,2.6
4,Hobart,Hobart International,1/13/2026,WTA250,Outdoor,Hard,1st Round,3,Wang Xin.,Gibson T.,43,119,1194,634,6,2,6,3,,,2,0,Completed,1.57,2.38,1.58,2.51,1.6,2.43,1.57,2.33,1.68,2.42
4,Hobart,Hobart International,1/14/2026,WTA250,Outdoor,Hard,1st Round,3,Linette M.,Selekhmeteva O.,53,98,1113,766,6,3,1,6,6,1,2,1,Completed,1.91,1.91,1.89,2,2,2.1,1.9,1.87,2.04,1.92
4,Hobart,Hobart International,1/14/2026,WTA250,Outdoor,Hard,1st Round,3,Raducanu E.,Osorio M.,29,82,1563,840,6,3,7,6,,,2,0,Completed,1.3,3.5,1.35,3.44,1.33,3.5,1.3,3.41,1.31,4.1
4,Hobart,Hobart International,1/14/2026,WTA250,Outdoor,Hard,2nd Round,3,Cocciaretto E.,Li A.,80,38,849,1316,1,6,7,5,7,5,2,1,Completed,2.2,1.67,,,2.25,1.68,2.19,1.66,2.36,1.71
4,Hobart,Hobart International,1/14/2026,WTA250,Outdoor,Hard,2nd Round,3,Preston T.,Sramkova R.,204,72,354,914,6,4,6,1,,,2,0,Completed,2.75,1.44,,,2.9,1.5,2.81,1.42,3,1.47
4,Hobart,Hobart International,1/14/2026,WTA250,Outdoor,Hard,2nd Round,3,Jovic I.,Zarazua R.,30,84,1520,832,6,1,6,2,,,2,0,Completed,1.3,3.5,,,1.34,3.55,1.31,3.35,1.36,3.6
4,Hobart,Hobart International,1/14/2026,WTA250,Outdoor,Hard,2nd Round,3,Bondar A.,Maria T.,75,42,877,1229,7,6,7,5,,,2,0,Completed,1.36,3.2,,,1.4,3.5,1.35,3.16,1.32,4
4,Hobart,Hobart International,1/14/2026,WTA250,Outdoor,Hard,2nd Round,3,Ruzic A.,Sierra S.,71,64,925,1001,7,5,6,4,,,2,0,Completed,1.44,2.75,,,1.53,2.75,1.49,2.58,1.53,2.84
4,Hobart,Hobart International,1/14/2026,WTA250,Outdoor,Hard,2nd Round,3,Linette M.,Wang Xin.,53,43,1113,1194,6,1,7,5,,,2,0,Completed,2.2,1.67,,,2.35,1.67,2.25,1.62,,
4,Hobart,Hobart International,1/14/2026,WTA250,Outdoor,Hard,2nd Round,3,Danilovic O.,Stearns P.,68,67,957,958,7,6,6,1,,,2,0,Completed,1.67,2.2,,,1.8,2.2,1.69,2.14,1.76,2.26
4,Hobart,Hobart International,1/14/2026,WTA250,Outdoor,Hard,2nd Round,3,Raducanu E.,Frech M.,29,57,1563,1073,,,,,,,,,Walkover,1.3,3.5,,,1.34,3.5,1.32,3.3,1.37,1.02
4,Hobart,Hobart International,1/15/2026,WTA250,Outdoor,Hard,Quarterfinals,3,Cocciaretto E.,Bondar A.,80,75,849,877,6,2,6,2,,,2,0,Completed,2.2,1.67,,,2.2,1.8,2.11,1.71,2.04,1.96
4,Hobart,Hobart International,1/15/2026,WTA250,Outdoor,Hard,Quarterfinals,3,Preston T.,Raducanu E.,204,29,354,1563,6,2,6,4,,,2,0,Completed,3.5,1.3,,,4,1.3,3.63,1.28,4.5,1.26
4,Hobart,Hobart International,1/15/2026,WTA250,Outdoor,Hard,Quarterfinals,3,Ruzic A.,Danilovic O.,71,68,925,957,6,3,6,3,,,2,0,Completed,2.38,1.57,,,3.25,1.65,2.4,1.57,2.34,1.74
4,Hobart,Hobart International,1/15/2026,WTA250,Outdoor,Hard,Quarterfinals,3,Jovic I.,Linette M.,30,53,1520,1113,6,3,6,7,6,2,2,1,Completed,1.25,4,,,1.3,4.25,1.26,3.81,1.28,4.4
4,Hobart,Hobart International,1/16/2026,WTA250,Outdoor,Hard,Semifinals,3,Cocciaretto E.,Ruzic A.,80,71,849,925,6,3,6,2,,,2,0,Completed,1.91,1.91,,,1.94,2,1.89,1.89,1.96,2
4,Hobart,Hobart International,1/16/2026,WTA250,Outdoor,Hard,Semifinals,3,Jovic I.,Preston T.,30,204,1520,354,4,6,6,4,6,1,2,1,Completed,1.25,4,,,1.26,4.5,1.22,4.17,1.23,5.1
4,Hobart,Hobart International,1/17/2026,WTA250,Outdoor,Hard,The Final,3,Cocciaretto E.,Jovic I.,80,30,849,1520,6,4,6,4,,,2,0,Completed,3.5,1.3,,,3.75,1.33,3.41,1.31,3.9,1.33
5,Melbourne,Australian Open,1/18/2026,Grand Slam,Outdoor,Hard,1st Round,3,Putintseva Y.,Haddad Maia B.,94,61,799,1052,3,6,7,5,6,3,2,1,Completed,1.73,2.1,,,1.73,2.15,1.72,2.1,1.79,2.24
5,Melbourne,Australian Open,1/18/2026,Grand Slam,Outdoor,Hard,1st Round,3,Ruse E.G.,Yastremska D.,79,28,872,1610,6,4,7,5,,,2,0,Completed,2.1,1.73,,,2.15,1.75,2.09,1.72,2.3,1.75
5,Melbourne,Australian Open,1/18/2026,Grand Slam,Outdoor,Hard,1st Round,3,Gibson T.,Blinkova A.,119,64,634,1016,6,1,6,3,,,2,0,Completed,1.8,2,,,1.83,2.1,1.78,2.02,1.87,2.12
5,Melbourne,Australian Open,1/18/2026,Grand Slam,Outdoor,Hard,1st Round,3,Paolini J.,Sasnovich A.,8,104,4267,755,6,1,6,2,,,2,0,Completed,1.33,3.4,,,1.4,3.4,1.35,3.11,1.4,3.4
5,Melbourne,Australian Open,1/18/2026,Grand Slam,Outdoor,Hard,1st Round,3,Sakkari M.,Jeanjean L.,53,103,1133,760,6,4,6,2,,,2,0,Completed,1.17,5,,,1.24,5.25,1.21,4.34,1.24,5
5,Melbourne,Australian Open,1/18/2026,Grand Slam,Outdoor,Hard,1st Round,3,McNally C.,Sakatsume H.,85,140,836,514,6,3,6,1,,,2,0,Completed,1.4,3,,,1.55,3,1.45,2.67,1.51,2.94
5,Melbourne,Australian Open,1/18/2026,Grand Slam,Outdoor,Hard,1st Round,3,Jacquemot E.,Kostyuk M.,60,20,1070,1983,6,7,7,6,7,6,2,1,Completed,8,1.08,,,9,1.09,7.83,1.07,10,1.1
5,Melbourne,Australian Open,1/18/2026,Grand Slam,Outdoor,Hard,1st Round,3,Svitolina E.,Bucsa C.,12,52,2856,1134,6,4,6,1,,,2,0,Completed,1.17,5,,,1.21,5.25,1.18,4.63,1.2,5.8
5,Melbourne,Australian Open,1/18/2026,Grand Slam,Outdoor,Hard,1st Round,3,Baptiste H.,Townsend T.,70,116,979,652,6,3,6,7,6,3,2,1,Completed,2.38,1.57,,,3.25,1.58,2.76,1.45,3.25,1.37
5,Melbourne,Australian Open,1/18/2026,Grand Slam,Outdoor,Hard,1st Round,3,Sonmez Z.,Alexandrova E.,112,11,694,3375,7,5,4,6,6,4,2,1,Completed,4,1.25,,,4,1.33,3.67,1.28,4.7,1.26
5,Melbourne,Australian Open,1/18/2026,Grand Slam,Outdoor,Hard,1st Round,3,Kudermetova P.,Maristany G.,150,185,490,386,6,2,6,3,,,2,0,Completed,,,,,1.33,4.2,1.25,3.82,1.29,4.3
5,Melbourne,Australian Open,1/18/2026,Grand Slam,Outdoor,Hard,1st Round,3,Sabalenka A.,Rakotomanga Rajaonah T.,1,118,10990,640,6,4,6,1,,,2,0,Completed,-,34,,,1.01,51,1.01,27.5,1.01,120
5,Melbourne,Australian Open,1/18/2026,Grand Slam,Outdoor,Hard,1st Round,3,Potapova A.,Lamens S.,55,97,1106,780,3,6,7,5,6,2,2,1,Completed,1.4,3,,,1.43,3,1.41,2.83,1.42,3.3
5,Melbourne,Australian Open,1/18/2026,Grand Slam,Outdoor,Hard,1st Round,3,Bai Z.,Pavlyuchenkova A.,702,47,55,1185,6,4,2,6,7,6,2,1,Completed,2.3,1.62,,,2.5,1.67,2.3,1.6,2.46,1.67
5,Melbourne,Australian Open,1/18/2026,Grand Slam,Outdoor,Hard,1st Round,3,Danilovic O.,Williams V.,69,578,981,82,6,7,6,3,6,4,2,1,Completed,1.14,5.5,,,1.17,5.75,1.15,5.28,1.15,7.2
5,Melbourne,Australian Open,1/18/2026,Grand Slam,Outdoor,Hard,1st Round,3,Raducanu E.,Sawangkaew M.,29,197,1607,366,6,4,6,1,,,2,0,Completed,1.2,4.5,,,1.25,4.6,1.21,4.28,1.25,4.7
5,Melbourne,Australian Open,1/19/2026,Grand Slam,Outdoor,Hard,1st Round,3,Stearns P.,Kenin S.,68,30,987,1567,6,3,6,2,,,2,0,Completed,2.2,1.67,,,2.21,1.7,2.17,1.67,2.3,1.75
5,Melbourne,Australian Open,1/19/2026,Grand Slam,Outdoor,Hard,1st Round,3,Frech M.,Erjavec V.,57,102,1093,765,6,1,6,1,,,2,0,Completed,1.22,4.33,,,1.27,4.33,1.24,3.96,1.28,4.4
5,Melbourne,Australian Open,1/19/2026,Grand Slam,Outdoor,Hard,1st Round,3,Kessler M.,Arango E.,37,51,1335,1149,6,3,6,2,,,2,0,Completed,1.17,5,,,1.19,5.25,1.17,4.83,1.19,6
5,Melbourne,Australian Open,1/19/2026,Grand Slam,Outdoor,Hard,1st Round,3,Linette M.,Navarro E.,50,15,1157,2515,3,6,6,3,6,3,2,1,Completed,3.2,1.36,,,3.25,1.36,3.19,1.34,3.25,1.43
5,Melbourne,Australian Open,1/19/2026,Grand Slam,Outdoor,Hard,1st Round,3,Hunter S.,Bouzas Maneiro J.,367,40,169,1262,6,4,6,4,,,2,0,Completed,2.75,1.44,,,2.8,1.47,2.74,1.43,2.82,1.53
5,Melbourne,Australian Open,1/19/2026,Grand Slam,Outdoor,Hard,1st Round,3,Marcinko P.,Maria T.,81,42,854,1232,6,3,7,5,,,2,0,Completed,1.4,3,,,1.43,3.5,1.4,2.92,1.47,3.1
5,Melbourne,Australian Open,1/19/2026,Grand Slam,Outdoor,Hard,1st Round,3,Li A.,Osorio M.,38,84,1316,840,6,4,6,7,7,5,2,1,Completed,1.62,2.3,,,1.68,2.3,1.63,2.25,1.68,2.42
5,Melbourne,Australian Open,1/19/2026,Grand Slam,Outdoor,Hard,1st Round,3,Bondar A.,Mandlik E.,74,182,913,387,6,0,6,4,,,2,0,Completed,1.29,3.75,,,1.3,3.8,1.29,3.53,1.34,3.85
5,Melbourne,Australian Open,1/19/2026,Grand Slam,Outdoor,Hard,1st Round,3,Gauff C.,Rakhimova K.,3,93,6423,802,6,2,6,3,,,2,0,Completed,1.04,13,,,1.06,13,1.04,10.41,1.06,16.5
5,Melbourne,Australian Open,1/19/2026,Grand Slam,Outdoor,Hard,1st Round,3,Hon P.,Stakusic M.,121,127,620,565,1,6,6,4,5,3,1,1,Retired,2.38,1.57,,,2.75,1.62,2.38,1.56,2.38,1.7
5,Melbourne,Australian Open,1/19/2026,Grand Slam,Outdoor,Hard,1st Round,3,Klimovicova L.,Jones F.,134,71,538,951,6,2,3,2,,,1,0,Retired,1.62,2.3,,,1.73,2.3,1.65,2.21,1.68,2.44
5,Melbourne,Australian Open,1/19/2026,Grand Slam,Outdoor,Hard,1st Round,3,Pegula J.,Zakharova A.,6,105,5453,742,6,2,6,1,,,2,0,Completed,1.07,9,,,1.08,9.5,1.06,8.53,1.07,13.5
5,Melbourne,Australian Open,1/19/2026,Grand Slam,Outdoor,Hard,1st Round,3,Tauson C.,Galfi D.,14,91,2530,805,6,3,6,3,,,2,0,Completed,1.44,2.75,,,1.47,2.85,1.44,2.73,1.49,3
5,Melbourne,Australian Open,1/19/2026,Grand Slam,Outdoor,Hard,1st Round,3,Parks A.,Eala A.,99,49,770,1159,0,6,6,3,6,2,2,1,Completed,3.75,1.29,,,4.33,1.3,3.89,1.25,4.8,1.25
5,Melbourne,Australian Open,1/19/2026,Grand Slam,Outdoor,Hard,1st Round,3,Muchova K.,Cristian J.,19,35,2083,1427,6,3,7,6,,,2,0,Completed,1.17,5,,,1.22,5,1.19,4.56,1.22,5.3
5,Melbourne,Australian Open,1/19/2026,Grand Slam,Outdoor,Hard,1st Round,3,Anisimova A.,Waltert S.,4,87,6320,824,6,3,6,2,,,2,0,Completed,1.03,15,,,1.04,15,1.03,11.56,1.05,18
5,Melbourne,Australian Open,1/19/2026,Grand Slam,Outdoor,Hard,1st Round,3,Selekhmeteva O.,Seidel E.,101,82,769,850,6,3,3,6,6,0,2,1,Completed,1.73,2.1,,,1.76,2.12,1.72,2.08,1.81,2.18
5,Melbourne,Australian Open,1/19/2026,Grand Slam,Outdoor,Hard,1st Round,3,Jovic I.,Volynets K.,27,96,1671,783,6,2,6,3,,,2,0,Completed,1.33,3.4,,,1.36,3.8,1.34,3.21,1.41,3.4
5,Melbourne,Australian Open,1/19/2026,Grand Slam,Outdoor,Hard,1st Round,3,Mboko V.,Jones E.,16,153,2447,464,6,4,6,1,,,2,0,Completed,1.22,4.33,,,1.24,4.4,1.22,4.11,1.25,4.8
5,Melbourne,Australian Open,1/19/2026,Grand Slam,Outdoor,Hard,1st Round,3,Noskova L.,Semenistaja D.,13,98,2641,779,6,3,6,0,,,2,0,Completed,1.13,6,,,1.18,6.5,1.13,5.74,1.15,7.2
5,Melbourne,Australian Open,1/19/2026,Grand Slam,Outdoor,Hard,1st Round,3,Tomljanovic A.,Starodubtseva Y.,78,110,881,701,4,6,7,6,6,1,2,1,Completed,1.73,2.1,,,1.75,2.15,1.72,2.09,1.8,2.22
5,Melbourne,Australian Open,1/19/2026,Grand Slam,Outdoor,Hard,1st Round,3,Badosa P.,Diyas Z.,26,290,1676,232,6,2,6,4,,,2,0,Completed,1.02,17,,,1.03,21,1.02,13.73,1.06,14.5
5,Melbourne,Australian Open,1/19/2026,Grand Slam,Outdoor,Hard,1st Round,3,Bouzkova M.,Zarazua R.,44,80,1225,855,6,2,7,5,,,2,0,Completed,1.29,3.75,,,1.3,3.8,1.28,3.58,1.32,4
5,Melbourne,Australian Open,1/19/2026,Grand Slam,Outdoor,Hard,1st Round,3,Shnaider D.,Krejcikova B.,22,58,1953,1081,2,6,6,3,6,3,2,1,Completed,1.53,2.5,,,1.6,2.5,1.56,2.39,1.6,2.6
5,Melbourne,Australian Open,1/19/2026,Grand Slam,Outdoor,Hard,1st Round,3,Andreeva M.,Vekic D.,7,72,4731,935,4,6,6,3,6,0,2,1,Completed,1.11,6.5,,,1.13,6.75,1.12,6.04,1.15,7.4
5,Melbourne,Australian Open,1/19/2026,Grand Slam,Outdoor,Hard,1st Round,3,Swiatek I.,Yuan Y.,2,130,8328,552,7,6,6,3,,,2,0,Completed,1.01,26,,,1.03,26,1.02,16.97,1.02,36
5,Melbourne,Australian Open,1/19/2026,Grand Slam,Outdoor,Hard,1st Round,3,Uchijima M.,Sierra S.,88,63,822,1018,6,3,6,1,,,2,0,Completed,2.75,1.44,,,2.85,1.57,2.66,1.46,3,1.49
5,Melbourne,Australian Open,1/19/2026,Grand Slam,Outdoor,Hard,1st Round,3,Mertens E.,Tararudee L.,21,131,1956,549,7,5,6,1,,,2,0,Completed,1.25,4,,,1.25,4.2,1.24,3.96,1.3,4.2
5,Melbourne,Australian Open,1/20/2026,Grand Slam,Outdoor,Hard,1st Round,3,Siniakova K.,Udvardy P.,45,90,1215,819,6,1,6,2,,,2,0,Completed,1.1,7,,,1.13,7,1.11,6.37,1.13,7.6
5,Melbourne,Australian Open,1/20/2026,Grand Slam,Outdoor,Hard,1st Round,3,Tjen J.,Fernandez L.A.,59,23,1075,1821,6,2,7,6,,,2,0,Completed,3.4,1.33,,,3.45,1.44,3.25,1.34,3.6,1.37
5,Melbourne,Australian Open,1/20/2026,Grand Slam,Outdoor,Hard,1st Round,3,Preston T.,Zhang S.,161,75,443,899,6,3,2,6,6,3,2,1,Completed,2.5,1.53,,,2.63,1.57,2.55,1.5,3,1.48
5,Melbourne,Australian Open,1/20/2026,Grand Slam,Outdoor,Hard,1st Round,3,Gracheva V.,Golubic V.,77,83,887,841,6,1,2,6,6,1,2,1,Completed,1.91,1.91,,,1.93,1.91,1.89,1.88,2.06,1.91
5,Melbourne,Australian Open,1/20/2026,Grand Slam,Outdoor,Hard,1st Round,3,Krueger A.,Bejlek S.,62,89,1026,821,6,3,6,3,,,2,0,Completed,1.67,2.2,,,1.83,2.25,1.68,2.15,1.78,2.26
5,Melbourne,Australian Open,1/20/2026,Grand Slam,Outdoor,Hard,1st Round,3,Valentova T.,Joint M.,54,31,1121,1549,6,4,6,4,,,2,0,Completed,1.4,3,,,1.44,3.05,1.41,2.85,1.42,3.3
5,Melbourne,Australian Open,1/20/2026,Grand Slam,Outdoor,Hard,1st Round,3,Keys M.,Oliynykova O.,9,92,4111,804,7,6,6,1,,,2,0,Completed,1.02,17,,,1.05,17,1.03,12.04,1.06,16
5,Melbourne,Australian Open,1/20/2026,Grand Slam,Outdoor,Hard,1st Round,3,Wang Xin.,Kalinina A.,46,179,1197,393,6,3,6,3,,,2,0,Completed,1.67,2.2,,,1.73,2.25,1.67,2.17,1.73,2.3
5,Melbourne,Australian Open,1/20/2026,Grand Slam,Outdoor,Hard,1st Round,3,Grabher J.,Cocciaretto E.,95,56,799,1099,7,5,2,6,6,4,2,1,Completed,4,1.25,,,5,1.26,4.03,1.23,4.5,1.27
5,Melbourne,Australian Open,1/20/2026,Grand Slam,Outdoor,Hard,1st Round,3,Pliskova Ka.,Stephens S.,1057,1102,16,14,7,6,6,2,,,2,0,Completed,3,1.4,,,3,1.48,2.88,1.41,3.3,1.42
5,Melbourne,Australian Open,1/20/2026,Grand Slam,Outdoor,Hard,1st Round,3,Fruhvirtova L.,Sun L.,132,86,548,825,6,3,7,5,,,2,0,Completed,2.1,1.73,,,2.2,1.73,2.12,1.7,2.2,1.8
5,Melbourne,Australian Open,1/20/2026,Grand Slam,Outdoor,Hard,1st Round,3,Kalinskaya A.,Kartal S.,33,66,1511,1004,7,6,6,1,,,2,0,Completed,1.53,2.5,,,1.57,2.55,1.53,2.47,1.58,2.68
5,Melbourne,Australian Open,1/20/2026,Grand Slam,Outdoor,Hard,1st Round,3,Rybakina E.,Juvan K.,5,100,5850,770,6,4,6,3,,,2,0,Completed,1.03,15,,,1.04,15,1.03,12.08,1.04,17.5
5,Melbourne,Australian Open,1/20/2026,Grand Slam,Outdoor,Hard,1st Round,3,Cirstea S.,Lys E.,41,39,1249,1303,3,6,6,4,6,3,2,1,Completed,1.91,1.91,,,2,2,1.87,1.91,1.93,2.02
5,Melbourne,Australian Open,1/20/2026,Grand Slam,Outdoor,Hard,1st Round,3,Ostapenko J.,Sramkova R.,24,73,1741,914,6,4,6,4,,,2,0,Completed,1.91,1.91,,,2.15,1.91,1.93,1.85,2.16,1.84
5,Melbourne,Australian Open,1/20/2026,Grand Slam,Outdoor,Hard,1st Round,3,Siegemund L.,Samsonova L.,48,18,1171,2122,0,6,7,5,6,4,2,1,Completed,4.33,1.22,,,5.5,1.27,4.17,1.22,4.3,1.28
5,Melbourne,Australian Open,1/20/2026,Grand Slam,Outdoor,Hard,1st Round,3,Bencic B.,Boulter K.,10,113,3512,684,6,0,7,5,,,2,0,Completed,1.13,6,,,1.15,7.5,1.13,5.92,1.14,7.4
5,Melbourne,Australian Open,1/20/2026,Grand Slam,Outdoor,Hard,1st Round,3,Osaka N.,Ruzic A.,17,65,2366,1008,6,3,3,6,6,4,2,1,Completed,1.22,4.33,,,1.25,4.33,1.23,4.08,1.26,4.8
5,Melbourne,Australian Open,1/20/2026,Grand Slam,Outdoor,Hard,1st Round,3,Inglis M.,Birrell K.,168,76,418,892,7,6,6,7,6,4,2,1,Completed,3,1.4,,,3.1,1.42,2.94,1.39,3.25,1.42
5,Melbourne,Australian Open,1/20/2026,Grand Slam,Outdoor,Hard,1st Round,3,Bartunkova N.,Kasatkina D.,126,43,582,1227,7,6,0,6,6,3,2,1,Completed,2.75,1.44,,,2.88,1.45,2.78,1.43,2.8,1.55
5,Melbourne,Australian Open,1/21/2026,Grand Slam,Outdoor,Hard,2nd Round,3,Shnaider D.,Gibson T.,22,119,1953,634,3,6,7,5,6,3,2,1,Completed,1.25,4,,,1.26,5,1.23,4.18,1.28,4.5
5,Melbourne,Australian Open,1/21/2026,Grand Slam,Outdoor,Hard,2nd Round,3,Sonmez Z.,Bondar A.,112,74,694,913,6,2,6,4,,,2,0,Completed,1.62,2.3,,,1.72,2.3,1.66,2.19,1.72,2.36
5,Melbourne,Australian Open,1/21/2026,Grand Slam,Outdoor,Hard,2nd Round,3,Svitolina E.,Klimovicova L.,12,134,2856,538,7,5,6,1,,,2,0,Completed,1.1,7,,,1.14,7,1.11,6.52,1.12,9
5,Melbourne,Australian Open,1/21/2026,Grand Slam,Outdoor,Hard,2nd Round,3,Sabalenka A.,Bai Z.,1,702,10990,55,6,3,6,1,,,2,0,Completed,1.01,29,,,1.02,34,1.01,22.65,1.01,50
5,Melbourne,Australian Open,1/21/2026,Grand Slam,Outdoor,Hard,2nd Round,3,Putintseva Y.,Jacquemot E.,94,60,799,1070,6,1,6,2,,,2,0,Completed,1.36,3.2,,,1.42,3.2,1.38,3,1.4,3.4
5,Melbourne,Australian Open,1/21/2026,Grand Slam,Outdoor,Hard,2nd Round,3,Baptiste H.,Hunter S.,70,367,979,169,6,2,6,1,,,2,0,Completed,1.62,2.3,,,1.65,2.38,1.61,2.27,1.76,2.28
5,Melbourne,Australian Open,1/21/2026,Grand Slam,Outdoor,Hard,2nd Round,3,Mboko V.,McNally C.,16,85,2447,836,6,4,6,3,,,2,0,Completed,1.3,3.5,,,1.35,3.5,1.32,3.31,1.35,3.75
5,Melbourne,Australian Open,1/21/2026,Grand Slam,Outdoor,Hard,2nd Round,3,Tauson C.,Kudermetova P.,14,150,2530,490,6,3,3,6,7,5,2,1,Completed,1.44,2.75,,,1.5,2.9,1.43,2.77,1.45,3.15
5,Melbourne,Australian Open,1/21/2026,Grand Slam,Outdoor,Hard,2nd Round,3,Potapova A.,Raducanu E.,55,29,1106,1607,7,6,6,2,,,2,0,Completed,3.2,1.36,,,3.6,1.4,3.13,1.35,3.15,1.45
5,Melbourne,Australian Open,1/21/2026,Grand Slam,Outdoor,Hard,2nd Round,3,Gauff C.,Danilovic O.,3,69,6423,981,6,2,6,2,,,2,0,Completed,1.08,8,,,1.11,10,1.09,7.38,1.11,9.6
5,Melbourne,Australian Open,1/21/2026,Grand Slam,Outdoor,Hard,2nd Round,3,Ruse E.G.,Tomljanovic A.,79,78,872,881,6,4,6,4,,,2,0,Completed,1.67,2.2,,,1.7,2.5,1.66,2.2,1.74,2.32
5,Melbourne,Australian Open,1/21/2026,Grand Slam,Outdoor,Hard,2nd Round,3,Linette M.,Li A.,50,38,1157,1316,6,3,6,3,,,2,0,Completed,2.1,1.73,,,2.2,1.73,2.12,1.71,2.32,1.74
5,Melbourne,Australian Open,1/21/2026,Grand Slam,Outdoor,Hard,2nd Round,3,Muchova K.,Parks A.,19,99,2083,770,4,6,6,4,6,4,2,1,Completed,1.08,8,,,1.1,8,1.09,7.23,1.12,8.8
5,Melbourne,Australian Open,1/21/2026,Grand Slam,Outdoor,Hard,2nd Round,3,Andreeva M.,Sakkari M.,7,53,4731,1133,6,0,6,4,,,2,0,Completed,1.17,5,,,1.18,5.25,1.17,4.89,1.2,5.8
5,Melbourne,Australian Open,1/21/2026,Grand Slam,Outdoor,Hard,2nd Round,3,Paolini J.,Frech M.,8,57,4267,1093,6,2,6,3,,,2,0,Completed,1.25,4,,,1.26,4.33,1.25,3.89,1.3,4.2
5,Melbourne,Australian Open,1/21/2026,Grand Slam,Outdoor,Hard,2nd Round,3,Jovic I.,Hon P.,27,121,1671,620,6,1,6,2,,,2,0,Completed,1.14,5.5,,,1.18,5.5,1.17,4.87,1.21,5.4
5,Melbourne,Australian Open,1/22/2026,Grand Slam,Outdoor,Hard,2nd Round,3,Keys M.,Krueger A.,9,62,4111,1026,6,1,7,5,,,2,0,Completed,1.2,4.5,,,1.25,4.75,1.21,4.29,1.25,4.8
5,Melbourne,Australian Open,1/22/2026,Grand Slam,Outdoor,Hard,2nd Round,3,Selekhmeteva O.,Badosa P.,101,26,769,1676,6,4,6,4,,,2,0,Completed,4,1.25,,,4,1.27,3.85,1.26,4.3,1.28
5,Melbourne,Australian Open,1/22/2026,Grand Slam,Outdoor,Hard,2nd Round,3,Pegula J.,Kessler M.,6,37,5453,1335,6,0,6,2,,,2,0,Completed,1.22,4.33,,,1.25,4.33,1.23,4.1,1.26,4.7
5,Melbourne,Australian Open,1/22/2026,Grand Slam,Outdoor,Hard,2nd Round,3,Pliskova Ka.,Tjen J.,1057,59,16,1075,6,4,6,4,,,2,0,Completed,3.5,1.3,,,3.66,1.34,3.44,1.31,3.75,1.36
5,Melbourne,Australian Open,1/22/2026,Grand Slam,Outdoor,Hard,2nd Round,3,Kalinskaya A.,Grabher J.,33,95,1511,799,6,3,6,3,,,2,0,Completed,1.08,8,,,1.11,8,1.09,7.04,1.11,9.4
5,Melbourne,Australian Open,1/22/2026,Grand Slam,Outdoor,Hard,2nd Round,3,Inglis M.,Siegemund L.,168,48,418,1171,6,4,6,7,7,6,2,1,Completed,2.3,1.62,,,2.3,1.68,2.22,1.64,2.5,1.65
5,Melbourne,Australian Open,1/22/2026,Grand Slam,Outdoor,Hard,2nd Round,3,Wang Xin.,Ostapenko J.,46,24,1197,1741,4,6,6,4,6,4,2,1,Completed,1.62,2.3,,,1.67,2.3,1.64,2.22,1.65,2.5
5,Melbourne,Australian Open,1/22/2026,Grand Slam,Outdoor,Hard,2nd Round,3,Noskova L.,Preston T.,13,161,2641,443,6,2,4,6,6,2,2,1,Completed,1.14,5.5,,,1.17,6,1.15,5.27,1.18,6
5,Melbourne,Australian Open,1/22/2026,Grand Slam,Outdoor,Hard,2nd Round,3,Stearns P.,Marcinko P.,68,81,987,854,6,2,7,5,,,2,0,Completed,1.67,2.2,,,1.67,2.3,1.63,2.23,1.69,2.42
5,Melbourne,Australian Open,1/22/2026,Grand Slam,Outdoor,Hard,2nd Round,3,Anisimova A.,Siniakova K.,4,45,6320,1215,6,1,6,4,,,2,0,Completed,1.29,3.75,,,1.29,3.75,1.29,3.58,1.29,4.3
5,Melbourne,Australian Open,1/22/2026,Grand Slam,Outdoor,Hard,2nd Round,3,Mertens E.,Uchijima M.,21,88,1956,822,6,3,6,1,,,2,0,Completed,1.11,6.5,,,1.13,7.5,1.11,6.27,1.13,7.8
5,Melbourne,Australian Open,1/22/2026,Grand Slam,Outdoor,Hard,2nd Round,3,Valentova T.,Fruhvirtova L.,54,132,1121,548,7,5,2,6,6,3,2,1,Completed,1.2,4.5,,,1.23,5.2,1.2,4.5,1.23,5.1
5,Melbourne,Australian Open,1/22/2026,Grand Slam,Outdoor,Hard,2nd Round,3,Swiatek I.,Bouzkova M.,2,44,8328,1225,6,2,6,3,,,2,0,Completed,1.07,9,,,1.1,9,1.09,7.27,1.11,9.6
5,Melbourne,Australian Open,1/22/2026,Grand Slam,Outdoor,Hard,2nd Round,3,Osaka N.,Cirstea S.,17,41,2366,1249,6,3,4,6,6,2,2,1,Completed,1.57,2.38,,,1.65,2.5,1.57,2.36,1.64,2.5
5,Melbourne,Australian Open,1/22/2026,Grand Slam,Outdoor,Hard,2nd Round,3,Bartunkova N.,Bencic B.,126,10,582,3512,6,3,0,6,6,4,2,1,Completed,10,1.06,,,10,1.08,8.56,1.06,12,1.08
5,Melbourne,Australian Open,1/22/2026,Grand Slam,Outdoor,Hard,2nd Round,3,Rybakina E.,Gracheva V.,5,77,5850,887,7,5,6,2,,,2,0,Completed,1.04,13,,,1.04,13,1.03,11.46,1.05,20
5,Melbourne,Australian Open,1/23/2026,Grand Slam,Outdoor,Hard,3rd Round,3,Mboko V.,Tauson C.,16,14,2447,2530,7,6,5,7,6,3,2,1,Completed,1.5,2.63,,,1.52,2.75,1.49,2.58,1.49,2.98
5,Melbourne,Australian Open,1/23/2026,Grand Slam,Outdoor,Hard,3rd Round,3,Sabalenka A.,Potapova A.,1,55,10990,1106,7,6,7,6,,,2,0,Completed,1.04,13,,,1.04,14,1.04,11.38,1.03,26
5,Melbourne,Australian Open,1/23/2026,Grand Slam,Outdoor,Hard,3rd Round,3,Putintseva Y.,Sonmez Z.,94,112,799,694,6,3,6,7,6,3,2,1,Completed,1.73,2.1,,,1.83,2.15,1.74,2.07,1.82,2.2
5,Melbourne,Australian Open,1/23/2026,Grand Slam,Outdoor,Hard,3rd Round,3,Gauff C.,Baptiste H.,3,70,6423,979,3,6,6,0,6,3,2,1,Completed,1.06,10,,,1.08,10,1.07,8.27,1.09,11.5
5,Melbourne,Australian Open,1/23/2026,Grand Slam,Outdoor,Hard,3rd Round,3,Muchova K.,Linette M.,19,50,2083,1157,6,1,6,1,,,2,0,Completed,1.2,4.5,,,1.23,4.6,1.21,4.36,1.22,5.3
5,Melbourne,Australian Open,1/23/2026,Grand Slam,Outdoor,Hard,3rd Round,3,Jovic I.,Paolini J.,27,8,1671,4267,6,2,7,6,,,2,0,Completed,2.2,1.67,,,2.28,1.73,2.16,1.68,2.22,1.8
5,Melbourne,Australian Open,1/23/2026,Grand Slam,Outdoor,Hard,3rd Round,3,Svitolina E.,Shnaider D.,12,22,2856,1953,7,6,6,3,,,2,0,Completed,1.5,2.63,,,1.53,2.75,1.49,2.58,1.51,2.92
5,Melbourne,Australian Open,1/23/2026,Grand Slam,Outdoor,Hard,3rd Round,3,Andreeva M.,Ruse E.G.,7,79,4731,872,6,3,6,4,,,2,0,Completed,1.1,7,,,1.13,7.5,1.11,6.23,1.13,8
5,Melbourne,Australian Open,1/23/2026,Grand Slam,Outdoor,Hard,3rd Round,3,Pegula J.,Selekhmeteva O.,6,101,5453,769,6,3,6,2,,,2,0,Completed,1.05,11,,,1.06,11,1.05,9.35,1.08,12
5,Melbourne,Australian Open,1/23/2026,Grand Slam,Outdoor,Hard,3rd Round,3,Keys M.,Pliskova Ka.,9,1057,4111,16,6,3,6,3,,,2,0,Completed,1.14,5.5,,,1.15,6.5,1.14,5.49,1.17,6.2
5,Melbourne,Australian Open,1/24/2026,Grand Slam,Outdoor,Hard,3rd Round,3,Anisimova A.,Stearns P.,4,68,6320,987,6,1,6,4,,,2,0,Completed,1.14,5.5,,,1.17,6,1.15,5.3,1.19,6.2
5,Melbourne,Australian Open,1/24/2026,Grand Slam,Outdoor,Hard,3rd Round,3,Wang Xin.,Noskova L.,46,13,1197,2641,7,5,6,4,,,2,0,Completed,2.75,1.44,,,2.9,1.5,2.71,1.45,2.98,1.49
5,Melbourne,Australian Open,1/24/2026,Grand Slam,Outdoor,Hard,3rd Round,3,Mertens E.,Bartunkova N.,21,126,1956,582,6,0,6,4,,,2,0,Completed,1.29,3.75,,,1.29,4.33,1.27,3.74,1.33,4
5,Melbourne,Australian Open,1/24/2026,Grand Slam,Outdoor,Hard,3rd Round,3,Swiatek I.,Kalinskaya A.,2,33,8328,1511,6,1,1,6,6,1,2,1,Completed,1.22,4.33,,,1.25,4.5,1.22,4.15,1.26,4.8
5,Melbourne,Australian Open,1/24/2026,Grand Slam,Outdoor,Hard,3rd Round,3,Inglis M.,Osaka N.,168,17,418,2366,,,,,,,,,Walkover,7,1.1,,,7,1.12,6.54,1.1,8.4,1.13
5,Melbourne,Australian Open,1/24/2026,Grand Slam,Outdoor,Hard,3rd Round,3,Rybakina E.,Valentova T.,5,54,5850,1121,6,2,6,3,,,2,0,Completed,1.17,5,,,1.2,5,1.18,4.78,1.19,6
5,Melbourne,Australian Open,1/25/2026,Grand Slam,Outdoor,Hard,4th Round,3,Sabalenka A.,Mboko V.,1,16,10990,2447,6,1,7,6,,,2,0,Completed,1.14,5.5,,,1.17,5.75,1.16,5.22,1.18,6.2
5,Melbourne,Australian Open,1/25/2026,Grand Slam,Outdoor,Hard,4th Round,3,Jovic I.,Putintseva Y.,27,94,1671,799,6,0,6,1,,,2,0,Completed,1.29,3.75,,,1.44,4,1.29,3.59,1.29,4.3
5,Melbourne,Australian Open,1/25/2026,Grand Slam,Outdoor,Hard,4th Round,3,Gauff C.,Muchova K.,3,19,6423,2083,6,1,3,6,6,3,2,1,Completed,1.44,2.75,,,1.49,2.8,1.45,2.71,1.48,3
5,Melbourne,Australian Open,1/25/2026,Grand Slam,Outdoor,Hard,4th Round,3,Svitolina E.,Andreeva M.,12,7,2856,4731,6,2,6,4,,,2,0,Completed,2.5,1.53,,,2.7,1.57,2.53,1.51,2.72,1.57
5,Melbourne,Australian Open,1/26/2026,Grand Slam,Outdoor,Hard,4th Round,3,Pegula J.,Keys M.,6,9,5453,4111,6,3,6,4,,,2,0,Completed,1.62,2.3,,,1.65,2.5,1.59,2.33,1.63,2.58
5,Melbourne,Australian Open,1/26/2026,Grand Slam,Outdoor,Hard,4th Round,3,Anisimova A.,Wang Xin.,4,46,6320,1197,7,6,6,4,,,2,0,Completed,1.14,5.5,,,1.17,6.5,1.14,5.5,1.16,7
5,Melbourne,Australian Open,1/26/2026,Grand Slam,Outdoor,Hard,4th Round,3,Rybakina E.,Mertens E.,5,21,5850,1956,6,1,6,3,,,2,0,Completed,1.14,5.5,,,1.18,5.5,1.15,5.22,1.17,6.4
5,Melbourne,Australian Open,1/26/2026,Grand Slam,Outdoor,Hard,4th Round,3,Swiatek I.,Inglis M.,2,168,8328,418,6,0,6,3,,,2,0,Completed,1.01,23,,,1.02,23,1.01,16.77,1.02,34
5,Melbourne,Australian Open,1/27/2026,Grand Slam,Outdoor,Hard,Quarterfinals,3,Sabalenka A.,Jovic I.,1,27,10990,1671,6,3,6,0,,,2,0,Completed,1.14,5.5,,,1.16,6,1.14,5.41,1.17,6.8
5,Melbourne,Australian Open,1/27/2026,Grand Slam,Outdoor,Hard,Quarterfinals,3,Svitolina E.,Gauff C.,12,3,2856,6423,6,1,6,2,,,2,0,Completed,2.63,1.5,,,2.8,1.55,2.58,1.5,2.68,1.59
5,Melbourne,Australian Open,1/28/2026,Grand Slam,Outdoor,Hard,Quarterfinals,3,Rybakina E.,Swiatek I.,5,2,5850,8328,7,5,6,1,,,2,0,Completed,1.67,2.2,,,1.75,2.2,1.71,2.13,1.78,2.26
5,Melbourne,Australian Open,1/28/2026,Grand Slam,Outdoor,Hard,Quarterfinals,3,Pegula J.,Anisimova A.,6,4,5453,6320,6,2,7,6,,,2,0,Completed,2.1,1.73,,,2.1,1.83,2.05,1.76,2.24,1.8
5,Melbourne,Australian Open,1/29/2026,Grand Slam,Outdoor,Hard,Semifinals,3,Sabalenka A.,Svitolina E.,1,12,10990,2856,6,2,6,3,,,2,0,Completed,1.2,4.5,,,1.29,4.6,1.22,4.19,1.24,5
5,Melbourne,Australian Open,1/29/2026,Grand Slam,Outdoor,Hard,Semifinals,3,Rybakina E.,Pegula J.,5,6,5850,5453,6,3,7,6,,,2,0,Completed,1.44,2.75,,,1.48,2.95,1.43,2.77,1.47,3.1
5,Melbourne,Australian Open,1/31/2026,Grand Slam,Outdoor,Hard,The Final,3,Rybakina E.,Sabalenka A.,5,1,5850,10990,6,4,4,6,6,4,2,1,Completed,2.38,1.62,,,2.48,1.63,2.36,1.6,2.48,1.67
6,Abu Dhabi,Abu Dhabi WTA Women's Tennis Open,2/1/2026,WTA500,Outdoor,Hard,1st Round,3,Samsonova L.,Kenin S.,18,28,2062,1567,6,4,6,0,,,2,0,Completed,1.5,2.63,,,1.5,2.75,1.47,2.59,1.53,2.84
6,Abu Dhabi,Abu Dhabi WTA Women's Tennis Open,2/1/2026,WTA500,Outdoor,Hard,1st Round,3,Kessler M.,Pavlyuchenkova A.,32,100,1395,765,6,3,6,3,,,2,0,Completed,1.44,2.75,,,1.46,3,1.41,2.79,1.45,3.05
6,Abu Dhabi,Abu Dhabi WTA Women's Tennis Open,2/1/2026,WTA500,Outdoor,Hard,1st Round,3,Fernandez L.A.,Paquet C.,25,220,1701,323,6,0,6,3,,,2,0,Completed,1.17,5,,,1.17,19,1.16,7.5,,
6,Abu Dhabi,Abu Dhabi WTA Women's Tennis Open,2/1/2026,WTA500,Outdoor,Hard,1st Round,3,Baptiste H.,Kostovic T.,56,171,1071,416,4,6,6,3,6,4,2,1,Completed,1.25,4,,,1.3,4,1.28,3.6,1.32,3.95
6,Abu Dhabi,Abu Dhabi WTA Women's Tennis Open,2/2/2026,WTA500,Outdoor,Hard,1st Round,3,Bejlek S.,Krueger A.,101,55,753,1086,6,3,6,0,,,2,0,Completed,2.1,1.73,,,2.17,1.76,2.07,1.73,2.22,1.8
6,Abu Dhabi,Abu Dhabi WTA Women's Tennis Open,2/2/2026,WTA500,Outdoor,Hard,1st Round,3,Sasnovich A.,Badosa P.,109,65,710,966,6,4,3,6,6,1,2,1,Completed,3,1.4,,,3,1.47,2.86,1.39,3.05,1.47
6,Abu Dhabi,Abu Dhabi WTA Women's Tennis Open,2/2/2026,WTA500,Outdoor,Hard,1st Round,3,Kartal S.,Bucsa C.,61,57,1004,1069,6,3,7,6,,,2,0,Completed,1.4,3,,,1.42,3,1.4,2.84,1.43,3.2
6,Abu Dhabi,Abu Dhabi WTA Women's Tennis Open,2/2/2026,WTA500,Outdoor,Hard,1st Round,3,Waltert S.,Kasatkina D.,94,62,786,997,7,6,3,6,6,4,2,1,Completed,2.5,1.53,,,2.55,1.56,2.45,1.53,2.56,1.6
6,Abu Dhabi,Abu Dhabi WTA Women's Tennis Open,2/2/2026,WTA500,Outdoor,Hard,1st Round,3,Tjen J.,Joint M.,47,29,1139,1549,7,6,3,6,6,3,2,1,Completed,1.8,2,,,1.84,2.2,1.76,2.02,1.81,2.18
6,Abu Dhabi,Abu Dhabi WTA Women's Tennis Open,2/2/2026,WTA500,Outdoor,Hard,1st Round,3,Yastremska D.,Haddad Maia B.,43,68,1175,932,6,2,7,5,,,2,0,Completed,1.57,2.38,,,1.67,2.38,1.6,2.27,1.69,2.42
6,Abu Dhabi,Abu Dhabi WTA Women's Tennis Open,2/2/2026,WTA500,Outdoor,Hard,1st Round,3,Ostapenko J.,Selekhmeteva O.,24,76,1801,868,5,7,7,6,6,2,2,1,Completed,1.8,2,,,2.3,2,1.97,1.81,2.1,1.88
6,Abu Dhabi,Abu Dhabi WTA Women's Tennis Open,2/2/2026,WTA500,Outdoor,Hard,1st Round,3,Eala A.,Sonmez Z.,45,79,1163,854,6,4,6,3,,,2,0,Completed,2,1.8,,,2.1,2,1.99,1.79,2.2,1.82
6,Abu Dhabi,Abu Dhabi WTA Women's Tennis Open,2/3/2026,WTA500,Outdoor,Hard,2nd Round,3,Samsonova L.,Tjen J.,18,47,2062,1139,6,2,6,2,,,2,0,Completed,1.53,2.5,,,1.63,2.63,1.52,2.48,1.6,2.6
6,Abu Dhabi,Abu Dhabi WTA Women's Tennis Open,2/3/2026,WTA500,Outdoor,Hard,2nd Round,3,Kessler M.,Fernandez L.A.,32,25,1395,1701,6,3,6,2,,,2,0,Completed,2.1,1.73,,,2.25,1.73,2.13,1.69,2.4,1.7
6,Abu Dhabi,Abu Dhabi WTA Women's Tennis Open,2/3/2026,WTA500,Outdoor,Hard,2nd Round,3,Baptiste H.,Navarro E.,56,17,1071,2095,7,6,0,6,6,3,2,1,Completed,3,1.4,,,3,1.42,2.87,1.4,3.1,1.46
6,Abu Dhabi,Abu Dhabi WTA Women's Tennis Open,2/3/2026,WTA500,Outdoor,Hard,2nd Round,3,Tauson C.,Waltert S.,16,94,2345,786,6,3,6,1,,,2,0,Completed,1.29,3.75,,,1.44,3.8,1.31,3.4,1.31,4
6,Abu Dhabi,Abu Dhabi WTA Women's Tennis Open,2/4/2026,WTA500,Outdoor,Hard,2nd Round,3,Alexandrova E.,Yastremska D.,11,43,2983,1175,6,3,6,0,,,2,0,Completed,1.44,2.75,,,1.55,2.8,1.5,2.54,1.51,2.92
6,Abu Dhabi,Abu Dhabi WTA Women's Tennis Open,2/4/2026,WTA500,Outdoor,Hard,2nd Round,3,Bejlek S.,Ostapenko J.,101,24,753,1801,6,4,6,3,,,2,0,Completed,1.8,2,,,1.94,2.1,1.84,1.94,1.92,2.06
6,Abu Dhabi,Abu Dhabi WTA Women's Tennis Open,2/4/2026,WTA500,Outdoor,Hard,2nd Round,3,Kartal S.,Zarazua R.,61,92,1004,804,6,0,6,3,,,2,0,Completed,,,,,1.07,12.5,1.06,9.83,,
6,Abu Dhabi,Abu Dhabi WTA Women's Tennis Open,2/4/2026,WTA500,Outdoor,Hard,2nd Round,3,Eala A.,Sasnovich A.,45,109,1163,710,2,6,6,4,7,6,2,1,Completed,1.57,2.38,,,1.6,2.43,1.57,2.34,1.61,2.58
6,Abu Dhabi,Abu Dhabi WTA Women's Tennis Open,2/5/2026,WTA500,Outdoor,Hard,Quarterfinals,3,Tauson C.,Kessler M.,16,32,2345,1395,6,3,6,4,,,2,0,Completed,1.57,2.38,,,1.85,2.4,1.63,2.26,1.66,2.48
6,Abu Dhabi,Abu Dhabi WTA Women's Tennis Open,2/5/2026,WTA500,Outdoor,Hard,Quarterfinals,3,Bejlek S.,Kartal S.,101,61,753,1004,6,0,6,2,,,2,0,Completed,3.5,1.3,,,3.6,1.47,3.25,1.33,3.75,1.35
6,Abu Dhabi,Abu Dhabi WTA Women's Tennis Open,2/5/2026,WTA500,Outdoor,Hard,Quarterfinals,3,Alexandrova E.,Eala A.,11,45,2983,1163,6,3,6,3,,,2,0,Completed,1.29,3.75,,,1.3,3.85,1.29,3.6,1.32,4
6,Abu Dhabi,Abu Dhabi WTA Women's Tennis Open,2/5/2026,WTA500,Outdoor,Hard,Quarterfinals,3,Baptiste H.,Samsonova L.,56,18,1071,2062,6,2,4,6,6,4,2,1,Completed,3.2,1.36,,,3.5,1.4,3.06,1.36,3.35,1.41
6,Abu Dhabi,Abu Dhabi WTA Women's Tennis Open,2/6/2026,WTA500,Outdoor,Hard,Semifinals,3,Alexandrova E.,Baptiste H.,11,56,2983,1071,3,6,7,6,6,3,2,1,Completed,1.25,4,,,1.27,4,1.25,3.8,1.29,4.3
6,Abu Dhabi,Abu Dhabi WTA Women's Tennis Open,2/6/2026,WTA500,Outdoor,Hard,Semifinals,3,Bejlek S.,Tauson C.,101,16,753,2345,7,5,3,6,7,5,2,1,Completed,2.75,1.44,,,2.95,1.45,2.78,1.42,2.96,1.5
6,Abu Dhabi,Abu Dhabi WTA Women's Tennis Open,2/7/2026,WTA500,Outdoor,Hard,The Final,3,Bejlek S.,Alexandrova E.,101,11,753,2983,7,6,6,1,,,2,0,Completed,3,1.4,,,3,1.57,2.83,1.42,3.1,1.46
7,Cluj-Napoca,Transylvania Open,2/1/2026,WTA250,Indoor,Hard,1st Round,3,Yuan Y.,Ruzic A.,130,67,582,933,6,4,5,7,6,2,2,1,Completed,2.2,1.67,,,2.3,1.73,2.13,1.68,2.28,1.76
7,Cluj-Napoca,Transylvania Open,2/1/2026,WTA250,Indoor,Hard,1st Round,3,Sorribes Tormo S.,Tomova V.,478,143,113,518,6,2,7,5,,,2,0,Completed,2.63,1.5,,,3.1,1.53,2.56,1.49,2.74,1.55
7,Cluj-Napoca,Transylvania Open,2/1/2026,WTA250,Indoor,Hard,1st Round,3,Bondar A.,Seidel E.,64,83,973,837,4,6,7,6,6,0,2,1,Completed,1.73,2.1,,,1.83,2.1,1.79,1.98,1.93,2.04
7,Cluj-Napoca,Transylvania Open,2/1/2026,WTA250,Indoor,Hard,1st Round,3,Oliynykova O.,Sherif M.,91,106,805,720,6,7,6,4,6,4,2,1,Completed,1.53,2.5,,,1.57,2.5,1.54,2.42,1.62,2.58
7,Cluj-Napoca,Transylvania Open,2/2/2026,WTA250,Indoor,Hard,1st Round,3,Juvan K.,Bertea E.R.,97,295,778,215,6,3,6,4,,,2,0,Completed,1.2,4.5,,,1.2,5.25,1.17,4.69,1.2,5.7
7,Cluj-Napoca,Transylvania Open,2/2/2026,WTA250,Indoor,Hard,1st Round,3,Zakharova A.,Pliskova Ka.,107,416,719,146,4,6,6,2,6,2,2,1,Completed,2.63,1.5,,,2.88,1.55,2.63,1.46,2.86,1.52
7,Cluj-Napoca,Transylvania Open,2/2/2026,WTA250,Indoor,Hard,1st Round,3,Zidansek T.,Erjavec V.,153,103,467,735,6,1,6,4,,,2,0,Completed,1.53,2.5,,,1.6,2.54,1.54,2.4,1.6,2.6
7,Cluj-Napoca,Transylvania Open,2/2/2026,WTA250,Indoor,Hard,1st Round,3,Danilovic O.,Bulgaru M.,88,206,811,346,6,4,6,3,,,2,0,Completed,1.08,8,,,1.08,8.5,1.07,7.63,1.08,12
7,Cluj-Napoca,Transylvania Open,2/2/2026,WTA250,Indoor,Hard,1st Round,3,Chwalinska M.,Bogdan A.,146,538,493,97,6,3,6,2,,,2,0,Completed,1.14,5.5,,,1.2,5.5,1.17,4.87,1.21,5.6
7,Cluj-Napoca,Transylvania Open,2/2/2026,WTA250,Indoor,Hard,1st Round,3,Raducanu E.,Minnen G.,30,125,1547,599,6,0,6,4,,,2,0,Completed,1.3,3.5,,,1.33,3.55,1.31,3.37,1.36,3.7
7,Cluj-Napoca,Transylvania Open,2/2/2026,WTA250,Indoor,Hard,1st Round,3,Cirstea S.,Rakhimova K.,36,93,1303,802,6,4,6,4,,,2,0,Completed,1.4,3,,,1.42,3,1.4,2.86,1.44,3.15
7,Cluj-Napoca,Transylvania Open,2/3/2026,WTA250,Indoor,Hard,1st Round,3,Potapova A.,Bronzetti L.,58,110,1068,688,5,7,6,4,7,5,2,1,Completed,1.17,5,,,1.18,5.5,1.17,4.81,1.19,6
7,Cluj-Napoca,Transylvania Open,2/3/2026,WTA250,Indoor,Hard,1st Round,3,Wang Xin.,Quevedo K.,33,134,1356,553,6,3,6,0,,,2,0,Completed,1.2,4.5,,,1.22,5,1.2,4.37,1.22,5.2
7,Cluj-Napoca,Transylvania Open,2/3/2026,WTA250,Indoor,Hard,1st Round,3,Masarova R.,Ruse E.G.,114,72,649,892,6,1,4,6,6,2,2,1,Completed,3.75,1.29,,,4,1.33,3.7,1.26,4.2,1.29
7,Cluj-Napoca,Transylvania Open,2/3/2026,WTA250,Indoor,Hard,1st Round,3,Snigur D.,Rakotomanga Rajaonah T.,144,116,516,649,6,3,6,3,,,2,0,Completed,1.29,3.75,,,1.29,4.25,1.24,3.93,1.27,4.4
7,Cluj-Napoca,Transylvania Open,2/3/2026,WTA250,Indoor,Hard,1st Round,3,Cristian J.,Stefanini L.,35,140,1307,527,6,2,2,6,7,5,2,1,Completed,1.22,4.33,,,1.23,5,1.21,4.23,1.27,4.5
7,Cluj-Napoca,Transylvania Open,2/3/2026,WTA250,Indoor,Hard,2nd Round,3,Oliynykova O.,Bondar A.,91,64,805,973,6,4,6,4,,,2,0,Completed,2.5,1.53,,,3.1,1.53,2.51,1.5,2.54,1.64
7,Cluj-Napoca,Transylvania Open,2/3/2026,WTA250,Indoor,Hard,2nd Round,3,Yuan Y.,Sorribes Tormo S.,130,478,582,113,4,6,6,2,7,6,2,1,Completed,1.3,3.5,,,1.3,3.6,1.29,3.45,1.34,3.85
7,Cluj-Napoca,Transylvania Open,2/4/2026,WTA250,Indoor,Hard,2nd Round,3,Wang Xin.,Masarova R.,33,114,1356,649,6,4,6,2,,,2,0,Completed,1.2,4.5,,,1.25,4.5,1.22,4.04,1.26,4.7
7,Cluj-Napoca,Transylvania Open,2/4/2026,WTA250,Indoor,Hard,2nd Round,3,Potapova A.,Zakharova A.,58,107,1068,719,1,6,6,4,6,3,2,1,Completed,1.3,3.5,,,1.35,3.5,1.33,3.25,1.37,3.55
7,Cluj-Napoca,Transylvania Open,2/4/2026,WTA250,Indoor,Hard,2nd Round,3,Chwalinska M.,Danilovic O.,146,88,493,811,6,1,1,6,6,2,2,1,Completed,2.2,1.67,,,2.32,1.8,2.14,1.68,2.24,1.79
7,Cluj-Napoca,Transylvania Open,2/4/2026,WTA250,Indoor,Hard,2nd Round,3,Snigur D.,Cristian J.,144,35,516,1307,6,1,6,0,,,2,0,Completed,2.38,1.57,,,2.5,1.87,2.34,1.58,2.66,1.59
7,Cluj-Napoca,Transylvania Open,2/4/2026,WTA250,Indoor,Hard,2nd Round,3,Cirstea S.,Zidansek T.,36,153,1303,467,6,1,6,0,,,2,0,Completed,1.17,5,,,1.18,5.25,1.16,4.93,1.19,5.8
7,Cluj-Napoca,Transylvania Open,2/4/2026,WTA250,Indoor,Hard,2nd Round,3,Raducanu E.,Juvan K.,30,97,1547,778,7,5,6,1,,,2,0,Completed,1.22,4.33,,,1.3,4.33,1.28,3.61,1.28,4.3
7,Cluj-Napoca,Transylvania Open,2/5/2026,WTA250,Indoor,Hard,Quarterfinals,3,Oliynykova O.,Wang Xin.,91,33,805,1356,6,4,6,4,,,2,0,Completed,5.5,1.14,,,5.5,1.17,5.07,1.15,6.4,1.18
7,Cluj-Napoca,Transylvania Open,2/5/2026,WTA250,Indoor,Hard,Quarterfinals,3,Raducanu E.,Chwalinska M.,30,146,1547,493,6,0,6,4,,,2,0,Completed,1.22,4.33,,,1.25,4.5,1.21,4.23,1.25,4.8
7,Cluj-Napoca,Transylvania Open,2/5/2026,WTA250,Indoor,Hard,Quarterfinals,3,Cirstea S.,Potapova A.,36,58,1303,1068,7,5,6,4,,,2,0,Completed,1.44,2.75,,,1.45,3.5,1.42,2.8,1.5,2.96
7,Cluj-Napoca,Transylvania Open,2/5/2026,WTA250,Indoor,Hard,Quarterfinals,3,Snigur D.,Yuan Y.,144,130,516,582,4,6,6,0,7,5,2,1,Completed,1.5,2.63,,,1.52,2.75,1.49,2.56,1.58,2.68
7,Cluj-Napoca,Transylvania Open,2/6/2026,WTA250,Indoor,Hard,Semifinals,3,Raducanu E.,Oliynykova O.,30,91,1547,805,7,5,3,6,6,3,2,1,Completed,1.17,5,,,1.19,6,1.15,5.09,1.18,6.2
7,Cluj-Napoca,Transylvania Open,2/6/2026,WTA250,Indoor,Hard,Semifinals,3,Cirstea S.,Snigur D.,36,144,1303,516,6,0,6,3,,,2,0,Completed,1.33,3.4,,,1.36,3.5,1.34,3.17,1.37,3.6
7,Cluj-Napoca,Transylvania Open,2/7/2026,WTA250,Indoor,Hard,The Final,3,Cirstea S.,Raducanu E.,36,30,1303,1547,6,0,6,2,,,2,0,Completed,1.73,2.1,,,1.73,2.25,1.68,2.14,1.8,2.22
8,Ostrava,Ostrava Open,2/1/2026,WTA250,Indoor,Hard,1st Round,3,Avanesyan E.,Uchijima M.,169,87,421,822,6,3,2,6,6,3,2,1,Completed,2.75,1.44,,,2.75,1.6,2.51,1.51,2.6,1.6
8,Ostrava,Ostrava Open,2/1/2026,WTA250,Indoor,Hard,1st Round,3,Volynets K.,Klimovicova L.,96,131,783,569,6,2,6,1,,,2,0,Completed,2,1.8,,,2.02,1.85,1.98,1.8,2.06,1.92
8,Ostrava,Ostrava Open,2/1/2026,WTA250,Indoor,Hard,1st Round,3,Martincova T.,Galfi D.,459,90,120,806,2,6,6,3,7,5,2,1,Completed,3,1.4,,,3,1.45,2.83,1.41,2.86,1.51
8,Ostrava,Ostrava Open,2/1/2026,WTA250,Indoor,Hard,1st Round,3,Udvardy P.,Vidmanova D.,98,137,771,536,7,5,6,3,,,2,0,Completed,3.2,1.36,,,3.3,1.4,3.13,1.35,3.4,1.39
8,Ostrava,Ostrava Open,2/1/2026,WTA250,Indoor,Hard,1st Round,3,McNally C.,Lamens S.,71,105,896,720,6,3,7,5,,,2,0,Completed,1.29,3.75,,,1.32,3.75,1.3,3.5,1.35,3.7
8,Ostrava,Ostrava Open,2/2/2026,WTA250,Indoor,Hard,1st Round,3,Parry D.,Dodin O.,119,686,627,59,6,1,6,4,,,2,0,Completed,1.8,2,,,1.91,2.3,1.8,2,1.96,2
8,Ostrava,Ostrava Open,2/2/2026,WTA250,Indoor,Hard,1st Round,3,Parks A.,Grabher J.,85,78,830,859,7,6,6,2,,,2,0,Completed,1.36,3.2,,,1.4,3.5,1.35,3.14,1.41,3.35
8,Ostrava,Ostrava Open,2/2/2026,WTA250,Indoor,Hard,1st Round,3,Korpatsch T.,Siskova A.,124,255,600,274,6,4,6,4,,,2,0,Completed,1.57,2.38,,,1.67,2.65,1.6,2.3,1.7,2.38
8,Ostrava,Ostrava Open,2/2/2026,WTA250,Indoor,Hard,1st Round,3,Ferro F.,Fruhvirtova B.,281,1311,240,7,6,1,6,1,,,2,0,Completed,1.17,5,,,1.19,5.5,1.17,4.93,1.22,5.3
8,Ostrava,Ostrava Open,2/2/2026,WTA250,Indoor,Hard,1st Round,3,Bartunkova N.,Blinkova A.,108,75,712,868,6,4,6,4,,,2,0,Completed,1.53,2.5,,,1.55,2.63,1.51,2.48,1.59,2.68
8,Ostrava,Ostrava Open,2/2/2026,WTA250,Indoor,Hard,1st Round,3,Fruhvirtova L.,Barthel M.,121,215,618,333,7,6,6,4,,,2,0,Completed,1.62,2.3,,,1.67,2.6,1.57,2.36,1.58,2.7
8,Ostrava,Ostrava Open,2/3/2026,WTA250,Indoor,Hard,1st Round,3,Sramkova R.,Valdmannova V.,81,300,848,210,6,2,6,3,,,2,0,Completed,1.57,2.38,,,1.73,2.6,1.56,2.38,1.56,2.74
8,Ostrava,Ostrava Open,2/3/2026,WTA250,Indoor,Hard,1st Round,3,Boulter K.,Havlickova L.,120,276,624,244,6,4,3,6,6,1,2,1,Completed,1.67,2.2,,,1.67,2.3,1.62,2.25,1.75,2.3
8,Ostrava,Ostrava Open,2/3/2026,WTA250,Indoor,Hard,1st Round,3,Golubic V.,Kraus S.,89,104,810,727,6,4,6,0,,,2,0,Completed,1.36,3.2,,,1.38,3.5,1.35,3.07,1.39,3.5
8,Ostrava,Ostrava Open,2/3/2026,WTA250,Indoor,Hard,2nd Round,3,Volynets K.,Maria T.,96,54,783,1089,7,5,6,1,,,2,0,Completed,1.3,3.5,,,1.34,4,1.3,3.4,1.34,3.85
8,Ostrava,Ostrava Open,2/3/2026,WTA250,Indoor,Hard,2nd Round,3,McNally C.,Martincova T.,71,459,896,120,6,4,6,4,,,2,0,Completed,1.2,4.5,,,1.25,4.5,1.22,4.08,1.24,4.9
8,Ostrava,Ostrava Open,2/3/2026,WTA250,Indoor,Hard,2nd Round,3,Parks A.,Avanesyan E.,85,169,830,421,6,4,6,2,,,2,0,Completed,1.33,3.4,,,1.4,3.4,1.36,3.06,1.42,3.3
8,Ostrava,Ostrava Open,2/4/2026,WTA250,Indoor,Hard,2nd Round,3,Korpatsch T.,Arango E.,124,46,600,1142,6,3,6,4,,,2,0,Completed,1.53,2.5,,,1.54,2.9,1.5,2.53,1.59,2.66
8,Ostrava,Ostrava Open,2/4/2026,WTA250,Indoor,Hard,2nd Round,3,Boulter K.,Golubic V.,120,89,624,810,6,2,6,2,,,2,0,Completed,1.73,2.1,,,1.8,2.13,1.74,2.05,1.93,2.06
8,Ostrava,Ostrava Open,2/4/2026,WTA250,Indoor,Hard,2nd Round,3,Fruhvirtova L.,Sramkova R.,121,81,618,848,6,3,6,1,,,2,0,Completed,2.2,1.67,,,2.23,1.7,2.16,1.67,2.26,1.76
8,Ostrava,Ostrava Open,2/4/2026,WTA250,Indoor,Hard,2nd Round,3,Bartunkova N.,Ferro F.,108,281,712,240,6,4,3,6,6,1,2,1,Completed,1.36,3.2,,,1.47,3.2,1.39,2.92,1.4,3.4
8,Ostrava,Ostrava Open,2/4/2026,WTA250,Indoor,Hard,2nd Round,3,Parry D.,Udvardy P.,119,98,627,771,6,1,6,2,,,2,0,Completed,1.5,2.63,,,1.55,2.7,1.5,2.54,1.54,2.8
8,Ostrava,Ostrava Open,2/5/2026,WTA250,Indoor,Hard,Quarterfinals,3,Volynets K.,Parks A.,96,85,783,830,5,7,6,4,6,2,2,1,Completed,2.1,1.73,,,2.1,2.1,2.03,1.76,2.26,1.77
8,Ostrava,Ostrava Open,2/5/2026,WTA250,Indoor,Hard,Quarterfinals,3,Boulter K.,Fruhvirtova L.,120,121,624,618,6,3,6,2,,,2,0,Completed,1.67,2.2,,,1.67,2.42,1.62,2.28,1.76,2.28
8,Ostrava,Ostrava Open,2/5/2026,WTA250,Indoor,Hard,Quarterfinals,3,Parry D.,Bartunkova N.,119,108,627,712,6,1,6,3,,,2,0,Completed,2.63,1.5,,,2.63,1.57,2.5,1.51,2.92,1.51
8,Ostrava,Ostrava Open,2/5/2026,WTA250,Indoor,Hard,Quarterfinals,3,Korpatsch T.,McNally C.,124,71,600,896,6,4,6,2,,,2,0,Completed,3.75,1.29,,,4.33,1.3,3.63,1.28,4,1.3
8,Ostrava,Ostrava Open,2/6/2026,WTA250,Indoor,Hard,Semifinals,3,Boulter K.,Volynets K.,120,96,624,783,6,1,6,3,,,2,0,Completed,1.57,2.38,,,1.65,2.38,1.61,2.26,1.75,2.3
8,Ostrava,Ostrava Open,2/6/2026,WTA250,Indoor,Hard,Semifinals,3,Korpatsch T.,Parry D.,124,119,600,627,6,4,6,4,,,2,0,Completed,2.38,1.57,,,2.38,1.62,2.29,1.59,2.38,1.72
8,Ostrava,Ostrava Open,2/7/2026,WTA250,Indoor,Hard,The Final,3,Boulter K.,Korpatsch T.,120,124,624,600,5,7,6,2,6,1,2,1,Completed,1.5,2.63,,,1.5,2.75,1.46,2.66,1.53,2.84
9,Doha,Qatar Open,2/8/2026,WTA1000,Outdoor,Hard,1st Round,3,Frech M.,Samsonova L.,59,17,1033,2116,6,3,4,6,7,6,2,1,Completed,3,1.4,,,3,1.4,2.94,1.37,3.2,1.44
9,Doha,Qatar Open,2/8/2026,WTA1000,Outdoor,Hard,1st Round,3,Zvonareva V.,Stearns P.,580,55,83,1078,2,6,6,2,6,3,2,1,Completed,2.5,1.53,,,2.65,1.57,2.45,1.52,2.6,1.61
9,Doha,Qatar Open,2/8/2026,WTA1000,Outdoor,Hard,1st Round,3,Gracheva V.,Siegemund L.,73,51,887,1111,7,6,6,4,,,2,0,Completed,1.44,2.75,,,1.47,2.8,1.43,2.73,1.5,2.9
9,Doha,Qatar Open,2/8/2026,WTA1000,Outdoor,Hard,1st Round,3,Mertens E.,Pavlyuchenkova A.,22,110,1936,706,6,2,6,1,,,2,0,Completed,1.2,4.5,,,1.23,4.5,1.21,4.16,1.24,4.9
9,Doha,Qatar Open,2/8/2026,WTA1000,Outdoor,Hard,1st Round,3,Parks A.,Shnaider D.,77,21,872,1953,1,6,6,4,7,6,2,1,Completed,3.5,1.3,,,3.5,1.33,3.39,1.3,3.8,1.34
9,Doha,Qatar Open,2/8/2026,WTA1000,Outdoor,Hard,1st Round,3,Cocciaretto E.,Jacquemot E.,57,60,1063,1031,7,6,6,2,,,2,0,Completed,1.5,2.63,,,1.53,2.75,1.48,2.64,1.51,2.68
9,Doha,Qatar Open,2/8/2026,WTA1000,Outdoor,Hard,1st Round,3,Li A.,Fernandez L.A.,41,27,1243,1653,6,4,6,3,,,2,0,Completed,2.3,1.62,,,2.3,1.67,2.21,1.64,2.34,1.72
9,Doha,Qatar Open,2/8/2026,WTA1000,Outdoor,Hard,1st Round,3,Linette M.,Kartal S.,47,50,1179,1112,6,4,3,6,6,3,2,1,Completed,2.75,1.44,,,3,1.45,2.78,1.42,3,1.49
9,Doha,Qatar Open,2/8/2026,WTA1000,Outdoor,Hard,1st Round,3,Mboko V.,Bouzkova M.,13,37,2606,1285,7,5,6,2,,,2,0,Completed,1.44,2.75,,,1.5,2.75,1.45,2.66,1.51,2.92
9,Doha,Qatar Open,2/8/2026,WTA1000,Outdoor,Hard,1st Round,3,Pliskova Ka.,Sierra S.,418,62,147,987,6,1,6,2,,,2,0,Completed,1.8,2,,,1.82,2.15,1.76,2.03,1.84,2.14
9,Doha,Qatar Open,2/8/2026,WTA1000,Outdoor,Hard,1st Round,3,Kasatkina D.,Uchijima M.,61,88,997,810,4,6,6,3,6,0,2,1,Completed,1.5,2.63,,,1.53,3.8,1.46,2.73,1.57,2.68
9,Doha,Qatar Open,2/8/2026,WTA1000,Outdoor,Hard,1st Round,3,Muchova K.,Cristian J.,19,36,2058,1307,6,2,6,3,,,2,0,Completed,1.17,5,,,1.19,5.25,1.17,4.68,1.21,5.4
9,Doha,Qatar Open,2/9/2026,WTA1000,Outdoor,Hard,1st Round,3,Noskova L.,Joint M.,12,30,2626,1549,6,4,6,0,,,2,0,Completed,1.44,2.75,,,1.5,3.1,1.41,2.8,1.49,3
9,Doha,Qatar Open,2/9/2026,WTA1000,Outdoor,Hard,1st Round,3,Yastremska D.,Bucsa C.,42,56,1225,1069,6,4,4,6,7,6,2,1,Completed,1.67,2.2,,,1.67,2.63,1.63,2.24,1.72,2.36
9,Doha,Qatar Open,2/9/2026,WTA1000,Outdoor,Hard,1st Round,3,Wang Xin.,Arango E.,33,49,1383,1142,6,1,7,5,,,2,0,Completed,1.17,5,,,1.18,5.6,1.15,5.21,1.22,5.5
9,Doha,Qatar Open,2/9/2026,WTA1000,Outdoor,Hard,1st Round,3,Siniakova K.,Tauson C.,44,14,1207,2530,6,4,6,1,,,2,0,Completed,2.1,1.73,,,2.25,1.8,2.14,1.68,2.24,1.79
9,Doha,Qatar Open,2/9/2026,WTA1000,Outdoor,Hard,1st Round,3,Valentova T.,Eala A.,48,40,1175,1244,7,6,6,1,,,2,0,Completed,1.44,2.75,,,1.54,2.75,1.47,2.61,1.51,2.92
9,Doha,Qatar Open,2/9/2026,WTA1000,Outdoor,Hard,1st Round,3,Navarro E.,Maria T.,18,54,2095,1089,7,5,6,1,,,2,0,Completed,1.1,7,,,1.13,7.5,1.11,6.33,1.12,8.6
9,Doha,Qatar Open,2/9/2026,WTA1000,Outdoor,Hard,1st Round,3,Zheng Q.,Kenin S.,26,29,1658,1567,4,6,6,1,6,2,2,1,Completed,1.44,2.75,,,1.45,2.88,1.43,2.75,1.5,2.96
9,Doha,Qatar Open,2/9/2026,WTA1000,Outdoor,Hard,1st Round,3,Ostapenko J.,Zakharova A.,24,105,1860,737,6,7,6,3,6,4,2,1,Completed,1.8,2,,,1.8,2.35,1.7,2.12,1.87,2.12
9,Doha,Qatar Open,2/9/2026,WTA1000,Outdoor,Hard,1st Round,3,Sakkari M.,Sonmez Z.,52,85,1110,843,6,1,6,3,,,2,0,Completed,1.67,2.2,,,1.73,2.23,1.68,2.14,1.76,2.26
9,Doha,Qatar Open,2/9/2026,WTA1000,Outdoor,Hard,1st Round,3,Kalinskaya A.,Bouzas Maneiro J.,28,45,1575,1202,6,2,6,1,,,2,0,Completed,1.3,3.5,,,1.33,3.66,1.3,3.41,1.33,3.9
9,Doha,Qatar Open,2/9/2026,WTA1000,Outdoor,Hard,1st Round,3,Osorio M.,Raducanu E.,80,25,851,1700,2,6,6,4,2,0,1,1,Retired,1.91,1.91,,,1.91,1.95,1.87,1.9,1.95,2.02
9,Doha,Qatar Open,2/9/2026,WTA1000,Outdoor,Hard,1st Round,3,Tjen J.,Haddad Maia B.,46,67,1185,932,6,0,6,1,,,2,0,Completed,1.8,2,,,1.81,4,1.69,2.31,1.86,2.12
9,Doha,Qatar Open,2/9/2026,WTA1000,Outdoor,Hard,2nd Round,3,Pliskova Ka.,Anisimova A.,418,4,147,6680,5,7,7,6,4,1,1,1,Retired,6,1.13,,,6.5,1.14,5.75,1.13,6.8,1.16
9,Doha,Qatar Open,2/9/2026,WTA1000,Outdoor,Hard,2nd Round,3,Andreeva M.,Linette M.,7,47,4731,1179,7,6,6,1,,,2,0,Completed,1.13,6,,,1.14,7.5,1.12,5.83,1.16,6.8
9,Doha,Qatar Open,2/10/2026,WTA1000,Outdoor,Hard,2nd Round,3,Kasatkina D.,Mertens E.,61,22,997,1936,6,4,6,0,,,2,0,Completed,3.75,1.29,,,3.75,1.3,3.58,1.28,3.85,1.34
9,Doha,Qatar Open,2/10/2026,WTA1000,Outdoor,Hard,2nd Round,3,Li A.,Frech M.,41,59,1243,1033,6,3,6,4,,,2,0,Completed,1.53,2.5,,,1.6,2.55,1.53,2.46,1.64,2.54
9,Doha,Qatar Open,2/10/2026,WTA1000,Outdoor,Hard,2nd Round,3,Sakkari M.,Paolini J.,52,8,1110,4267,6,4,6,2,,,2,0,Completed,2.5,1.53,,,2.5,1.6,2.4,1.54,2.56,1.63
9,Doha,Qatar Open,2/10/2026,WTA1000,Outdoor,Hard,2nd Round,3,Ostapenko J.,Alexandrova E.,24,10,1860,3200,6,4,6,2,,,2,0,Completed,3,1.4,,,3.33,1.42,2.97,1.39,3.25,1.43
9,Doha,Qatar Open,2/10/2026,WTA1000,Outdoor,Hard,2nd Round,3,Cocciaretto E.,Gauff C.,57,5,1063,6423,6,4,6,2,,,2,0,Completed,9,1.07,,,9,1.1,7.69,1.08,10,1.1
9,Doha,Qatar Open,2/10/2026,WTA1000,Outdoor,Hard,2nd Round,3,Mboko V.,Zvonareva V.,13,580,2606,83,6,4,6,4,,,2,0,Completed,1.11,6.5,,,1.14,7,1.11,6.16,1.14,7.6
9,Doha,Qatar Open,2/10/2026,WTA1000,Outdoor,Hard,2nd Round,3,Gracheva V.,Noskova L.,73,12,887,2626,6,2,2,6,7,5,2,1,Completed,3.2,1.36,,,3.5,1.36,3.18,1.34,3.55,1.38
9,Doha,Qatar Open,2/10/2026,WTA1000,Outdoor,Hard,2nd Round,3,Svitolina E.,Yastremska D.,9,42,3205,1225,6,1,6,4,,,2,0,Completed,1.22,4.33,,,1.29,5.5,1.22,4.19,1.26,4.7
9,Doha,Qatar Open,2/10/2026,WTA1000,Outdoor,Hard,2nd Round,3,Swiatek I.,Tjen J.,2,46,7978,1185,6,0,6,3,,,2,0,Completed,1.05,11,,,1.08,11,1.06,8.92,1.09,11.5
9,Doha,Qatar Open,2/10/2026,WTA1000,Outdoor,Hard,2nd Round,3,Osorio M.,Siniakova K.,80,44,851,1207,6,2,5,7,6,3,2,1,Completed,2.3,1.62,,,2.3,1.68,2.23,1.63,2.4,1.69
9,Doha,Qatar Open,2/10/2026,WTA1000,Outdoor,Hard,2nd Round,3,Muchova K.,Valentova T.,19,48,2058,1175,6,1,6,4,,,2,0,Completed,1.44,2.75,,,1.57,2.8,1.46,2.69,1.48,3
9,Doha,Qatar Open,2/10/2026,WTA1000,Outdoor,Hard,2nd Round,3,Zheng Q.,Parks A.,26,77,1658,872,7,6,3,6,6,2,2,1,Completed,1.36,3.2,,,1.36,3.5,1.34,3.17,1.38,3.55
9,Doha,Qatar Open,2/10/2026,WTA1000,Outdoor,Hard,2nd Round,3,Rybakina E.,Wang Xin.,3,33,7523,1383,6,2,6,4,,,2,0,Completed,1.14,5.5,,,1.17,5.7,1.14,5.41,1.17,6.4
9,Doha,Qatar Open,2/10/2026,WTA1000,Outdoor,Hard,2nd Round,3,Kalinskaya A.,Navarro E.,28,18,1575,2095,7,5,2,6,6,2,2,1,Completed,1.53,2.5,,,1.6,2.6,1.54,2.44,1.62,2.56
9,Doha,Qatar Open,2/11/2026,WTA1000,Outdoor,Hard,3rd Round,3,Sakkari M.,Gracheva V.,52,73,1110,887,7,6,6,0,,,2,0,Completed,1.44,2.75,,,1.57,2.75,1.49,2.59,1.53,2.84
9,Doha,Qatar Open,2/11/2026,WTA1000,Outdoor,Hard,3rd Round,3,Cocciaretto E.,Li A.,57,41,1063,1243,7,6,5,7,6,4,2,1,Completed,2.1,1.73,,,2.3,1.73,2.12,1.68,2.3,1.75
9,Doha,Qatar Open,2/11/2026,WTA1000,Outdoor,Hard,3rd Round,3,Mboko V.,Andreeva M.,13,7,2606,4731,6,3,3,6,7,6,2,1,Completed,2.5,1.53,,,2.63,2.1,2.46,1.56,2.72,1.57
9,Doha,Qatar Open,2/11/2026,WTA1000,Outdoor,Hard,3rd Round,3,Ostapenko J.,Osorio M.,24,80,1860,851,6,3,6,1,,,2,0,Completed,1.73,2.1,,,2.75,2.13,1.86,1.97,1.89,2.1
9,Doha,Qatar Open,2/11/2026,WTA1000,Outdoor,Hard,3rd Round,3,Swiatek I.,Kasatkina D.,2,61,7978,997,5,7,6,1,6,1,2,1,Completed,1.03,15,,,1.05,15,1.04,11.12,1.05,17.5
9,Doha,Qatar Open,2/11/2026,WTA1000,Outdoor,Hard,3rd Round,3,Muchova K.,Pliskova Ka.,19,418,2058,147,5,2,,,,,0,0,Retired,1.22,4.33,,,1.23,5.5,1.2,4.47,1.23,5.2
9,Doha,Qatar Open,2/11/2026,WTA1000,Outdoor,Hard,3rd Round,3,Rybakina E.,Zheng Q.,3,26,7523,1658,4,6,6,2,7,5,2,1,Completed,1.17,5,,,1.17,5.6,1.15,5.28,1.17,6.4
9,Doha,Qatar Open,2/11/2026,WTA1000,Outdoor,Hard,3rd Round,3,Kalinskaya A.,Svitolina E.,28,9,1575,3205,6,4,6,3,,,2,0,Completed,3,1.4,,,3.3,1.4,3.12,1.35,3.3,1.42
9,Doha,Qatar Open,2/12/2026,WTA1000,Outdoor,Hard,Quarterfinals,3,Ostapenko J.,Cocciaretto E.,24,57,1860,1063,7,5,6,4,,,2,0,Completed,1.53,2.5,,,1.54,2.6,1.52,2.5,1.59,2.66
9,Doha,Qatar Open,2/12/2026,WTA1000,Outdoor,Hard,Quarterfinals,3,Sakkari M.,Swiatek I.,52,2,1110,7978,2,6,6,4,7,5,2,1,Completed,7,1.1,,,7.5,1.11,6.74,1.09,7.2,1.15
9,Doha,Qatar Open,2/12/2026,WTA1000,Outdoor,Hard,Quarterfinals,3,Mboko V.,Rybakina E.,13,3,2606,7523,7,5,4,6,6,4,2,1,Completed,3.5,1.3,,,3.75,1.33,3.39,1.31,3.8,1.35
9,Doha,Qatar Open,2/12/2026,WTA1000,Outdoor,Hard,Quarterfinals,3,Muchova K.,Kalinskaya A.,19,28,2058,1575,6,3,6,4,,,2,0,Completed,1.62,2.3,,,1.62,2.63,1.57,2.38,1.6,2.62
9,Doha,Qatar Open,2/13/2026,WTA1000,Outdoor,Hard,Semifinals,3,Mboko V.,Ostapenko J.,13,24,2606,1860,6,3,6,2,,,2,0,Completed,1.44,2.75,,,1.47,2.95,1.44,2.73,1.52,2.86
9,Doha,Qatar Open,2/13/2026,WTA1000,Outdoor,Hard,Semifinals,3,Muchova K.,Sakkari M.,19,52,2058,1110,3,6,6,4,6,1,2,1,Completed,1.36,3.2,,,1.37,3.3,1.35,3.12,1.43,3.2
9,Doha,Qatar Open,2/14/2026,WTA1000,Outdoor,Hard,The Final,3,Muchova K.,Mboko V.,19,13,2058,2606,6,4,7,5,,,2,0,Completed,2,1.8,,,2.07,1.81,2.01,1.77,2.14,1.86
10,Dubai,Dubai Duty Free Tennis Championships,2/15/2026,WTA1000,Outdoor,Hard,1st Round,3,Tjen J.,Yastremska D.,46,44,1236,1265,6,4,6,1,,,2,0,Completed,2,1.8,,,2,1.87,1.95,1.82,2.06,1.91
10,Dubai,Dubai Duty Free Tennis Championships,2/15/2026,WTA1000,Outdoor,Hard,1st Round,3,Noskova L.,Li A.,14,36,2571,1333,6,3,5,7,6,4,2,1,Completed,1.44,2.75,,,1.45,3.25,1.42,2.8,1.47,3.1
10,Dubai,Dubai Duty Free Tennis Championships,2/15/2026,WTA1000,Outdoor,Hard,1st Round,3,Stearns P.,Frech M.,58,55,1023,1053,6,4,6,2,,,2,0,Completed,2,1.8,,,2.1,16,1.81,3.5,2.06,1.6
10,Dubai,Dubai Duty Free Tennis Championships,2/15/2026,WTA1000,Outdoor,Hard,1st Round,3,Birrell K.,Maria T.,94,54,789,1079,6,4,3,6,7,5,2,1,Completed,1.25,4,,,1.3,4,1.27,3.66,1.28,4.3
10,Dubai,Dubai Duty Free Tennis Championships,2/15/2026,WTA1000,Outdoor,Hard,1st Round,3,Mertens E.,Bouzkova M.,22,38,1881,1317,6,2,6,2,,,2,0,Completed,1.62,2.3,,,1.73,2.38,1.66,2.18,1.78,2.28
10,Dubai,Dubai Duty Free Tennis Championships,2/15/2026,WTA1000,Outdoor,Hard,1st Round,3,Krejcikova B.,Pavlyuchenkova A.,53,110,1091,716,6,4,6,4,,,2,0,Completed,1.33,3.4,,,1.4,3.5,1.34,3.23,1.33,3.9
10,Dubai,Dubai Duty Free Tennis Championships,2/15/2026,WTA1000,Outdoor,Hard,1st Round,3,Fernandez L.A.,Samsonova L.,29,18,1543,2105,5,7,7,5,6,3,2,1,Completed,2.1,1.73,,,2.3,1.78,2.11,1.71,2.2,1.81
10,Dubai,Dubai Duty Free Tennis Championships,2/15/2026,WTA1000,Outdoor,Hard,1st Round,3,Seidel E.,Bucsa C.,95,63,785,984,6,1,6,4,,,2,0,Completed,2.2,1.67,,,2.3,1.68,2.18,1.66,2.34,1.72
10,Dubai,Dubai Duty Free Tennis Championships,2/15/2026,WTA1000,Outdoor,Hard,1st Round,3,Shnaider D.,Joint M.,21,28,1953,1549,6,4,6,1,,,2,0,Completed,1.4,3,,,1.4,3.15,1.37,3,1.45,3.2
10,Dubai,Dubai Duty Free Tennis Championships,2/15/2026,WTA1000,Outdoor,Hard,1st Round,3,Linette M.,Sun L.,50,98,1124,780,4,6,6,4,6,1,2,1,Completed,1.57,2.38,,,1.67,2.45,1.57,2.36,1.63,2.58
10,Dubai,Dubai Duty Free Tennis Championships,2/15/2026,WTA1000,Outdoor,Hard,1st Round,3,Eala A.,Baptiste H.,47,45,1227,1264,6,4,0,1,,,1,0,Retired,1.8,2,,,1.81,2.1,1.77,2.02,1.81,2.2
10,Dubai,Dubai Duty Free Tennis Championships,2/15/2026,WTA1000,Outdoor,Hard,1st Round,3,Bejlek S.,Sonmez Z.,41,84,1277,843,6,2,6,2,,,2,0,Completed,1.44,2.75,,,1.5,3.25,1.45,2.67,1.54,2.8
10,Dubai,Dubai Duty Free Tennis Championships,2/16/2026,WTA1000,Outdoor,Hard,1st Round,3,Jovic I.,Rakhimova K.,20,91,2008,802,6,1,1,6,6,1,2,1,Completed,1.22,4.33,,,1.25,4.33,1.22,4.18,1.22,5.3
10,Dubai,Dubai Duty Free Tennis Championships,2/16/2026,WTA1000,Outdoor,Hard,1st Round,3,Navarro E.,Ruse E.G.,19,80,2100,864,6,4,7,5,,,2,0,Completed,1.5,2.63,,,1.55,3,1.47,2.61,1.53,2.84
10,Dubai,Dubai Duty Free Tennis Championships,2/16/2026,WTA1000,Outdoor,Hard,1st Round,3,Gracheva V.,Sramkova R.,60,103,1007,758,7,5,1,6,6,4,2,1,Completed,1.73,2.1,,,1.73,2.2,1.7,2.1,1.78,2.26
10,Dubai,Dubai Duty Free Tennis Championships,2/16/2026,WTA1000,Outdoor,Hard,1st Round,3,Cirstea S.,Sasnovich A.,32,113,1439,673,6,3,7,6,,,2,0,Completed,1.33,3.4,,,1.36,3.4,1.34,3.19,1.38,3.5
10,Dubai,Dubai Duty Free Tennis Championships,2/16/2026,WTA1000,Outdoor,Hard,1st Round,3,Tauson C.,Kenin S.,15,30,2530,1472,7,6,6,2,,,2,0,Completed,1.25,4,,,1.3,4.33,1.27,3.66,1.31,4.1
10,Dubai,Dubai Duty Free Tennis Championships,2/16/2026,WTA1000,Outdoor,Hard,1st Round,3,Kasatkina D.,Siegemund L.,61,52,997,1101,6,2,6,3,,,2,0,Completed,1.4,3,,,1.41,3.2,1.39,2.96,1.44,3.15
10,Dubai,Dubai Duty Free Tennis Championships,2/16/2026,WTA1000,Outdoor,Hard,1st Round,3,Bencic B.,Bouzas Maneiro J.,13,48,2843,1202,2,6,6,1,6,2,2,1,Completed,1.17,5,,,1.2,5.5,1.16,5.01,1.18,6.2
10,Dubai,Dubai Duty Free Tennis Championships,2/16/2026,WTA1000,Outdoor,Hard,1st Round,3,Zakharova A.,Uchijima M.,104,90,754,810,6,2,6,4,,,2,0,Completed,2,1.8,,,2,2.5,1.86,1.94,2.06,1.91
10,Dubai,Dubai Duty Free Tennis Championships,2/16/2026,WTA1000,Outdoor,Hard,1st Round,3,Kalinskaya A.,Ostapenko J.,23,27,1780,1600,2,6,6,1,6,4,2,1,Completed,1.44,2.75,,,1.48,2.88,1.44,2.71,1.48,3
10,Dubai,Dubai Duty Free Tennis Championships,2/16/2026,WTA1000,Outdoor,Hard,1st Round,3,Ruzic A.,Raducanu E.,67,25,933,1700,6,1,5,7,6,2,2,1,Completed,4,1.25,,,4,1.29,3.72,1.26,4.2,1.3
10,Dubai,Dubai Duty Free Tennis Championships,2/16/2026,WTA1000,Outdoor,Hard,1st Round,3,Badosa P.,Siniakova K.,70,42,901,1272,6,3,7,5,,,2,0,Completed,2,1.8,,,2.05,1.83,1.99,1.78,2.12,1.88
10,Dubai,Dubai Duty Free Tennis Championships,2/16/2026,WTA1000,Outdoor,Hard,1st Round,3,Cristian J.,Marcinko P.,39,69,1307,912,6,1,6,1,,,2,0,Completed,1.62,2.3,,,1.75,2.3,1.71,2.11,1.76,2.28
10,Dubai,Dubai Duty Free Tennis Championships,2/16/2026,WTA1000,Outdoor,Hard,2nd Round,3,Tjen J.,Fernandez L.A.,46,29,1236,1543,7,6,6,4,,,2,0,Completed,2.1,1.73,,,2.17,1.83,2.05,1.74,2.2,1.81
10,Dubai,Dubai Duty Free Tennis Championships,2/16/2026,WTA1000,Outdoor,Hard,2nd Round,3,Anisimova A.,Krejcikova B.,6,53,5690,1091,,,,,,,,,Walkover,1.4,3,,,1.42,3,1.4,2.87,1.4,3.4
10,Dubai,Dubai Duty Free Tennis Championships,2/17/2026,WTA1000,Outdoor,Hard,2nd Round,3,Tauson C.,Stearns P.,15,58,2530,1023,6,2,6,4,,,2,0,Completed,1.4,3,,,1.41,3.15,1.39,2.94,1.43,3.25
10,Dubai,Dubai Duty Free Tennis Championships,2/17/2026,WTA1000,Outdoor,Hard,2nd Round,3,Linette M.,Alexandrova E.,50,12,1124,2918,6,2,4,6,6,1,2,1,Completed,3.2,1.36,,,3.2,1.4,2.94,1.38,3.5,1.39
10,Dubai,Dubai Duty Free Tennis Championships,2/17/2026,WTA1000,Outdoor,Hard,2nd Round,3,Pegula J.,Gracheva V.,5,60,5888,1007,6,4,6,0,,,2,0,Completed,1.11,6.5,,,1.15,6.5,1.12,5.75,1.14,7.6
10,Dubai,Dubai Duty Free Tennis Championships,2/17/2026,WTA1000,Outdoor,Hard,2nd Round,3,Andreeva M.,Kasatkina D.,7,61,4786,997,,,,,,,,,Walkover,1.17,5,,,1.19,5.25,1.17,4.75,1.21,5.6
10,Dubai,Dubai Duty Free Tennis Championships,2/17/2026,WTA1000,Outdoor,Hard,2nd Round,3,Jovic I.,Shnaider D.,20,21,2008,1953,6,4,1,6,6,0,2,1,Completed,1.73,2.1,,,1.75,2.25,1.68,2.15,1.7,2.38
10,Dubai,Dubai Duty Free Tennis Championships,2/17/2026,WTA1000,Outdoor,Hard,2nd Round,3,Bencic B.,Bejlek S.,13,41,2843,1277,,,,,,,,,Walkover,1.44,2.75,,,1.5,2.8,1.46,2.64,1.54,2.82
10,Dubai,Dubai Duty Free Tennis Championships,2/17/2026,WTA1000,Outdoor,Hard,2nd Round,3,Mertens E.,Navarro E.,22,19,1881,2100,6,2,6,2,,,2,0,Completed,1.67,2.2,,,1.67,2.3,1.63,2.22,1.69,2.44
10,Dubai,Dubai Duty Free Tennis Championships,2/17/2026,WTA1000,Outdoor,Hard,2nd Round,3,Cristian J.,Seidel E.,39,95,1307,785,6,0,,,,,1,0,Retired,1.67,2.2,,,1.7,2.3,1.66,2.16,1.75,2.32
10,Dubai,Dubai Duty Free Tennis Championships,2/17/2026,WTA1000,Outdoor,Hard,2nd Round,3,Ruzic A.,Zakharova A.,67,104,933,754,6,1,6,7,6,1,2,1,Completed,1.91,1.91,,,1.91,2,1.84,1.94,1.96,2.02
10,Dubai,Dubai Duty Free Tennis Championships,2/17/2026,WTA1000,Outdoor,Hard,2nd Round,3,Gauff C.,Kalinskaya A.,4,23,6423,1780,6,4,6,4,,,2,0,Completed,1.53,2.5,,,1.56,2.63,1.51,2.52,1.59,2.64
10,Dubai,Dubai Duty Free Tennis Championships,2/17/2026,WTA1000,Outdoor,Hard,2nd Round,3,Svitolina E.,Badosa P.,9,70,3260,901,6,4,,,,,1,0,Retired,1.36,3.2,,,1.42,3.25,1.37,2.99,1.4,3.4
10,Dubai,Dubai Duty Free Tennis Championships,2/17/2026,WTA1000,Outdoor,Hard,2nd Round,3,Cirstea S.,Noskova L.,32,14,1439,2571,6,1,6,4,,,2,0,Completed,1.67,2.2,,,1.68,2.75,1.63,2.28,1.71,2.38
10,Dubai,Dubai Duty Free Tennis Championships,2/17/2026,WTA1000,Outdoor,Hard,2nd Round,3,Rybakina E.,Birrell K.,3,94,7523,789,6,1,6,2,,,2,0,Completed,1.03,15,,,1.04,17,1.03,12.64,1.04,21
10,Dubai,Dubai Duty Free Tennis Championships,2/17/2026,WTA1000,Outdoor,Hard,2nd Round,3,Eala A.,Paolini J.,47,8,1227,4157,6,1,7,6,,,2,0,Completed,2.75,1.44,,,2.9,1.45,2.73,1.44,2.96,1.5
10,Dubai,Dubai Duty Free Tennis Championships,2/18/2026,WTA1000,Outdoor,Hard,3rd Round,3,Anisimova A.,Tjen J.,6,46,5690,1236,6,1,6,3,,,2,0,Completed,1.2,4.5,,,1.25,4.6,1.2,4.34,1.24,4.8
10,Dubai,Dubai Duty Free Tennis Championships,2/18/2026,WTA1000,Outdoor,Hard,3rd Round,3,Tauson C.,Linette M.,15,50,2530,1124,6,4,6,2,,,2,0,Completed,1.4,3,,,1.4,3.2,1.36,3.03,1.38,3.6
10,Dubai,Dubai Duty Free Tennis Championships,2/18/2026,WTA1000,Outdoor,Hard,3rd Round,3,Andreeva M.,Cristian J.,7,39,4786,1307,7,5,6,3,,,2,0,Completed,1.11,6.5,,,1.13,6.75,1.12,6.13,1.15,7.4
10,Dubai,Dubai Duty Free Tennis Championships,2/18/2026,WTA1000,Outdoor,Hard,3rd Round,3,Pegula J.,Jovic I.,5,20,5888,2008,6,4,6,2,,,2,0,Completed,1.4,3,,,1.4,3.15,1.38,2.96,1.44,3.2
10,Dubai,Dubai Duty Free Tennis Championships,2/18/2026,WTA1000,Outdoor,Hard,3rd Round,3,Ruzic A.,Rybakina E.,67,3,933,7523,5,7,6,4,1,0,1,1,Retired,13,1.04,,,13,1.05,10.58,1.04,21,1.04
10,Dubai,Dubai Duty Free Tennis Championships,2/18/2026,WTA1000,Outdoor,Hard,3rd Round,3,Svitolina E.,Bencic B.,9,13,3260,2843,4,6,6,1,6,3,2,1,Completed,1.67,2.2,,,1.73,2.5,1.68,2.16,1.8,2.24
10,Dubai,Dubai Duty Free Tennis Championships,2/18/2026,WTA1000,Outdoor,Hard,3rd Round,3,Gauff C.,Mertens E.,4,22,6423,1881,2,6,7,6,6,3,2,1,Completed,1.44,2.75,,,1.47,2.75,1.45,2.71,1.51,2.94
10,Dubai,Dubai Duty Free Tennis Championships,2/18/2026,WTA1000,Outdoor,Hard,3rd Round,3,Eala A.,Cirstea S.,47,32,1227,1439,7,5,6,4,,,2,0,Completed,3.2,1.36,,,3.2,1.4,3.01,1.37,3.3,1.42
10,Dubai,Dubai Duty Free Tennis Championships,2/19/2026,WTA1000,Outdoor,Hard,Quarterfinals,3,Pegula J.,Tauson C.,5,15,5888,2530,6,3,2,6,6,4,2,1,Completed,1.3,3.5,,,1.36,3.5,1.32,3.36,1.37,3.6
10,Dubai,Dubai Duty Free Tennis Championships,2/19/2026,WTA1000,Outdoor,Hard,Quarterfinals,3,Anisimova A.,Andreeva M.,6,7,5690,4786,2,6,7,5,7,6,2,1,Completed,1.91,1.91,,,1.91,2,1.82,1.96,1.95,2.02
10,Dubai,Dubai Duty Free Tennis Championships,2/19/2026,WTA1000,Outdoor,Hard,Quarterfinals,3,Gauff C.,Eala A.,4,47,6423,1227,6,0,6,2,,,2,0,Completed,1.4,3,,,1.42,3,1.4,2.87,1.42,3.3
10,Dubai,Dubai Duty Free Tennis Championships,2/19/2026,WTA1000,Outdoor,Hard,Quarterfinals,3,Svitolina E.,Ruzic A.,9,67,3260,933,3,6,6,2,6,3,2,1,Completed,1.1,7,,,1.12,7.5,1.1,6.85,1.14,7.6
10,Dubai,Dubai Duty Free Tennis Championships,2/20/2026,WTA1000,Outdoor,Hard,Semifinals,3,Pegula J.,Anisimova A.,5,6,5888,5690,1,6,6,4,6,3,2,1,Completed,1.57,2.38,,,1.6,2.4,1.57,2.36,1.65,2.52
10,Dubai,Dubai Duty Free Tennis Championships,2/20/2026,WTA1000,Outdoor,Hard,Semifinals,3,Svitolina E.,Gauff C.,9,4,3260,6423,6,4,6,7,6,4,2,1,Completed,2.1,1.73,,,2.38,1.76,2.11,1.71,2.14,1.86
10,Dubai,Dubai Duty Free Tennis Championships,2/21/2026,WTA1000,Outdoor,Hard,The Final,3,Pegula J.,Svitolina E.,5,9,5888,3260,6,2,6,4,,,2,0,Completed,1.57,2.38,,,1.66,2.38,1.61,2.28,1.68,2.44
11,Austin,ATX Open,2/23/2026,WTA250,Outdoor,Hard,1st Round,3,Selekhmeteva O.,Parks A.,76,95,878,789,6,4,3,6,6,3,2,1,Completed,1.73,2.1,,,2,2.1,1.84,1.92,1.81,2.2
11,Austin,ATX Open,2/23/2026,WTA250,Outdoor,Hard,1st Round,3,Rakhimova K.,Bondar A.,92,65,802,978,6,3,7,5,,,2,0,Completed,1.73,2.1,,,1.8,2.15,1.73,2.06,1.83,2.18
11,Austin,ATX Open,2/23/2026,WTA250,Outdoor,Hard,1st Round,3,Bartunkova N.,Volynets K.,107,96,728,786,6,4,7,5,,,2,0,Completed,2,1.8,,,2,1.89,1.95,1.82,2.02,1.97
11,Austin,ATX Open,2/24/2026,WTA250,Outdoor,Hard,1st Round,3,Osuigwe W.,Mandlik E.,163,174,444,408,2,6,6,3,6,1,2,1,Completed,2.3,1.62,,,2.31,1.75,2.23,1.63,2.4,1.7
11,Austin,ATX Open,2/24/2026,WTA250,Outdoor,Hard,1st Round,3,Townsend T.,Fruhvirtova L.,119,121,666,657,4,6,7,6,7,5,2,1,Completed,1.57,2.38,,,1.57,2.45,1.55,2.4,,
11,Austin,ATX Open,2/24/2026,WTA250,Outdoor,Hard,1st Round,3,Masarova R.,Wang Xin.,120,30,660,1438,6,3,6,2,,,2,0,Completed,3.75,1.29,,,4,1.3,3.67,1.27,4.1,1.31
11,Austin,ATX Open,2/24/2026,WTA250,Outdoor,Hard,1st Round,3,Jovic I.,Blinkova A.,18,84,2095,848,6,3,6,4,,,2,0,Completed,1.08,8,,,1.1,8.5,1.08,7.4,1.12,8.6
11,Austin,ATX Open,2/24/2026,WTA250,Outdoor,Hard,1st Round,3,Galfi D.,Andreescu B.,87,164,821,443,6,3,5,7,6,4,2,1,Completed,2.38,1.57,,,2.75,1.61,2.34,1.57,2.54,1.64
11,Austin,ATX Open,2/24/2026,WTA250,Outdoor,Hard,1st Round,3,Juvan K.,Liu C.,93,214,796,338,6,4,7,6,,,2,0,Completed,1.8,2,,,1.82,2.01,1.8,1.97,1.92,2.06
11,Austin,ATX Open,2/24/2026,WTA250,Outdoor,Hard,1st Round,3,Tomljanovic A.,Williams V.,74,560,881,92,6,4,6,1,,,2,0,Completed,1.33,3.4,,,1.34,3.5,1.31,3.35,1.34,3.9
11,Austin,ATX Open,2/24/2026,WTA250,Outdoor,Hard,1st Round,3,Birrell K.,Marcinko P.,80,70,857,902,0,6,6,3,6,4,2,1,Completed,1.62,2.3,,,1.65,2.3,1.62,2.24,1.66,2.48
11,Austin,ATX Open,2/24/2026,WTA250,Outdoor,Hard,1st Round,3,Krueger A.,McNally C.,103,67,752,928,6,1,7,6,,,2,0,Completed,2.38,1.57,,,2.38,1.61,2.31,1.58,2.56,1.64
11,Austin,ATX Open,2/24/2026,WTA250,Outdoor,Hard,1st Round,3,Yuan Y.,Sramkova R.,128,102,607,758,4,6,7,5,6,1,2,1,Completed,2.1,1.73,,,2.1,1.8,2.06,1.74,2.26,1.76
11,Austin,ATX Open,2/25/2026,WTA250,Outdoor,Hard,1st Round,3,Stearns P.,Jones F.,62,73,988,890,3,6,6,3,6,2,2,1,Completed,1.3,3.5,,,1.35,3.5,1.32,3.3,1.41,3.35
11,Austin,ATX Open,2/25/2026,WTA250,Outdoor,Hard,1st Round,3,Zakharova A.,Stoiana M.,88,176,819,399,3,6,6,2,6,4,2,1,Completed,1.73,2.1,,,1.76,2.2,1.71,2.1,1.78,2.24
11,Austin,ATX Open,2/25/2026,WTA250,Outdoor,Hard,1st Round,3,Dolehide C.,Sun L.,126,98,627,780,6,2,6,3,,,2,0,Completed,2,1.8,,,2,1.87,1.97,1.8,2.06,1.91
11,Austin,ATX Open,2/25/2026,WTA250,Outdoor,Hard,2nd Round,3,Selekhmeteva O.,Rakhimova K.,76,92,878,802,6,2,7,5,,,2,0,Completed,2.2,1.67,,,2.25,1.7,2.17,1.66,2.38,1.71
11,Austin,ATX Open,2/25/2026,WTA250,Outdoor,Hard,2nd Round,3,Masarova R.,Osuigwe W.,120,163,660,444,7,6,6,3,,,2,0,Completed,1.36,3.2,,,1.4,3.25,1.36,3.08,1.41,3.3
11,Austin,ATX Open,2/25/2026,WTA250,Outdoor,Hard,2nd Round,3,Townsend T.,Bartunkova N.,119,107,666,728,6,1,6,4,,,2,0,Completed,2.38,1.57,,,2.38,1.72,2.24,1.62,2.52,1.64
11,Austin,ATX Open,2/26/2026,WTA250,Outdoor,Hard,2nd Round,3,Yuan Y.,Galfi D.,128,87,607,821,6,3,6,2,,,2,0,Completed,2,1.8,,,2.02,1.81,1.98,1.79,2.14,1.85
11,Austin,ATX Open,2/26/2026,WTA250,Outdoor,Hard,2nd Round,3,Krueger A.,Zakharova A.,103,88,752,819,7,5,6,3,,,2,0,Completed,1.53,2.5,,,1.54,2.75,1.5,2.52,1.56,2.74
11,Austin,ATX Open,2/26/2026,WTA250,Outdoor,Hard,2nd Round,3,Stearns P.,Juvan K.,62,93,988,796,6,0,6,2,,,2,0,Completed,1.53,2.38,,,1.6,2.43,1.56,2.37,1.71,2.4
11,Austin,ATX Open,2/26/2026,WTA250,Outdoor,Hard,2nd Round,3,Birrell K.,Dolehide C.,80,126,857,627,6,4,6,2,,,2,0,Completed,1.8,2,,,1.83,2.02,1.8,1.96,1.92,2.04
11,Austin,ATX Open,2/27/2026,WTA250,Outdoor,Hard,2nd Round,3,Tomljanovic A.,Jovic I.,74,18,881,2095,4,6,6,4,6,4,2,1,Completed,4.33,1.2,,,4.5,1.22,4.28,1.21,5.1,1.22
11,Austin,ATX Open,2/27/2026,WTA250,Outdoor,Hard,Quarterfinals,3,Birrell K.,Tomljanovic A.,80,74,857,881,6,3,6,3,,,2,0,Completed,2.2,1.67,,,2.25,1.68,2.17,1.66,2.26,1.76
11,Austin,ATX Open,2/27/2026,WTA250,Outdoor,Hard,Quarterfinals,3,Townsend T.,Masarova R.,119,120,666,660,5,7,6,2,6,2,2,1,Completed,1.5,2.63,,,1.53,2.75,1.49,2.57,1.54,2.78
11,Austin,ATX Open,2/28/2026,WTA250,Outdoor,Hard,Quarterfinals,3,Stearns P.,Selekhmeteva O.,62,76,988,878,6,1,5,7,7,5,2,1,Completed,1.53,2.5,,,1.56,2.5,1.53,2.45,1.61,2.58
11,Austin,ATX Open,2/28/2026,WTA250,Outdoor,Hard,Quarterfinals,3,Krueger A.,Yuan Y.,103,128,752,607,7,6,6,4,,,2,0,Completed,1.73,2.1,,,1.8,2.25,1.74,2.05,1.83,2.16
11,Austin,ATX Open,2/28/2026,WTA250,Outdoor,Hard,Semifinals,3,Stearns P.,Birrell K.,62,80,988,857,6,3,3,6,6,2,2,1,Completed,1.57,2.38,,,1.62,2.43,1.58,2.32,1.66,2.48
11,Austin,ATX Open,2/28/2026,WTA250,Outdoor,Hard,Semifinals,3,Townsend T.,Krueger A.,119,103,666,752,7,6,6,3,,,2,0,Completed,1.8,2,,,1.85,2.04,1.81,1.95,1.97,2
11,Austin,ATX Open,3/1/2026,WTA250,Outdoor,Hard,The Final,3,Stearns P.,Townsend T.,62,119,988,666,7,6,7,5,,,2,0,Completed,2,1.8,,,2.12,1.85,2,1.78,2.16,1.85
12,Merida,Merida Open,2/23/2026,WTA500,Outdoor,Hard,1st Round,3,Stakusic M.,Yastremska D.,142,49,542,1170,6,4,6,3,,,2,0,Completed,2.5,1.53,,,2.55,1.6,2.39,1.54,2.46,1.67
12,Merida,Merida Open,2/23/2026,WTA500,Outdoor,Hard,1st Round,3,Jimenez Kasintseva V.,Putintseva Y.,122,77,657,871,6,4,1,6,6,4,2,1,Completed,3.5,1.3,,,3.5,1.35,3.28,1.32,3.8,1.35
12,Merida,Merida Open,2/24/2026,WTA500,Outdoor,Hard,1st Round,3,Boulter K.,Haddad Maia B.,69,66,904,942,6,4,6,4,,,2,0,Completed,1.4,3,,,1.44,3,1.39,2.82,1.43,3.25
12,Merida,Merida Open,2/24/2026,WTA500,Outdoor,Hard,1st Round,3,Arango E.,Potapova A.,59,91,1027,810,7,6,6,2,,,2,0,Completed,3.2,1.36,,,3.75,1.38,3.2,1.33,3.4,1.4
12,Merida,Merida Open,2/24/2026,WTA500,Outdoor,Hard,1st Round,3,Osorio M.,Tjen J.,61,36,991,1341,6,4,6,3,,,2,0,Completed,1.91,1.91,,,1.91,2,1.83,1.92,1.9,2.08
12,Merida,Merida Open,2/24/2026,WTA500,Outdoor,Hard,1st Round,3,Linette M.,Maria T.,47,55,1234,1079,7,6,6,3,,,2,0,Completed,1.3,3.5,,,1.35,3.5,1.31,3.35,1.33,3.9
12,Merida,Merida Open,2/24/2026,WTA500,Outdoor,Hard,1st Round,3,Bucsa C.,Vekic D.,63,100,984,768,6,3,6,2,,,2,0,Completed,2.3,1.62,,,2.32,1.65,2.27,1.61,2.46,1.67
12,Merida,Merida Open,2/24/2026,WTA500,Outdoor,Hard,1st Round,3,Bouzas Maneiro J.,Watson H.,48,281,1202,241,6,3,6,1,,,2,0,Completed,1.3,3.5,,,1.38,3.8,1.31,3.38,1.32,4
12,Merida,Merida Open,2/24/2026,WTA500,Outdoor,Hard,1st Round,3,Frech M.,Timofeeva M.,57,155,1053,463,6,4,7,6,,,2,0,Completed,1.44,2.75,,,1.5,3,1.45,2.69,1.53,2.82
12,Merida,Merida Open,2/25/2026,WTA500,Outdoor,Hard,1st Round,3,Sonmez Z.,Brace C.,81,204,851,359,6,2,6,0,,,2,0,Completed,1.36,3.2,,,1.38,3.25,1.35,3.12,1.4,3.4
12,Merida,Merida Open,2/25/2026,WTA500,Outdoor,Hard,1st Round,3,Hon P.,Zarazua R.,136,89,555,814,6,2,2,6,6,4,2,1,Completed,2.2,1.67,,,2.25,1.76,2.16,1.68,2.32,1.75
12,Merida,Merida Open,2/25/2026,WTA500,Outdoor,Hard,1st Round,3,Zhang S.,Lepchenko V.,86,152,821,483,6,2,6,1,,,2,0,Completed,1.2,4.5,,,1.23,4.75,1.21,4.28,1.24,5
12,Merida,Merida Open,2/25/2026,WTA500,Outdoor,Hard,2nd Round,3,Jimenez Kasintseva V.,Linette M.,122,47,657,1234,5,7,7,6,7,5,2,1,Completed,3.5,1.3,,,3.75,1.3,3.47,1.28,3.85,1.34
12,Merida,Merida Open,2/25/2026,WTA500,Outdoor,Hard,2nd Round,3,Bouzkova M.,Arango E.,34,59,1347,1027,2,6,6,1,2,0,1,1,Retired,1.29,3.75,,,1.3,3.75,1.28,3.51,1.33,3.9
12,Merida,Merida Open,2/26/2026,WTA500,Outdoor,Hard,2nd Round,3,Boulter K.,Osorio M.,69,61,904,991,6,3,0,0,,,1,0,Retired,2.2,1.67,,,3,1.7,2.2,1.64,2.42,1.69
12,Merida,Merida Open,2/26/2026,WTA500,Outdoor,Hard,2nd Round,3,Bucsa C.,Stakusic M.,63,142,984,542,7,6,6,3,,,2,0,Completed,1.67,2.2,,,1.7,2.75,1.63,2.23,1.72,2.34
12,Merida,Merida Open,2/26/2026,WTA500,Outdoor,Hard,2nd Round,3,Frech M.,Bouzas Maneiro J.,57,48,1053,1202,6,0,6,3,,,2,0,Completed,2.1,1.73,,,2.14,1.8,2.08,1.72,2.2,1.81
12,Merida,Merida Open,2/26/2026,WTA500,Outdoor,Hard,2nd Round,3,Sonmez Z.,Li A.,81,39,851,1333,3,6,7,6,6,4,2,1,Completed,2,1.8,,,2.01,1.85,1.96,1.8,2.08,1.9
12,Merida,Merida Open,2/27/2026,WTA500,Outdoor,Hard,2nd Round,3,Paolini J.,Hon P.,7,136,4047,555,6,0,6,2,,,2,0,Completed,1.17,5,,,1.19,6,1.17,4.88,1.19,5.7
12,Merida,Merida Open,2/27/2026,WTA500,Outdoor,Hard,2nd Round,3,Zhang S.,Navarro E.,86,20,821,2045,6,4,6,4,,,2,0,Completed,2.63,1.5,,,2.75,1.5,2.61,1.47,2.8,1.54
12,Merida,Merida Open,2/27/2026,WTA500,Outdoor,Hard,Quarterfinals,3,Frech M.,Bouzkova M.,57,34,1053,1347,6,3,4,6,6,3,2,1,Completed,2.38,1.57,,,2.38,1.62,2.3,1.58,2.5,1.65
12,Merida,Merida Open,2/27/2026,WTA500,Outdoor,Hard,Quarterfinals,3,Bucsa C.,Sonmez Z.,63,81,984,851,6,3,6,4,,,2,0,Completed,1.91,1.91,,,2,1.95,1.9,1.86,2.08,1.9
12,Merida,Merida Open,2/28/2026,WTA500,Outdoor,Hard,Quarterfinals,3,Zhang S.,Jimenez Kasintseva V.,86,122,821,657,6,1,6,3,,,2,0,Completed,1.36,3.2,,,1.36,3.5,1.33,3.21,1.38,3.5
12,Merida,Merida Open,2/28/2026,WTA500,Outdoor,Hard,Quarterfinals,3,Paolini J.,Boulter K.,7,69,4047,904,0,6,6,3,6,3,2,1,Completed,1.53,2.5,,,1.62,2.63,1.52,2.47,1.57,2.72
12,Merida,Merida Open,3/1/2026,WTA500,Outdoor,Hard,Semifinals,3,Frech M.,Zhang S.,57,86,1053,821,6,2,6,7,6,3,2,1,Completed,2.1,1.73,,,2.11,1.75,2.09,1.71,2.24,1.79
12,Merida,Merida Open,3/1/2026,WTA500,Outdoor,Hard,Semifinals,3,Bucsa C.,Paolini J.,63,7,984,4047,7,5,6,4,,,2,0,Completed,3.4,1.33,,,3.5,1.43,3.02,1.37,3.5,1.39
12,Merida,Merida Open,3/1/2026,WTA500,Outdoor,Hard,The Final,3,Bucsa C.,Frech M.,63,57,984,1053,6,1,4,6,6,4,2,1,Completed,1.57,2.38,,,1.65,2.38,1.62,2.25,1.7,2.38
13,Indian Wells,BNP Paribas Open,3/4/2026,WTA1000,Outdoor,Hard,1st Round,3,Cirstea S.,Maria T.,38,59,1344,1069,6,4,4,6,6,3,2,1,Completed,1.1,7,,,1.12,7,1.1,6.5,1.11,9.4
13,Indian Wells,BNP Paribas Open,3/4/2026,WTA1000,Outdoor,Hard,1st Round,3,Putintseva Y.,Badosa P.,76,106,871,738,6,4,6,2,0,0,2,0,Completed,2.75,1.44,,,2.8,1.48,2.71,1.44,2.86,1.52
13,Indian Wells,BNP Paribas Open,3/4/2026,WTA1000,Outdoor,Hard,1st Round,3,Birrell K.,Selekhmeteva O.,69,71,925,917,6,1,6,4,,,2,0,Completed,2.1,1.73,,,2.15,1.75,2.1,1.71,2.32,1.74
13,Indian Wells,BNP Paribas Open,3/4/2026,WTA1000,Outdoor,Hard,1st Round,3,Potapova A.,Stakusic M.,91,130,810,601,4,6,6,1,7,5,2,1,Completed,2,1.8,,,2,1.88,1.92,1.83,2.04,1.94
13,Indian Wells,BNP Paribas Open,3/4/2026,WTA1000,Outdoor,Hard,1st Round,3,Tomljanovic A.,Ruse E.G.,85,74,837,892,7,5,6,2,,,2,0,Completed,2,1.8,,,2.05,1.8,2.02,1.76,2.1,1.87
13,Indian Wells,BNP Paribas Open,3/4/2026,WTA1000,Outdoor,Hard,1st Round,3,Gibson T.,Li A.,112,41,721,1333,6,3,7,5,,,2,0,Completed,2.38,1.57,,,2.42,1.6,2.34,1.57,2.56,1.62
13,Indian Wells,BNP Paribas Open,3/4/2026,WTA1000,Outdoor,Hard,1st Round,3,Sonmez Z.,Kessler M.,80,51,851,1193,7,6,6,0,,,2,0,Completed,2.2,1.67,,,2.3,1.68,2.23,1.63,2.46,1.67
13,Indian Wells,BNP Paribas Open,3/4/2026,WTA1000,Outdoor,Hard,1st Round,3,Bouzas Maneiro J.,Haddad Maia B.,50,67,1202,942,6,1,6,7,6,1,2,1,Completed,1.62,2.3,,,1.68,2.3,1.64,2.21,1.69,2.4
13,Indian Wells,BNP Paribas Open,3/4/2026,WTA1000,Outdoor,Hard,1st Round,3,Zakharova A.,Seidel E.,86,83,831,847,6,2,6,2,,,2,0,Completed,1.67,2.2,,,1.67,2.25,1.63,2.23,1.67,2.48
13,Indian Wells,BNP Paribas Open,3/4/2026,WTA1000,Outdoor,Hard,1st Round,3,Sakatsume H.,Parks A.,136,96,556,789,6,4,6,3,,,2,0,Completed,2,1.8,,,2.08,1.81,2.01,1.76,2.2,1.81
13,Indian Wells,BNP Paribas Open,3/4/2026,WTA1000,Outdoor,Hard,1st Round,3,Jimenez Kasintseva V.,McNally C.,97,68,788,928,6,2,6,7,6,4,2,1,Completed,2.63,1.5,,,3,1.5,2.75,1.43,3.3,1.42
13,Indian Wells,BNP Paribas Open,3/5/2026,WTA1000,Outdoor,Hard,1st Round,3,Blinkova A.,Galfi D.,94,84,795,838,6,4,7,5,,,2,0,Completed,3,1.4,,,3.05,1.44,2.88,1.4,3.05,1.46
13,Indian Wells,BNP Paribas Open,3/5/2026,WTA1000,Outdoor,Hard,1st Round,3,Cristian J.,Tjen J.,35,39,1367,1341,4,6,6,4,7,6,2,1,Completed,2.1,1.73,,,2.25,1.8,2.05,1.74,2.22,1.8
13,Indian Wells,BNP Paribas Open,3/5/2026,WTA1000,Outdoor,Hard,1st Round,3,Rakhimova K.,Andreescu B.,88,165,814,444,6,7,6,0,6,1,2,1,Completed,2.1,1.73,,,2.1,1.76,2.05,1.74,2.18,1.82
13,Indian Wells,BNP Paribas Open,3/5/2026,WTA1000,Outdoor,Hard,1st Round,3,Osorio M.,Stephens S.,61,780,1041,43,6,4,6,1,,,2,0,Completed,1.29,3.75,,,1.3,3.8,1.27,3.65,1.32,3.95
13,Indian Wells,BNP Paribas Open,3/5/2026,WTA1000,Outdoor,Hard,1st Round,3,Yastremska D.,Zhang S.,52,62,1170,1039,6,3,6,2,,,2,0,Completed,1.91,1.91,,,1.95,1.91,1.89,1.86,2.06,1.92
13,Indian Wells,BNP Paribas Open,3/5/2026,WTA1000,Outdoor,Hard,1st Round,3,Krueger A.,Linette M.,82,49,849,1234,6,1,6,4,,,2,0,Completed,2,1.8,,,2,1.87,1.94,1.82,2.06,1.92
13,Indian Wells,BNP Paribas Open,3/5/2026,WTA1000,Outdoor,Hard,1st Round,3,Townsend T.,Bouzkova M.,87,33,829,1425,6,2,6,1,,,2,0,Completed,1.8,2,,,1.83,2.05,1.77,2,1.86,2.14
13,Indian Wells,BNP Paribas Open,3/5/2026,WTA1000,Outdoor,Hard,1st Round,3,Siegemund L.,Marcinko P.,55,72,1110,902,3,6,6,3,6,4,2,1,Completed,2,1.8,,,2.01,1.84,1.96,1.81,2.02,1.97
13,Indian Wells,BNP Paribas Open,3/5/2026,WTA1000,Outdoor,Hard,1st Round,3,Kartal S.,Tararudee L.,54,124,1127,632,6,4,6,4,,,2,0,Completed,1.36,3.2,,,1.38,3.2,1.36,3.07,1.43,3.25
13,Indian Wells,BNP Paribas Open,3/5/2026,WTA1000,Outdoor,Hard,1st Round,3,Vekic D.,Valentova T.,103,47,768,1256,7,6,7,6,,,2,0,Completed,2.63,1.5,,,2.75,1.52,2.55,1.49,2.72,1.57
13,Indian Wells,BNP Paribas Open,3/5/2026,WTA1000,Outdoor,Hard,1st Round,3,Day K.,Jones F.,187,93,386,806,6,3,6,1,,,2,0,Completed,1.67,2.2,,,1.67,2.32,1.61,2.26,1.67,2.46
13,Indian Wells,BNP Paribas Open,3/5/2026,WTA1000,Outdoor,Hard,1st Round,3,Parry D.,Williams V.,111,554,724,93,6,3,6,7,6,1,2,1,Completed,1.25,4,,,1.27,4.25,1.25,3.87,1.27,4.4
13,Indian Wells,BNP Paribas Open,3/5/2026,WTA1000,Outdoor,Hard,1st Round,3,Bondar A.,Jacquemot E.,66,63,978,1026,7,6,7,5,,,2,0,Completed,1.5,2.63,,,1.54,2.75,1.5,2.55,1.53,2.84
13,Indian Wells,BNP Paribas Open,3/5/2026,WTA1000,Outdoor,Hard,1st Round,3,Bucsa C.,Vidmanova D.,31,122,1436,667,6,4,6,0,,,2,0,Completed,1.5,2.63,,,1.65,2.65,1.49,2.58,1.56,2.72
13,Indian Wells,BNP Paribas Open,3/5/2026,WTA1000,Outdoor,Hard,1st Round,3,Tagger L.,Gracheva V.,119,58,673,1072,6,2,6,4,,,2,0,Completed,2.2,1.67,,,2.21,1.73,2.15,1.68,2.36,1.72
13,Indian Wells,BNP Paribas Open,3/6/2026,WTA1000,Outdoor,Hard,1st Round,3,Hunter S.,Frech M.,234,36,301,1348,3,6,7,5,6,3,2,1,Completed,3.2,1.36,,,3.2,1.42,2.94,1.39,3.3,1.42
13,Indian Wells,BNP Paribas Open,3/6/2026,WTA1000,Outdoor,Hard,1st Round,3,Siniakova K.,Kenin S.,44,45,1269,1267,1,6,6,4,6,1,2,1,Completed,1.44,2.75,,,1.55,2.75,1.47,2.62,1.51,2.92
13,Indian Wells,BNP Paribas Open,3/6/2026,WTA1000,Outdoor,Hard,1st Round,3,Volynets K.,Sramkova R.,98,118,786,680,6,1,0,0,,,1,0,Retired,1.73,2.1,,,1.75,2.12,1.71,2.09,1.79,2.22
13,Indian Wells,BNP Paribas Open,3/6/2026,WTA1000,Outdoor,Hard,1st Round,3,Ruzic A.,Brady J.,57,801,1075,40,3,6,6,4,6,2,2,1,Completed,1.44,2.75,,,1.5,2.85,1.44,2.7,1.51,2.92
13,Indian Wells,BNP Paribas Open,3/6/2026,WTA1000,Outdoor,Hard,1st Round,3,Baptiste H.,Arango E.,43,108,1274,737,2,6,6,2,6,3,2,1,Completed,1.3,3.5,,,1.35,3.6,1.3,3.45,1.35,3.75
13,Indian Wells,BNP Paribas Open,3/6/2026,WTA1000,Outdoor,Hard,1st Round,3,Sierra S.,Stearns P.,65,48,980,1237,7,5,7,5,,,2,0,Completed,5,1.17,,,5,1.2,4.57,1.18,5.3,1.21
13,Indian Wells,BNP Paribas Open,3/6/2026,WTA1000,Outdoor,Hard,2nd Round,3,Noskova L.,Bouzas Maneiro J.,14,50,2421,1202,6,3,6,3,,,2,0,Completed,1.4,3,,,1.44,3,1.4,2.88,1.45,3.1
13,Indian Wells,BNP Paribas Open,3/6/2026,WTA1000,Outdoor,Hard,2nd Round,3,Gibson T.,Alexandrova E.,112,11,721,2918,6,3,7,5,,,2,0,Completed,2.75,1.44,,,2.9,1.45,2.78,1.42,3.1,1.46
13,Indian Wells,BNP Paribas Open,3/6/2026,WTA1000,Outdoor,Hard,2nd Round,3,Raducanu E.,Zakharova A.,24,86,1645,831,6,1,6,3,,,2,0,Completed,1.5,2.63,,,1.62,2.75,1.49,2.59,1.56,2.76
13,Indian Wells,BNP Paribas Open,3/6/2026,WTA1000,Outdoor,Hard,2nd Round,3,Mboko V.,Birrell K.,10,69,3211,925,6,4,7,6,,,2,0,Completed,1.17,5,,,1.18,5,1.17,4.75,1.23,5.1
13,Indian Wells,BNP Paribas Open,3/6/2026,WTA1000,Outdoor,Hard,2nd Round,3,Tauson C.,Putintseva Y.,17,76,2095,871,7,6,6,2,,,2,0,Completed,1.36,3.2,,,1.37,3.3,1.35,3.15,1.41,3.35
13,Indian Wells,BNP Paribas Open,3/6/2026,WTA1000,Outdoor,Hard,2nd Round,3,Cirstea S.,Shnaider D.,38,20,1344,1953,6,2,7,6,,,2,0,Completed,1.62,2.3,,,1.67,2.3,1.63,2.24,1.7,2.4
13,Indian Wells,BNP Paribas Open,3/6/2026,WTA1000,Outdoor,Hard,2nd Round,3,Kalinskaya A.,Sonmez Z.,22,80,1813,851,6,4,7,6,,,2,0,Completed,1.36,3.2,,,1.38,4,1.35,3.15,1.43,3.25
13,Indian Wells,BNP Paribas Open,3/6/2026,WTA1000,Outdoor,Hard,2nd Round,3,Sabalenka A.,Sakatsume H.,1,136,10675,556,6,4,6,2,,,2,0,Completed,1.02,19,,,1.02,19,1.02,14.59,1.02,32
13,Indian Wells,BNP Paribas Open,3/6/2026,WTA1000,Outdoor,Hard,2nd Round,3,Tomljanovic A.,Wang Xin.,85,30,837,1438,6,3,6,1,,,2,0,Completed,1.8,2,,,1.85,2.02,1.81,1.96,1.9,2.08
13,Indian Wells,BNP Paribas Open,3/6/2026,WTA1000,Outdoor,Hard,2nd Round,3,Paolini J.,Potapova A.,7,91,4232,810,6,7,6,2,6,3,2,1,Completed,1.4,3,,,1.4,3.05,1.39,2.95,1.46,3.15
13,Indian Wells,BNP Paribas Open,3/6/2026,WTA1000,Outdoor,Hard,2nd Round,3,Gauff C.,Rakhimova K.,4,88,6803,814,6,3,7,6,,,2,0,Completed,1.07,9,,,1.08,9,1.07,8.02,1.12,8.2
13,Indian Wells,BNP Paribas Open,3/6/2026,WTA1000,Outdoor,Hard,2nd Round,3,Cristian J.,Joint M.,35,29,1367,1465,0,6,6,2,7,5,2,1,Completed,1.57,2.38,,,1.62,2.75,1.57,2.34,1.66,2.5
13,Indian Wells,BNP Paribas Open,3/7/2026,WTA1000,Outdoor,Hard,2nd Round,3,Osaka N.,Jimenez Kasintseva V.,16,97,2324,788,7,5,6,2,,,2,0,Completed,1.2,4.5,,,1.22,4.7,1.2,4.35,1.27,4.5
13,Indian Wells,BNP Paribas Open,3/7/2026,WTA1000,Outdoor,Hard,2nd Round,3,Osorio M.,Jovic I.,61,18,1041,2095,4,6,7,6,6,3,2,1,Completed,3,1.4,,,3,1.47,2.82,1.41,3.05,1.47
13,Indian Wells,BNP Paribas Open,3/7/2026,WTA1000,Outdoor,Hard,2nd Round,3,Anisimova A.,Blinkova A.,6,94,6070,795,5,7,6,1,6,0,2,1,Completed,1.05,11,,,1.06,11,1.05,9.73,1.07,13.5
13,Indian Wells,BNP Paribas Open,3/7/2026,WTA1000,Outdoor,Hard,2nd Round,3,Eala A.,Yastremska D.,32,52,1432,1170,7,5,4,6,7,5,2,1,Completed,1.67,2.2,,,1.7,2.3,1.66,2.17,1.72,2.38
13,Indian Wells,BNP Paribas Open,3/7/2026,WTA1000,Outdoor,Hard,2nd Round,3,Bencic B.,Hunter S.,12,234,2898,301,6,3,6,2,,,2,0,Completed,1.11,6.5,,,1.12,7,1.11,6.28,1.15,7.4
13,Indian Wells,BNP Paribas Open,3/7/2026,WTA1000,Outdoor,Hard,2nd Round,3,Sakkari M.,Tagger L.,34,119,1410,673,7,5,6,0,,,2,0,Completed,1.44,2.75,,,1.5,2.75,1.46,2.65,1.56,2.74
13,Indian Wells,BNP Paribas Open,3/7/2026,WTA1000,Outdoor,Hard,2nd Round,3,Muchova K.,Bondar A.,13,66,2668,978,7,5,6,2,,,2,0,Completed,1.08,8,,,1.08,8.5,1.07,7.77,1.1,10
13,Indian Wells,BNP Paribas Open,3/7/2026,WTA1000,Outdoor,Hard,2nd Round,3,Rybakina E.,Baptiste H.,3,43,7253,1274,7,6,2,6,6,2,2,1,Completed,1.07,9,,,1.07,9,1.07,8.16,1.11,9.2
13,Indian Wells,BNP Paribas Open,3/7/2026,WTA1000,Outdoor,Hard,2nd Round,3,Ostapenko J.,Volynets K.,26,98,1600,786,6,4,7,6,,,2,0,Completed,1.53,2.5,,,1.6,2.5,1.55,2.41,1.61,2.6
13,Indian Wells,BNP Paribas Open,3/7/2026,WTA1000,Outdoor,Hard,2nd Round,3,Swiatek I.,Day K.,2,187,7588,386,6,0,7,6,,,2,0,Completed,1.02,17,,,1.02,19,1.02,14.45,1.03,22
13,Indian Wells,BNP Paribas Open,3/7/2026,WTA1000,Outdoor,Hard,2nd Round,3,Kartal S.,Navarro E.,54,25,1127,1605,6,1,3,6,7,6,2,1,Completed,1.91,1.91,,,1.91,2.75,1.81,1.99,1.9,2.06
13,Indian Wells,BNP Paribas Open,3/7/2026,WTA1000,Outdoor,Hard,2nd Round,3,Krueger A.,Samsonova L.,82,19,849,2050,3,6,7,5,6,2,2,1,Completed,2.1,1.73,,,2.2,1.75,2.08,1.72,2.18,1.82
13,Indian Wells,BNP Paribas Open,3/7/2026,WTA1000,Outdoor,Hard,2nd Round,3,Andreeva M.,Sierra S.,8,65,4001,980,6,0,6,0,,,2,0,Completed,1.04,13,,,1.04,14,1.03,11.09,1.06,16
13,Indian Wells,BNP Paribas Open,3/7/2026,WTA1000,Outdoor,Hard,2nd Round,3,Siniakova K.,Fernandez L.A.,44,27,1269,1598,5,7,6,4,7,6,2,1,Completed,1.8,2,,,1.86,2.07,1.79,1.98,1.9,2.08
13,Indian Wells,BNP Paribas Open,3/8/2026,WTA1000,Outdoor,Hard,2nd Round,3,Ruzic A.,Zheng Q.,57,23,1075,1758,6,4,7,5,,,2,0,Completed,3.4,1.33,,,3.65,1.33,3.45,1.3,3.75,1.36
13,Indian Wells,BNP Paribas Open,3/8/2026,WTA1000,Outdoor,Hard,2nd Round,3,Mertens E.,Bucsa C.,21,31,1936,1436,6,2,6,1,,,2,0,Completed,1.44,2.75,,,1.45,2.8,1.44,2.71,1.5,2.9
13,Indian Wells,BNP Paribas Open,3/8/2026,WTA1000,Outdoor,Hard,2nd Round,3,Pegula J.,Vekic D.,5,103,6583,768,4,6,6,2,6,3,2,1,Completed,1.1,7,,,1.11,7,1.1,6.61,1.11,8.8
13,Indian Wells,BNP Paribas Open,3/8/2026,WTA1000,Outdoor,Hard,2nd Round,3,Keys M.,Parry D.,15,111,2351,724,6,4,6,3,,,2,0,Completed,1.22,4.33,,,1.26,4.33,1.24,3.93,1.27,4.4
13,Indian Wells,BNP Paribas Open,3/8/2026,WTA1000,Outdoor,Hard,2nd Round,3,Kostyuk M.,Townsend T.,28,87,1583,829,6,3,6,2,,,2,0,Completed,1.57,2.38,,,1.64,2.38,1.6,2.28,1.64,2.5
13,Indian Wells,BNP Paribas Open,3/8/2026,WTA1000,Outdoor,Hard,2nd Round,3,Svitolina E.,Siegemund L.,9,55,3845,1110,7,6,4,6,6,3,2,1,Completed,1.1,7,,,1.1,10,1.09,7.16,1.11,9.2
13,Indian Wells,BNP Paribas Open,3/8/2026,WTA1000,Outdoor,Hard,3rd Round,3,Noskova L.,Cirstea S.,14,38,2421,1344,6,7,6,4,6,4,2,1,Completed,2.1,1.73,,,2.12,1.74,2.1,1.71,2.28,1.77
13,Indian Wells,BNP Paribas Open,3/8/2026,WTA1000,Outdoor,Hard,3rd Round,3,Gibson T.,Tauson C.,112,17,721,2095,7,6,4,6,6,4,2,1,Completed,3.75,1.29,,,3.75,1.3,3.55,1.29,3.9,1.33
13,Indian Wells,BNP Paribas Open,3/8/2026,WTA1000,Outdoor,Hard,3rd Round,3,Sabalenka A.,Cristian J.,1,35,10675,1367,6,4,6,1,,,2,0,Completed,1.03,15,,,1.04,15,1.03,11.95,1.05,18.5
13,Indian Wells,BNP Paribas Open,3/8/2026,WTA1000,Outdoor,Hard,3rd Round,3,Paolini J.,Tomljanovic A.,7,85,4232,837,7,5,5,7,6,1,2,1,Completed,1.5,2.63,,,1.53,2.63,1.51,2.53,1.57,2.74
13,Indian Wells,BNP Paribas Open,3/8/2026,WTA1000,Outdoor,Hard,3rd Round,3,Osaka N.,Osorio M.,16,61,2324,1041,6,1,3,6,6,1,2,1,Completed,1.44,2.75,,,1.55,2.75,1.51,2.52,1.58,2.68
13,Indian Wells,BNP Paribas Open,3/8/2026,WTA1000,Outdoor,Hard,3rd Round,3,Anisimova A.,Raducanu E.,6,24,6070,1645,6,1,6,1,,,2,0,Completed,1.3,3.5,,,1.33,3.5,1.31,3.36,1.36,3.75
13,Indian Wells,BNP Paribas Open,3/9/2026,WTA1000,Outdoor,Hard,3rd Round,3,Eala A.,Gauff C.,32,4,1432,6803,6,2,2,0,,,1,0,Retired,5,1.17,,,5,1.2,4.66,1.18,5.5,1.21
13,Indian Wells,BNP Paribas Open,3/9/2026,WTA1000,Outdoor,Hard,3rd Round,3,Mboko V.,Kalinskaya A.,10,22,3211,1813,6,4,6,1,,,2,0,Completed,1.57,2.38,,,1.58,2.6,1.55,2.4,1.64,2.56
13,Indian Wells,BNP Paribas Open,3/9/2026,WTA1000,Outdoor,Hard,3rd Round,3,Pegula J.,Ostapenko J.,5,26,6583,1600,4,6,6,3,6,2,2,1,Completed,1.2,4.5,,,1.22,4.5,1.21,4.27,1.22,5.4
13,Indian Wells,BNP Paribas Open,3/9/2026,WTA1000,Outdoor,Hard,3rd Round,3,Muchova K.,Ruzic A.,13,57,2668,1075,6,0,6,3,,,2,0,Completed,1.13,6,,,1.17,7,1.14,5.61,1.17,6.4
13,Indian Wells,BNP Paribas Open,3/9/2026,WTA1000,Outdoor,Hard,3rd Round,3,Siniakova K.,Andreeva M.,44,8,1269,4001,4,6,7,6,6,3,2,1,Completed,5,1.17,,,5.25,1.18,4.86,1.17,5.9,1.2
13,Indian Wells,BNP Paribas Open,3/9/2026,WTA1000,Outdoor,Hard,3rd Round,3,Bencic B.,Mertens E.,12,21,2898,1936,6,2,6,3,,,2,0,Completed,1.8,2,,,1.83,2.06,1.78,1.99,1.88,2.12
13,Indian Wells,BNP Paribas Open,3/9/2026,WTA1000,Outdoor,Hard,3rd Round,3,Svitolina E.,Krueger A.,9,82,3845,849,6,4,6,2,,,2,0,Completed,1.22,4.33,,,1.29,4.33,1.26,3.8,1.27,4.5
13,Indian Wells,BNP Paribas Open,3/9/2026,WTA1000,Outdoor,Hard,3rd Round,3,Swiatek I.,Sakkari M.,2,34,7588,1410,6,3,6,2,,,2,0,Completed,1.2,4.5,,,1.23,4.5,1.21,4.26,1.22,5.2
13,Indian Wells,BNP Paribas Open,3/10/2026,WTA1000,Outdoor,Hard,3rd Round,3,Kartal S.,Keys M.,54,15,1127,2351,2,6,6,2,6,3,2,1,Completed,2.63,1.5,,,2.75,1.5,2.63,1.47,2.8,1.54
13,Indian Wells,BNP Paribas Open,3/10/2026,WTA1000,Outdoor,Hard,3rd Round,3,Rybakina E.,Kostyuk M.,3,28,7253,1583,6,4,6,4,,,2,0,Completed,1.29,3.75,,,1.3,3.75,1.29,3.57,1.33,3.9
13,Indian Wells,BNP Paribas Open,3/10/2026,WTA1000,Outdoor,Hard,4th Round,3,Sabalenka A.,Osaka N.,1,16,10675,2324,6,2,6,4,,,2,0,Completed,1.17,5,,,1.18,5.5,1.16,5.06,1.18,6.2
13,Indian Wells,BNP Paribas Open,3/10/2026,WTA1000,Outdoor,Hard,4th Round,3,Gibson T.,Paolini J.,112,7,721,4232,7,5,2,6,6,1,2,1,Completed,2.75,1.44,,,3.3,1.45,2.93,1.39,3.4,1.41
13,Indian Wells,BNP Paribas Open,3/11/2026,WTA1000,Outdoor,Hard,4th Round,3,Mboko V.,Anisimova A.,10,6,3211,6070,6,4,6,1,,,2,0,Completed,2.38,1.57,,,2.38,1.65,2.29,1.59,2.46,1.67
13,Indian Wells,BNP Paribas Open,3/11/2026,WTA1000,Outdoor,Hard,4th Round,3,Noskova L.,Eala A.,14,32,2421,1432,6,2,6,0,,,2,0,Completed,1.57,2.38,,,1.58,2.6,1.54,2.4,1.65,2.5
13,Indian Wells,BNP Paribas Open,3/11/2026,WTA1000,Outdoor,Hard,4th Round,3,Swiatek I.,Muchova K.,2,13,7588,2668,6,2,6,0,,,2,0,Completed,1.5,2.63,,,1.5,2.75,1.47,2.64,1.5,2.96
13,Indian Wells,BNP Paribas Open,3/11/2026,WTA1000,Outdoor,Hard,4th Round,3,Pegula J.,Bencic B.,5,12,6583,2898,6,3,7,6,,,2,0,Completed,1.53,2.5,,,1.6,2.5,1.56,2.37,1.63,2.54
13,Indian Wells,BNP Paribas Open,3/11/2026,WTA1000,Outdoor,Hard,4th Round,3,Svitolina E.,Siniakova K.,9,44,3845,1269,6,1,1,1,,,1,0,Retired,1.29,3.75,,,1.3,4,1.29,3.6,1.31,4.1
13,Indian Wells,BNP Paribas Open,3/11/2026,WTA1000,Outdoor,Hard,4th Round,3,Rybakina E.,Kartal S.,3,54,7253,1127,6,4,4,3,,,1,0,Retired,1.14,5.5,,,1.17,5.75,1.15,5.15,1.21,5.6
13,Indian Wells,BNP Paribas Open,3/12/2026,WTA1000,Outdoor,Hard,Quarterfinals,3,Sabalenka A.,Mboko V.,1,10,10675,3211,7,6,6,4,,,2,0,Completed,1.29,3.75,,,1.3,3.75,1.29,3.56,1.31,4.1
13,Indian Wells,BNP Paribas Open,3/12/2026,WTA1000,Outdoor,Hard,Quarterfinals,3,Noskova L.,Gibson T.,14,112,2421,721,6,2,4,6,6,2,2,1,Completed,1.29,3.75,,,1.3,3.75,1.28,3.61,1.33,3.9
13,Indian Wells,BNP Paribas Open,3/12/2026,WTA1000,Outdoor,Hard,Quarterfinals,3,Svitolina E.,Swiatek I.,9,2,3845,7588,6,2,4,6,6,4,2,1,Completed,3.75,1.29,,,4,1.32,3.56,1.29,3.9,1.34
13,Indian Wells,BNP Paribas Open,3/13/2026,WTA1000,Outdoor,Hard,Quarterfinals,3,Rybakina E.,Pegula J.,3,5,7253,6583,6,1,7,6,,,2,0,Completed,1.53,2.5,,,1.56,2.6,1.53,2.48,1.54,2.78
13,Indian Wells,BNP Paribas Open,3/13/2026,WTA1000,Outdoor,Hard,Semifinals,3,Sabalenka A.,Noskova L.,1,14,10675,2421,6,3,6,4,,,2,0,Completed,1.08,8,,,1.12,8.5,1.09,7.21,1.13,8
13,Indian Wells,BNP Paribas Open,3/14/2026,WTA1000,Outdoor,Hard,Semifinals,3,Rybakina E.,Svitolina E.,3,9,7253,3845,7,5,6,4,,,2,0,Completed,1.4,3,,,1.45,3.05,1.39,2.96,1.42,3.3
13,Indian Wells,BNP Paribas Open,3/15/2026,WTA1000,Outdoor,Hard,The Final,3,Sabalenka A.,Rybakina E.,1,3,10675,7253,3,6,6,3,7,6,2,1,Completed,1.62,2.3,,,1.65,2.35,1.62,2.28,1.68,2.44
14,Miami,Miami Open,3/17/2026,WTA1000,Outdoor,Hard,1st Round,3,Jacquemot E.,Vidmanova D.,62,118,1021,697,6,7,7,5,7,5,2,1,Completed,2.75,1.44,,,2.9,1.46,2.75,1.43,3.1,1.46
14,Miami,Miami Open,3/17/2026,WTA1000,Outdoor,Hard,1st Round,3,Tomljanovic A.,Waltert S.,81,88,872,842,6,3,6,4,,,2,0,Completed,1.33,3.4,,,1.36,3.5,1.33,3.25,1.36,3.7
14,Miami,Miami Open,3/17/2026,WTA1000,Outdoor,Hard,1st Round,3,Linette M.,Gracheva V.,50,60,1209,1047,2,6,6,2,6,0,2,1,Completed,1.8,2,,,1.8,2.07,1.76,2.02,1.84,2.16
14,Miami,Miami Open,3/17/2026,WTA1000,Outdoor,Hard,1st Round,3,Kessler M.,Frech M.,51,37,1168,1348,2,6,6,4,6,2,2,1,Completed,1.62,2.3,,,1.62,2.33,1.6,2.27,1.65,2.48
14,Miami,Miami Open,3/17/2026,WTA1000,Outdoor,Hard,1st Round,3,Siegemund L.,Marcinko P.,53,76,1143,896,6,4,6,4,,,2,0,Completed,1.73,2.1,,,1.75,2.12,1.72,2.07,1.81,2.22
14,Miami,Miami Open,3/17/2026,WTA1000,Outdoor,Hard,1st Round,3,Boulter K.,Bouzas Maneiro J.,67,48,957,1227,7,6,6,4,,,2,0,Completed,1.67,2.2,,,2.1,2.35,1.73,2.11,1.78,2.26
14,Miami,Miami Open,3/17/2026,WTA1000,Outdoor,Hard,1st Round,3,Cirstea S.,Zhang S.,35,61,1374,1036,6,3,6,4,,,2,0,Completed,1.29,3.75,,,1.32,3.75,1.29,3.52,1.31,4
14,Miami,Miami Open,3/17/2026,WTA1000,Outdoor,Hard,1st Round,3,Sonmez Z.,Haddad Maia B.,83,69,866,942,6,3,6,2,,,2,0,Completed,1.4,3,,,1.46,3,1.42,2.76,1.5,2.9
14,Miami,Miami Open,3/17/2026,WTA1000,Outdoor,Hard,1st Round,3,Blinkova A.,Kenin S.,92,46,820,1242,3,6,6,1,6,3,2,1,Completed,2.38,1.57,,,2.4,1.6,2.34,1.57,2.6,1.61
14,Miami,Miami Open,3/18/2026,WTA1000,Outdoor,Hard,1st Round,3,Osorio M.,Siniakova K.,58,42,1071,1324,6,1,6,4,,,2,0,Completed,2,1.8,,,2.03,1.83,1.97,1.79,2.04,1.93
14,Miami,Miami Open,3/19/2026,WTA1000,Outdoor,Hard,1st Round,3,Gibson T.,Bejlek S.,68,41,950,1326,6,1,6,0,,,2,0,Completed,1.8,2,,,1.8,2.1,1.74,2.04,1.72,2.34
14,Miami,Miami Open,3/19/2026,WTA1000,Outdoor,Hard,1st Round,3,Badosa P.,Sasnovich A.,100,116,797,701,7,5,6,3,,,2,0,Completed,1.5,2.63,,,1.5,2.65,1.5,2.54,1.59,2.64
14,Miami,Miami Open,3/19/2026,WTA1000,Outdoor,Hard,1st Round,3,Parks A.,Kraus S.,105,120,764,690,7,5,7,6,,,2,0,Completed,1.67,2.2,,,1.73,2.2,1.68,2.14,1.8,2.2
14,Miami,Miami Open,3/19/2026,WTA1000,Outdoor,Hard,1st Round,3,Valentova T.,Volynets K.,49,95,1217,811,6,2,6,4,,,2,0,Completed,1.57,2.38,,,1.58,2.43,1.55,2.36,1.66,2.48
14,Miami,Miami Open,3/19/2026,WTA1000,Outdoor,Hard,1st Round,3,Kalieva E.,Galfi D.,154,87,484,842,6,3,6,7,7,6,2,1,Completed,2.2,1.67,,,2.2,1.75,2.15,1.68,2.32,1.73
14,Miami,Miami Open,3/19/2026,WTA1000,Outdoor,Hard,1st Round,3,Zakharova A.,Bondar A.,74,65,899,986,5,7,6,3,6,1,2,1,Completed,1.44,2.75,,,1.5,2.75,1.45,2.68,1.48,3
14,Miami,Miami Open,3/19/2026,WTA1000,Outdoor,Hard,1st Round,3,Starodubtseva Y.,Lys E.,108,77,751,893,6,1,6,4,,,2,0,Completed,2.2,1.67,,,2.25,1.67,2.19,1.66,2.38,1.7
14,Miami,Miami Open,3/19/2026,WTA1000,Outdoor,Hard,1st Round,3,Cocciaretto E.,Semenistaja D.,44,103,1255,786,6,4,6,1,,,2,0,Completed,1.36,3.2,,,1.36,3.25,1.34,3.16,1.38,3.55
14,Miami,Miami Open,3/19/2026,WTA1000,Outdoor,Hard,1st Round,3,Jones F.,Williams V.,93,517,815,103,7,5,7,5,,,2,0,Completed,1.5,2.63,,,1.5,2.7,1.47,2.62,1.51,2.86
14,Miami,Miami Open,3/19/2026,WTA1000,Outdoor,Hard,1st Round,3,Stearns P.,Golubic V.,47,84,1237,864,7,6,6,4,,,2,0,Completed,1.36,3.2,,,1.36,3.3,1.34,3.19,1.37,3.6
14,Miami,Miami Open,3/19/2026,WTA1000,Outdoor,Hard,1st Round,3,Tagger L.,Seidel E.,115,86,708,845,6,7,6,4,7,5,2,1,Completed,1.67,2.2,,,1.7,2.38,1.65,2.19,1.7,2.38
14,Miami,Miami Open,3/19/2026,WTA1000,Outdoor,Hard,1st Round,3,Selekhmeteva O.,Arango E.,71,109,912,746,6,3,4,6,6,3,2,1,Completed,1.4,3,,,1.4,3.1,1.38,2.97,1.42,3.25
14,Miami,Miami Open,3/19/2026,WTA1000,Outdoor,Hard,1st Round,3,Li A.,Birrell K.,39,70,1333,915,6,2,2,6,6,3,2,1,Completed,2,1.8,,,2.07,1.83,1.99,1.78,2.02,1.95
14,Miami,Miami Open,3/19/2026,WTA1000,Outdoor,Hard,1st Round,3,Putintseva Y.,Tjen J.,75,40,896,1330,3,6,6,3,6,4,2,1,Completed,2.1,1.73,,,2.1,1.77,2.04,1.74,2.2,1.81
14,Miami,Miami Open,3/19/2026,WTA1000,Outdoor,Hard,1st Round,3,Baptiste H.,Maria T.,45,59,1244,1069,7,5,6,2,,,2,0,Completed,1.2,4.5,,,1.22,4.6,1.2,4.38,1.25,4.8
14,Miami,Miami Open,3/19/2026,WTA1000,Outdoor,Hard,1st Round,3,McNally C.,Masarova R.,72,113,903,730,6,2,7,5,,,2,0,Completed,1.73,2.1,,,1.86,2.1,1.75,2.03,1.76,2.28
14,Miami,Miami Open,3/19/2026,WTA1000,Outdoor,Hard,1st Round,3,Rakhimova K.,Sierra S.,82,63,869,1000,6,1,6,3,,,2,0,Completed,1.44,2.75,,,1.44,2.9,1.41,2.82,1.44,3.2
14,Miami,Miami Open,3/19/2026,WTA1000,Outdoor,Hard,1st Round,3,Yastremska D.,Krueger A.,54,79,1140,879,2,6,6,4,7,5,2,1,Completed,2.1,1.73,,,2.15,1.73,2.11,1.7,2.26,1.78
14,Miami,Miami Open,3/19/2026,WTA1000,Outdoor,Hard,1st Round,3,Townsend T.,Sun L.,80,111,874,735,7,6,6,3,,,2,0,Completed,1.57,2.38,,,1.6,2.38,1.57,2.33,1.66,2.48
14,Miami,Miami Open,3/19/2026,WTA1000,Outdoor,Hard,1st Round,3,Ruse E.G.,Ruzic A.,73,55,900,1111,7,5,7,6,,,2,0,Completed,1.62,2.3,,,1.73,2.31,1.62,2.23,1.67,2.46
14,Miami,Miami Open,3/19/2026,WTA1000,Outdoor,Hard,1st Round,3,Jones E.,Fruhvirtova L.,147,121,532,685,3,6,7,6,7,6,2,1,Completed,2,1.8,,,2,2.1,1.95,1.82,2.2,1.81
14,Miami,Miami Open,3/20/2026,WTA1000,Outdoor,Hard,1st Round,3,Stephens S.,Brady J.,717,744,54,50,6,4,6,2,,,2,0,Completed,2.75,1.44,,,2.88,1.44,2.8,1.41,3.1,1.46
14,Miami,Miami Open,3/19/2026,WTA1000,Outdoor,Hard,2nd Round,3,Eala A.,Siegemund L.,29,53,1525,1143,6,7,6,3,6,3,2,1,Completed,1.53,2.5,,,1.54,2.55,1.52,2.47,1.55,2.78
14,Miami,Miami Open,3/19/2026,WTA1000,Outdoor,Hard,2nd Round,3,Linette M.,Swiatek I.,50,3,1209,7413,1,6,7,5,6,3,2,1,Completed,17,1.02,,,17,1.04,12.25,1.03,18,1.05
14,Miami,Miami Open,3/19/2026,WTA1000,Outdoor,Hard,2nd Round,3,Bouzkova M.,Jacquemot E.,32,62,1425,1021,6,2,6,2,,,2,0,Completed,1.3,3.5,,,1.3,3.75,1.29,3.5,1.36,3.65
14,Miami,Miami Open,3/20/2026,WTA1000,Outdoor,Hard,2nd Round,3,Andreeva M.,Kessler M.,10,51,3066,1168,6,1,6,7,6,1,2,1,Completed,1.2,4.5,,,1.3,4.5,1.22,4.15,1.25,4.8
14,Miami,Miami Open,3/20/2026,WTA1000,Outdoor,Hard,2nd Round,3,Mboko V.,Blinkova A.,9,92,3351,820,6,2,6,0,,,2,0,Completed,1.06,10,,,1.07,10,1.06,8.67,1.09,11
14,Miami,Miami Open,3/20/2026,WTA1000,Outdoor,Hard,2nd Round,3,Bencic B.,Sonmez Z.,12,83,2803,866,6,3,6,2,,,2,0,Completed,1.25,4,,,1.25,4.33,1.23,3.99,1.27,4.6
14,Miami,Miami Open,3/20/2026,WTA1000,Outdoor,Hard,2nd Round,3,Cirstea S.,Noskova L.,35,13,1374,2801,6,2,3,6,6,4,2,1,Completed,2.1,1.73,,,2.2,1.75,2.13,1.69,2.2,1.82
14,Miami,Miami Open,3/20/2026,WTA1000,Outdoor,Hard,2nd Round,3,Zakharova A.,Kalinskaya A.,74,21,899,1868,3,6,6,1,7,5,2,1,Completed,3,1.4,,,3,1.44,2.9,1.4,3.2,1.43
14,Miami,Miami Open,3/20/2026,WTA1000,Outdoor,Hard,2nd Round,3,Shnaider D.,Valentova T.,20,49,1898,1217,7,6,7,6,,,2,0,Completed,1.91,1.91,,,1.91,1.92,1.88,1.89,2.02,1.95
14,Miami,Miami Open,3/20/2026,WTA1000,Outdoor,Hard,2nd Round,3,Anisimova A.,Tomljanovic A.,6,81,6180,872,6,1,5,7,6,4,2,1,Completed,1.13,6,,,1.16,6,1.14,5.55,1.18,6.2
14,Miami,Miami Open,3/20/2026,WTA1000,Outdoor,Hard,2nd Round,3,Parks A.,Sakkari M.,105,33,764,1410,6,3,6,3,,,2,0,Completed,3.5,1.3,,,3.6,1.3,3.46,1.29,3.65,1.36
14,Miami,Miami Open,3/20/2026,WTA1000,Outdoor,Hard,2nd Round,3,Boulter K.,Tauson C.,67,16,957,2095,6,7,6,4,1,0,1,1,Retired,2.5,1.53,,,2.75,1.53,2.62,1.47,2.96,1.5
14,Miami,Miami Open,3/20/2026,WTA1000,Outdoor,Hard,2nd Round,3,Starodubtseva Y.,Bucsa C.,108,30,751,1446,6,2,3,2,,,1,0,Retired,2.5,1.53,,,2.5,1.57,2.44,1.54,2.54,1.63
14,Miami,Miami Open,3/20/2026,WTA1000,Outdoor,Hard,2nd Round,3,Mertens E.,Kalieva E.,19,154,1936,484,6,2,6,0,,,2,0,Completed,1.14,5.5,,,1.17,5.5,1.15,5.03,1.17,6.2
14,Miami,Miami Open,3/20/2026,WTA1000,Outdoor,Hard,2nd Round,3,Paolini J.,Townsend T.,7,80,4232,874,6,3,1,6,6,2,2,1,Completed,1.67,2.2,,,1.75,2.2,1.69,2.13,1.78,2.26
14,Miami,Miami Open,3/20/2026,WTA1000,Outdoor,Hard,2nd Round,3,Muchova K.,Osorio M.,14,58,2668,1071,4,6,6,2,7,5,2,1,Completed,1.3,3.5,,,1.3,3.8,1.29,3.5,1.3,4.2
14,Miami,Miami Open,3/20/2026,WTA1000,Outdoor,Hard,2nd Round,3,Gauff C.,Cocciaretto E.,4,44,6748,1255,3,6,6,4,6,3,2,1,Completed,1.17,5,,,1.21,5,1.18,4.6,1.21,5.3
14,Miami,Miami Open,3/20/2026,WTA1000,Outdoor,Hard,2nd Round,3,Baptiste H.,Samsonova L.,45,22,1244,1845,6,3,7,5,,,2,0,Completed,1.8,2,,,1.84,2,1.8,1.96,1.86,2.14
14,Miami,Miami Open,3/20/2026,WTA1000,Outdoor,Hard,2nd Round,3,Ostapenko J.,Yastremska D.,24,54,1655,1140,6,4,6,4,,,2,0,Completed,1.62,2.3,,,1.62,2.35,1.6,2.27,1.7,2.4
14,Miami,Miami Open,3/20/2026,WTA1000,Outdoor,Hard,2nd Round,3,Alexandrova E.,Tagger L.,11,115,2918,708,6,3,6,3,,,2,0,Completed,1.4,3,,,1.41,3,1.38,2.94,1.42,3.25
14,Miami,Miami Open,3/20/2026,WTA1000,Outdoor,Hard,2nd Round,3,Svitolina E.,Jones E.,8,147,4020,532,6,2,6,4,,,2,0,Completed,1.07,9,,,1.12,9,1.09,7.06,1.11,9.2
14,Miami,Miami Open,3/20/2026,WTA1000,Outdoor,Hard,2nd Round,3,McNally C.,Wang Xin.,72,34,903,1383,6,4,1,6,6,0,2,1,Completed,1.8,2,,,1.91,2,1.84,1.91,1.98,1.99
14,Miami,Miami Open,3/21/2026,WTA1000,Outdoor,Hard,2nd Round,3,Kostyuk M.,Rakhimova K.,28,82,1528,869,6,2,6,4,,,2,0,Completed,1.25,4,,,1.25,4.1,1.24,3.95,1.28,4.4
14,Miami,Miami Open,3/21/2026,WTA1000,Outdoor,Hard,2nd Round,3,Sabalenka A.,Li A.,1,39,11025,1333,7,6,6,4,,,2,0,Completed,1.03,15,,,1.03,17,1.03,12.46,1.05,17.5
14,Miami,Miami Open,3/21/2026,WTA1000,Outdoor,Hard,2nd Round,3,Cristian J.,Stearns P.,36,47,1367,1237,6,4,7,5,,,2,0,Completed,2.3,1.62,,,2.3,1.67,2.24,1.62,2.44,1.68
14,Miami,Miami Open,3/21/2026,WTA1000,Outdoor,Hard,2nd Round,3,Rybakina E.,Putintseva Y.,2,75,7783,896,6,3,6,3,,,2,0,Completed,1.11,6.5,,,1.12,7.5,1.11,6.38,1.14,7.8
14,Miami,Miami Open,3/21/2026,WTA1000,Outdoor,Hard,2nd Round,3,Jovic I.,Badosa P.,17,100,2070,797,6,2,6,1,,,2,0,Completed,1.57,2.38,,,1.6,2.38,1.57,2.32,1.63,2.56
14,Miami,Miami Open,3/21/2026,WTA1000,Outdoor,Hard,2nd Round,3,Fernandez L.A.,Selekhmeteva O.,25,71,1598,912,7,6,3,6,6,1,2,1,Completed,1.5,2.63,,,1.5,2.63,1.48,2.58,1.56,2.72
14,Miami,Miami Open,3/21/2026,WTA1000,Outdoor,Hard,2nd Round,3,Pegula J.,Jones F.,5,93,6678,815,6,1,3,0,,,1,0,Retired,1.02,17,,,1.04,17,1.03,12.5,1.04,21
14,Miami,Miami Open,3/21/2026,WTA1000,Outdoor,Hard,2nd Round,3,Zheng Q.,Stephens S.,26,717,1553,54,6,3,6,2,,,2,0,Completed,1.13,6,,,1.14,6,1.13,5.69,1.14,7.4
14,Miami,Miami Open,3/21/2026,WTA1000,Outdoor,Hard,2nd Round,3,Keys M.,Ruse E.G.,18,73,2026,900,6,0,6,3,,,2,0,Completed,1.4,3,,,1.42,3,1.4,2.9,1.44,3.15
14,Miami,Miami Open,3/21/2026,WTA1000,Outdoor,Hard,2nd Round,3,Gibson T.,Osaka N.,68,15,950,2434,7,5,6,4,,,2,0,Completed,2.75,1.44,,,2.8,1.46,2.73,1.43,2.88,1.52
14,Miami,Miami Open,3/21/2026,WTA1000,Outdoor,Hard,3rd Round,3,Bencic B.,Shnaider D.,12,20,2803,1898,6,3,6,3,,,2,0,Completed,1.36,3.2,,,1.41,3.2,1.39,2.96,1.43,3.25
14,Miami,Miami Open,3/21/2026,WTA1000,Outdoor,Hard,3rd Round,3,Andreeva M.,Bouzkova M.,10,32,3066,1425,7,6,6,2,,,2,0,Completed,1.17,5,,,1.17,5.5,1.16,5.06,1.19,6
14,Miami,Miami Open,3/21/2026,WTA1000,Outdoor,Hard,3rd Round,3,Anisimova A.,Starodubtseva Y.,6,108,6180,751,6,4,6,2,,,2,0,Completed,1.1,7,,,1.11,7.5,1.1,6.63,1.13,7.6
14,Miami,Miami Open,3/21/2026,WTA1000,Outdoor,Hard,3rd Round,3,Mboko V.,Zakharova A.,9,74,3351,899,6,1,7,5,,,2,0,Completed,1.14,5.5,,,1.14,6,1.13,5.58,1.16,6.8
14,Miami,Miami Open,3/21/2026,WTA1000,Outdoor,Hard,3rd Round,3,Muchova K.,Boulter K.,14,67,2668,957,6,3,7,5,,,2,0,Completed,1.25,4,,,1.28,4,1.25,3.76,1.28,4.4
14,Miami,Miami Open,3/21/2026,WTA1000,Outdoor,Hard,3rd Round,3,Cirstea S.,Mertens E.,35,19,1374,1936,6,3,6,2,,,2,0,Completed,2,1.8,,,2.06,1.87,1.98,1.79,2.08,1.89
14,Miami,Miami Open,3/21/2026,WTA1000,Outdoor,Hard,3rd Round,3,Eala A.,Linette M.,29,50,1525,1209,6,3,7,6,,,2,0,Completed,1.67,2.2,,,1.7,2.25,1.67,2.15,1.74,2.3
14,Miami,Miami Open,3/21/2026,WTA1000,Outdoor,Hard,3rd Round,3,Gauff C.,Parks A.,4,105,6748,764,3,6,6,0,6,1,2,1,Completed,1.11,6.5,,,1.12,9.5,1.11,6.63,1.15,7.2
14,Miami,Miami Open,3/22/2026,WTA1000,Outdoor,Hard,3rd Round,3,Cristian J.,Alexandrova E.,36,11,1367,2918,6,3,4,6,7,6,2,1,Completed,2.75,1.44,,,2.75,1.5,2.67,1.45,3,1.48
14,Miami,Miami Open,3/22/2026,WTA1000,Outdoor,Hard,3rd Round,3,Ostapenko J.,Paolini J.,24,7,1655,4232,5,7,6,2,7,5,2,1,Completed,2.2,1.67,,,2.25,1.67,2.16,1.67,2.28,1.76
14,Miami,Miami Open,3/22/2026,WTA1000,Outdoor,Hard,3rd Round,3,Pegula J.,Fernandez L.A.,5,25,6678,1598,6,2,6,2,,,2,0,Completed,1.14,5.5,,,1.15,6,1.14,5.56,1.16,6.8
14,Miami,Miami Open,3/22/2026,WTA1000,Outdoor,Hard,3rd Round,3,Baptiste H.,Svitolina E.,45,8,1244,4020,6,3,7,5,,,2,0,Completed,4.33,1.22,,,4.4,1.23,4.1,1.22,4.8,1.25
14,Miami,Miami Open,3/22/2026,WTA1000,Outdoor,Hard,3rd Round,3,Gibson T.,Jovic I.,68,17,950,2070,6,2,6,2,,,2,0,Completed,2.63,1.5,,,2.75,1.5,2.62,1.47,2.86,1.53
14,Miami,Miami Open,3/22/2026,WTA1000,Outdoor,Hard,3rd Round,3,Rybakina E.,Kostyuk M.,2,28,7783,1528,6,3,6,4,,,2,0,Completed,1.22,4.33,,,1.22,4.6,1.21,4.33,1.25,4.8
14,Miami,Miami Open,3/22/2026,WTA1000,Outdoor,Hard,3rd Round,3,Zheng Q.,Keys M.,26,18,1553,2026,4,6,6,2,6,4,2,1,Completed,2.1,1.73,,,2.2,1.73,2.11,1.7,2.18,1.84
14,Miami,Miami Open,3/22/2026,WTA1000,Outdoor,Hard,3rd Round,3,Sabalenka A.,McNally C.,1,72,11025,903,6,4,6,2,,,2,0,Completed,1.05,11,,,1.05,12,1.05,10.06,1.06,15
14,Miami,Miami Open,3/23/2026,WTA1000,Outdoor,Hard,4th Round,3,Muchova K.,Eala A.,14,29,2668,1525,6,0,6,2,,,2,0,Completed,1.25,4,,,1.26,4,1.24,3.87,1.28,4.5
14,Miami,Miami Open,3/23/2026,WTA1000,Outdoor,Hard,4th Round,3,Mboko V.,Andreeva M.,9,10,3351,3066,7,6,4,6,6,0,2,1,Completed,1.91,1.91,,,1.93,1.95,1.87,1.89,1.95,2.02
14,Miami,Miami Open,3/23/2026,WTA1000,Outdoor,Hard,4th Round,3,Gauff C.,Cirstea S.,4,35,6748,1374,6,4,3,6,6,2,2,1,Completed,1.5,2.63,,,1.53,2.63,1.51,2.5,1.57,2.7
14,Miami,Miami Open,3/23/2026,WTA1000,Outdoor,Hard,4th Round,3,Baptiste H.,Ostapenko J.,45,24,1244,1655,6,3,6,4,,,2,0,Completed,1.91,1.91,,,1.92,1.95,1.87,1.88,1.94,2.04
14,Miami,Miami Open,3/23/2026,WTA1000,Outdoor,Hard,4th Round,3,Pegula J.,Cristian J.,5,36,6678,1367,6,4,6,1,,,2,0,Completed,1.08,8,,,1.11,8.5,1.09,7.21,1.12,9
14,Miami,Miami Open,3/23/2026,WTA1000,Outdoor,Hard,4th Round,3,Sabalenka A.,Zheng Q.,1,26,11025,1553,6,3,6,4,,,2,0,Completed,1.13,6,,,1.16,6,1.14,5.43,1.15,7.2
14,Miami,Miami Open,3/24/2026,WTA1000,Outdoor,Hard,4th Round,3,Bencic B.,Anisimova A.,12,6,2803,6180,6,2,6,2,,,2,0,Completed,2.3,1.62,,,2.31,1.68,2.25,1.62,2.46,1.66
14,Miami,Miami Open,3/24/2026,WTA1000,Outdoor,Hard,4th Round,3,Rybakina E.,Gibson T.,2,68,7783,950,6,2,6,2,,,2,0,Completed,1.13,6,,,1.13,7,1.11,6.23,1.14,7.6
14,Miami,Miami Open,3/24/2026,WTA1000,Outdoor,Hard,Quarterfinals,3,Muchova K.,Mboko V.,14,9,2668,3351,7,5,7,6,,,2,0,Completed,1.91,1.91,,,1.91,1.91,1.88,1.89,1.94,2.04
14,Miami,Miami Open,3/24/2026,WTA1000,Outdoor,Hard,Quarterfinals,3,Gauff C.,Bencic B.,4,12,6748,2803,6,3,1,6,6,3,2,1,Completed,1.91,1.91,,,2,1.91,1.95,1.82,2.16,1.84
14,Miami,Miami Open,3/25/2026,WTA1000,Outdoor,Hard,Quarterfinals,3,Rybakina E.,Pegula J.,2,5,7783,6678,2,6,6,3,6,4,2,1,Completed,1.44,2.75,,,1.48,2.8,1.43,2.75,1.5,2.96
14,Miami,Miami Open,3/25/2026,WTA1000,Outdoor,Hard,Quarterfinals,3,Sabalenka A.,Baptiste H.,1,45,11025,1244,6,4,6,4,,,2,0,Completed,1.08,8,,,1.08,9.5,1.07,8.02,1.09,11.5
14,Miami,Miami Open,3/26/2026,WTA1000,Outdoor,Hard,Semifinals,3,Gauff C.,Muchova K.,4,14,6748,2668,6,1,6,1,,,2,0,Completed,1.8,2,,,1.91,2,1.84,1.93,1.97,2.02
14,Miami,Miami Open,3/27/2026,WTA1000,Outdoor,Hard,Semifinals,3,Sabalenka A.,Rybakina E.,1,2,11025,7783,6,4,6,3,,,2,0,Completed,1.73,2.1,,,1.75,2.17,1.72,2.09,1.76,2.28
14,Miami,Miami Open,3/28/2026,WTA1000,Outdoor,Hard,The Final,3,Sabalenka A.,Gauff C.,1,4,11025,6748,6,2,4,6,6,3,2,1,Completed,1.29,3.75,,,1.32,3.8,1.28,3.64,1.3,4.3
15,Bogota,Copa Colsanitas,3/30/2026,WTA250,Outdoor,Clay,1st Round,3,Kawa K.,Monnet C.,132,171,588,420,6,1,6,0,,,2,0,Completed,1.4,3,,,1.4,3,1.39,2.89,1.46,3.05
15,Bogota,Copa Colsanitas,3/30/2026,WTA250,Outdoor,Clay,1st Round,3,Riera J.,Janicijevic S.,186,245,387,287,7,6,6,1,,,2,0,Completed,1.44,2.75,,,1.5,2.75,1.46,2.66,1.54,2.8
15,Bogota,Copa Colsanitas,3/30/2026,WTA250,Outdoor,Clay,1st Round,3,Pareja J.,Mandlik E.,269,174,254,416,6,3,6,3,,,2,0,Completed,1.53,2.5,,,1.62,2.55,1.52,2.47,1.57,2.72
15,Bogota,Copa Colsanitas,3/30/2026,WTA250,Outdoor,Clay,1st Round,3,Papamichail D.,Tikhonova A.,163,1178,448,11,6,3,6,1,,,2,0,Completed,1.67,2.2,,,1.67,2.23,1.65,2.19,1.71,2.38
15,Bogota,Copa Colsanitas,3/30/2026,WTA250,Outdoor,Clay,1st Round,3,Maria T.,Mediorreal A.V.,60,753,1047,48,6,2,6,1,,,2,0,Completed,1.04,13,,,1.06,16,1.03,12.3,1.06,15
15,Bogota,Copa Colsanitas,3/31/2026,WTA250,Outdoor,Clay,1st Round,3,Udvardy P.,Torres Murcia M.C.,92,880,804,30,6,1,1,6,6,0,2,1,Completed,1.01,26,,,1.03,31,1.01,18.18,1.01,100
15,Bogota,Copa Colsanitas,3/31/2026,WTA250,Outdoor,Clay,1st Round,3,Lepchenko V.,Karatancheva L.,155,288,483,231,3,6,6,3,6,2,2,1,Completed,1.5,2.63,,,1.52,2.63,1.49,2.54,1.6,2.66
15,Bogota,Copa Colsanitas,3/31/2026,WTA250,Outdoor,Clay,1st Round,3,Semenistaja D.,Seidel E.,98,82,791,850,6,2,6,2,,,2,0,Completed,2,1.8,,,2.05,1.91,1.95,1.81,2.02,1.96
15,Bogota,Copa Colsanitas,3/31/2026,WTA250,Outdoor,Clay,1st Round,3,Maristany G.,Jones F.,178,101,401,775,6,1,6,1,,,2,0,Completed,2.63,1.5,,,2.65,1.57,2.49,1.51,2.78,1.55
15,Bogota,Copa Colsanitas,3/31/2026,WTA250,Outdoor,Clay,1st Round,3,Osorio M.,Dolehide C.,54,135,1096,571,6,7,6,2,6,1,2,1,Completed,1.3,3.5,,,1.33,3.75,1.27,3.63,1.28,4.4
15,Bogota,Copa Colsanitas,3/31/2026,WTA250,Outdoor,Clay,1st Round,3,Blinkova A.,Montgomery R.,99,368,790,169,6,2,6,3,,,2,0,Completed,1.57,2.38,,,1.57,2.5,1.54,2.4,1.63,2.54
15,Bogota,Copa Colsanitas,3/31/2026,WTA250,Outdoor,Clay,1st Round,3,Bouzas Maneiro J.,Rakotomanga Rajaonah T.,48,131,1210,597,6,2,6,2,,,2,0,Completed,1.22,4.33,,,1.25,4.4,1.23,4.1,1.25,4.8
15,Bogota,Copa Colsanitas,3/31/2026,WTA250,Outdoor,Clay,1st Round,3,Ortenzi J.,Burillo Escorihuela I.,206,211,339,329,6,1,6,4,,,2,0,Completed,1.36,3.2,,,1.42,3.2,1.38,2.94,1.48,3
15,Bogota,Copa Colsanitas,3/31/2026,WTA250,Outdoor,Clay,1st Round,3,Arango E.,Carle M.,106,177,755,402,1,6,6,2,6,0,2,1,Completed,1.5,2.63,,,1.5,2.7,1.46,2.63,1.53,2.82
15,Bogota,Copa Colsanitas,3/31/2026,WTA250,Outdoor,Clay,1st Round,3,Vandewinkel H.,Costoulas S.,96,134,795,580,6,3,2,6,6,3,2,1,Completed,1.44,2.75,,,1.48,2.75,1.45,2.67,1.51,2.94
15,Bogota,Copa Colsanitas,4/1/2026,WTA250,Outdoor,Clay,1st Round,3,Bouzkova M.,Sanchez A.S.,26,231,1480,304,6,0,6,2,,,2,0,Completed,1.04,13,,,1.05,15,1.04,11.3,1.04,17.5
15,Bogota,Copa Colsanitas,4/1/2026,WTA250,Outdoor,Clay,2nd Round,3,Semenistaja D.,Papamichail D.,98,163,791,448,6,1,1,6,6,2,2,1,Completed,1.36,3.2,,,1.36,3.7,1.3,3.4,1.29,4.2
15,Bogota,Copa Colsanitas,4/1/2026,WTA250,Outdoor,Clay,2nd Round,3,Udvardy P.,Pareja J.,92,269,804,254,6,0,2,6,6,1,2,1,Completed,1.73,2.1,,,1.85,2.1,1.78,1.99,1.86,2.14
15,Bogota,Copa Colsanitas,4/1/2026,WTA250,Outdoor,Clay,2nd Round,3,Kawa K.,Maria T.,132,60,588,1047,6,3,6,3,,,2,0,Completed,1.4,3,,,1.42,3,1.39,2.89,1.44,3.15
15,Bogota,Copa Colsanitas,4/2/2026,WTA250,Outdoor,Clay,2nd Round,3,Riera J.,Blinkova A.,186,99,387,790,0,6,6,2,6,1,2,1,Completed,2.1,1.73,,,2.11,1.77,2.05,1.73,2.18,1.82
15,Bogota,Copa Colsanitas,4/2/2026,WTA250,Outdoor,Clay,2nd Round,3,Arango E.,Maristany G.,106,178,755,401,7,5,6,2,,,2,0,Completed,1.73,2.1,,,1.73,2.14,1.71,2.11,1.84,2.16
15,Bogota,Copa Colsanitas,4/2/2026,WTA250,Outdoor,Clay,2nd Round,3,Ortenzi J.,Osorio M.,206,54,339,1096,7,6,7,6,,,2,0,Completed,6,1.13,,,6,1.14,5.88,1.12,7,1.15
15,Bogota,Copa Colsanitas,4/2/2026,WTA250,Outdoor,Clay,2nd Round,3,Bouzkova M.,Vandewinkel H.,26,96,1480,795,6,4,,,,,1,0,Retired,1.44,2.75,,,1.45,2.9,1.43,2.75,1.48,3
15,Bogota,Copa Colsanitas,4/2/2026,WTA250,Outdoor,Clay,2nd Round,3,Lepchenko V.,Bouzas Maneiro J.,155,48,483,1210,6,0,2,6,7,5,2,1,Completed,4.5,1.2,,,5,1.2,4.63,1.18,5.3,1.22
15,Bogota,Copa Colsanitas,4/3/2026,WTA250,Outdoor,Clay,Quarterfinals,3,Ortenzi J.,Riera J.,206,186,339,387,6,7,6,3,6,2,2,1,Completed,2.2,1.67,,,2.25,1.68,2.21,1.63,2.32,1.74
15,Bogota,Copa Colsanitas,4/3/2026,WTA250,Outdoor,Clay,Quarterfinals,3,Bouzkova M.,Semenistaja D.,26,98,1480,791,6,1,7,5,,,2,0,Completed,1.36,3.2,,,1.37,3.5,1.34,3.16,1.38,3.45
15,Bogota,Copa Colsanitas,4/3/2026,WTA250,Outdoor,Clay,Quarterfinals,3,Arango E.,Lepchenko V.,106,155,755,483,6,4,6,3,,,2,0,Completed,1.36,3.2,,,1.48,3.2,1.44,2.69,1.48,3
15,Bogota,Copa Colsanitas,4/3/2026,WTA250,Outdoor,Clay,Quarterfinals,3,Udvardy P.,Kawa K.,92,132,804,588,7,6,6,1,,,2,0,Completed,2.5,1.53,,,2.5,1.66,2.26,1.6,2.4,1.7
15,Bogota,Copa Colsanitas,4/4/2026,WTA250,Outdoor,Clay,Semifinals,3,Bouzkova M.,Ortenzi J.,26,206,1480,339,7,6,6,2,,,2,0,Completed,1.13,6,,,1.17,6,1.15,5.17,1.2,5.7
15,Bogota,Copa Colsanitas,4/4/2026,WTA250,Outdoor,Clay,Semifinals,3,Udvardy P.,Arango E.,92,106,804,755,6,7,6,3,7,6,2,1,Completed,2,1.8,,,2.1,1.8,2.03,1.75,2.18,1.83
15,Bogota,Copa Colsanitas,4/5/2026,WTA250,Outdoor,Clay,The Final,3,Bouzkova M.,Udvardy P.,26,92,1480,804,6,7,6,2,6,2,2,1,Completed,1.36,3.2,,,1.36,3.35,1.33,3.21,1.37,3.6
16,Charleston,Charleston Open,3/30/2026,WTA500,Outdoor,Clay,1st Round,3,Volynets K.,Lys E.,86,76,831,893,5,7,6,2,6,0,2,1,Completed,1.73,2.1,,,1.73,2.2,1.69,2.13,1.77,2.28
16,Charleston,Charleston Open,3/30/2026,WTA500,Outdoor,Clay,1st Round,3,Putintseva Y.,Sun L.,72,105,921,755,7,6,6,2,,,2,0,Completed,1.4,3,,,1.43,3,1.4,2.85,1.48,3
16,Charleston,Charleston Open,3/30/2026,WTA500,Outdoor,Clay,1st Round,3,Yastremska D.,Zakharova A.,49,66,1165,978,7,5,6,2,,,2,0,Completed,1.62,2.3,,,1.67,2.3,1.64,2.21,1.79,2.22
16,Charleston,Charleston Open,3/30/2026,WTA500,Outdoor,Clay,1st Round,3,Kessler M.,Kalieva E.,53,143,1138,543,4,6,6,3,6,3,2,1,Completed,1.53,2.5,,,1.62,2.55,1.54,2.42,1.63,2.56
16,Charleston,Charleston Open,3/30/2026,WTA500,Outdoor,Clay,1st Round,3,Urhobo A.,Sierra S.,273,65,245,989,7,5,3,0,,,1,0,Retired,2,1.8,,,2,1.95,1.88,1.88,1.93,2.04
16,Charleston,Charleston Open,3/30/2026,WTA500,Outdoor,Clay,1st Round,3,Zarazua R.,Stephens S.,85,554,835,89,6,2,6,0,,,2,0,Completed,1.73,2.1,,,1.8,2.2,1.7,2.11,1.83,2.2
16,Charleston,Charleston Open,3/30/2026,WTA500,Outdoor,Clay,1st Round,3,Tomova V.,Brady J.,169,689,424,60,6,4,6,3,,,2,0,Completed,1.8,2,,,1.8,2.38,1.65,2.18,1.64,2.5
16,Charleston,Charleston Open,3/30/2026,WTA500,Outdoor,Clay,1st Round,3,Bondar A.,Vidmanova D.,68,116,966,706,7,5,7,5,,,2,0,Completed,1.57,2.38,,,1.57,2.54,1.53,2.44,1.59,2.66
16,Charleston,Charleston Open,3/30/2026,WTA500,Outdoor,Clay,1st Round,3,Vekic D.,Tomljanovic A.,115,75,707,897,3,6,6,1,6,4,2,1,Completed,1.8,2,,,1.83,2.08,1.77,2.01,1.87,2.1
16,Charleston,Charleston Open,3/31/2026,WTA500,Outdoor,Clay,1st Round,3,Parks A.,Stoiana M.,97,173,794,419,2,6,6,4,6,1,2,1,Completed,1.67,2.2,,,1.73,2.2,1.68,2.13,1.78,2.26
16,Charleston,Charleston Open,3/31/2026,WTA500,Outdoor,Clay,1st Round,3,Andreescu B.,Galfi D.,140,84,553,837,1,6,6,4,6,1,2,1,Completed,1.73,2.1,,,1.73,2.14,1.7,2.11,1.76,2.26
16,Charleston,Charleston Open,3/31/2026,WTA500,Outdoor,Clay,1st Round,3,Yuan Y.,Sherif M.,121,102,674,773,2,6,7,6,7,6,2,1,Completed,2.2,1.67,,,2.2,1.68,2.19,1.65,2.46,1.67
16,Charleston,Charleston Open,3/31/2026,WTA500,Outdoor,Clay,1st Round,3,Starodubtseva Y.,Zhang S.,89,62,816,1031,6,3,6,0,,,2,0,Completed,1.5,2.63,,,1.57,2.63,1.52,2.47,1.6,2.58
16,Charleston,Charleston Open,3/31/2026,WTA500,Outdoor,Clay,1st Round,3,Krueger A.,McNally C.,103,69,769,958,6,4,1,6,6,3,2,1,Completed,2,1.8,,,2.07,1.81,2,1.78,2.12,1.87
16,Charleston,Charleston Open,3/31/2026,WTA500,Outdoor,Clay,1st Round,3,Badosa P.,Day K.,113,162,712,448,6,4,6,3,,,2,0,Completed,1.3,3.5,,,1.3,3.75,1.29,3.53,1.34,3.85
16,Charleston,Charleston Open,3/31/2026,WTA500,Outdoor,Clay,1st Round,3,Kudermetova P.,Oliynykova O.,156,71,481,931,3,6,7,6,6,4,2,1,Completed,2.2,1.67,,,2.2,1.76,2.08,1.72,2.16,1.85
16,Charleston,Charleston Open,3/31/2026,WTA500,Outdoor,Clay,2nd Round,3,Kalinskaya A.,Tomova V.,22,169,1813,424,6,2,6,4,,,2,0,Completed,1.2,4.5,,,1.22,4.5,1.2,4.34,1.25,4.8
16,Charleston,Charleston Open,3/31/2026,WTA500,Outdoor,Clay,2nd Round,3,Bejlek S.,Urhobo A.,40,273,1321,245,6,1,6,1,,,2,0,Completed,1.36,3.2,,,1.36,3.25,1.34,3.16,1.38,3.5
16,Charleston,Charleston Open,3/31/2026,WTA500,Outdoor,Clay,2nd Round,3,Bencic B.,Yastremska D.,12,49,2983,1165,6,2,6,7,6,3,2,1,Completed,1.25,4,,,1.27,4,1.25,3.73,1.3,4.2
16,Charleston,Charleston Open,4/1/2026,WTA500,Outdoor,Clay,2nd Round,3,Shnaider D.,Volynets K.,19,86,1953,831,7,5,7,5,,,2,0,Completed,1.44,2.75,,,1.44,3.05,1.41,2.82,1.49,3
16,Charleston,Charleston Open,4/1/2026,WTA500,Outdoor,Clay,2nd Round,3,Kessler M.,Tjen J.,53,41,1138,1317,6,2,6,1,,,2,0,Completed,1.73,2.1,,,1.73,2.25,1.66,2.17,1.69,2.42
16,Charleston,Charleston Open,4/1/2026,WTA500,Outdoor,Clay,2nd Round,3,Cocciaretto E.,Yuan Y.,43,121,1280,674,6,0,7,5,,,2,0,Completed,1.3,3.5,,,1.3,3.75,1.29,3.53,1.32,4
16,Charleston,Charleston Open,4/1/2026,WTA500,Outdoor,Clay,2nd Round,3,Jovic I.,Parks A.,16,97,2105,794,6,3,6,2,,,2,0,Completed,1.2,4.5,,,1.22,4.5,1.21,4.31,1.24,4.8
16,Charleston,Charleston Open,4/1/2026,WTA500,Outdoor,Clay,2nd Round,3,Stearns P.,Krueger A.,46,103,1237,769,7,6,7,5,,,2,0,Completed,1.62,2.3,,,1.68,2.38,1.6,2.27,1.66,2.46
16,Charleston,Charleston Open,4/1/2026,WTA500,Outdoor,Clay,2nd Round,3,Bondar A.,Frech M.,68,38,966,1348,7,5,6,3,,,2,0,Completed,1.91,1.91,,,1.95,1.91,1.87,1.88,1.98,2
16,Charleston,Charleston Open,4/1/2026,WTA500,Outdoor,Clay,2nd Round,3,Pegula J.,Putintseva Y.,5,72,6243,921,4,6,6,4,7,5,2,1,Completed,1.13,6,,,1.15,6.5,1.13,5.73,1.14,7.6
16,Charleston,Charleston Open,4/1/2026,WTA500,Outdoor,Clay,2nd Round,3,Badosa P.,Sakkari M.,113,36,712,1370,6,3,6,4,,,2,0,Completed,1.8,2,,,1.86,2,1.81,1.96,1.93,2.04
16,Charleston,Charleston Open,4/1/2026,WTA500,Outdoor,Clay,2nd Round,3,Fernandez L.A.,Kudermetova P.,24,156,1598,481,6,2,6,1,,,2,0,Completed,1.53,2.5,,,1.58,2.5,1.54,2.43,1.61,2.6
16,Charleston,Charleston Open,4/1/2026,WTA500,Outdoor,Clay,2nd Round,3,Keys M.,Vekic D.,18,115,2026,707,6,2,6,3,,,2,0,Completed,1.36,3.2,,,1.36,3.5,1.33,3.26,1.37,3.65
16,Charleston,Charleston Open,4/1/2026,WTA500,Outdoor,Clay,2nd Round,3,Kenin S.,Andreescu B.,47,140,1217,553,6,4,6,4,,,2,0,Completed,2.5,1.53,,,2.7,1.56,2.53,1.51,2.86,1.52
16,Charleston,Charleston Open,4/1/2026,WTA500,Outdoor,Clay,2nd Round,3,Starodubtseva Y.,Gorgodze E.,89,164,816,446,3,6,6,1,6,2,2,1,Completed,1.2,4.5,,,1.29,5,1.19,4.46,1.2,5.8
16,Charleston,Charleston Open,4/2/2026,WTA500,Outdoor,Clay,2nd Round,3,Zarazua R.,Baptiste H.,85,33,835,1394,3,6,6,3,6,4,2,1,Completed,3.2,1.36,,,3.3,1.44,3.15,1.34,3.45,1.39
16,Charleston,Charleston Open,4/2/2026,WTA500,Outdoor,Clay,3rd Round,3,Bencic B.,Bejlek S.,12,40,2983,1321,7,6,6,2,,,2,0,Completed,1.44,2.75,,,1.5,2.75,1.45,2.68,1.49,3
16,Charleston,Charleston Open,4/2/2026,WTA500,Outdoor,Clay,3rd Round,3,Kessler M.,Stearns P.,53,46,1138,1237,6,0,3,6,6,4,2,1,Completed,2.3,1.62,,,2.75,1.63,2.32,1.58,2.48,1.65
16,Charleston,Charleston Open,4/2/2026,WTA500,Outdoor,Clay,3rd Round,3,Pegula J.,Cocciaretto E.,5,43,6243,1280,1,6,6,1,7,6,2,1,Completed,1.2,4.5,,,1.23,4.5,1.21,4.23,1.22,5.3
16,Charleston,Charleston Open,4/2/2026,WTA500,Outdoor,Clay,3rd Round,3,Shnaider D.,Fernandez L.A.,19,24,1953,1598,6,3,6,0,,,2,0,Completed,1.5,2.63,,,1.53,2.65,1.5,2.55,1.63,2.58
16,Charleston,Charleston Open,4/2/2026,WTA500,Outdoor,Clay,3rd Round,3,Starodubtseva Y.,Zarazua R.,89,85,816,835,6,1,6,0,,,2,0,Completed,1.73,2.1,,,1.73,2.5,1.69,2.14,1.78,2.24
16,Charleston,Charleston Open,4/2/2026,WTA500,Outdoor,Clay,3rd Round,3,Keys M.,Bondar A.,18,68,2026,966,6,2,7,5,,,2,0,Completed,1.2,4.5,,,1.22,4.9,1.19,4.53,1.24,5.1
16,Charleston,Charleston Open,4/2/2026,WTA500,Outdoor,Clay,3rd Round,3,Jovic I.,Kenin S.,16,47,2105,1217,7,5,7,5,,,2,0,Completed,1.36,3.2,,,1.36,3.5,1.34,3.21,1.38,3.55
16,Charleston,Charleston Open,4/3/2026,WTA500,Outdoor,Clay,3rd Round,3,Kalinskaya A.,Badosa P.,22,113,1813,712,6,4,6,2,,,2,0,Completed,2.2,1.67,,,2.5,1.67,2.26,1.61,2.34,1.73
16,Charleston,Charleston Open,4/3/2026,WTA500,Outdoor,Clay,Quarterfinals,3,Pegula J.,Shnaider D.,5,19,6243,1953,3,6,6,3,6,2,2,1,Completed,1.36,3.2,,,1.4,3.3,1.37,3.02,1.45,3.15
16,Charleston,Charleston Open,4/3/2026,WTA500,Outdoor,Clay,Quarterfinals,3,Keys M.,Bencic B.,18,12,2026,2983,4,6,6,3,6,2,2,1,Completed,2.1,1.73,,,2.1,1.8,2.05,1.74,2.2,1.81
16,Charleston,Charleston Open,4/3/2026,WTA500,Outdoor,Clay,Quarterfinals,3,Jovic I.,Kalinskaya A.,16,22,2105,1813,6,3,6,4,,,2,0,Completed,2.1,1.73,,,2.1,1.77,2.06,1.73,2.2,1.81
16,Charleston,Charleston Open,4/3/2026,WTA500,Outdoor,Clay,Quarterfinals,3,Starodubtseva Y.,Kessler M.,89,53,816,1138,6,4,6,4,,,2,0,Completed,2.1,1.73,,,2.15,1.74,2.1,1.71,2.24,1.78
16,Charleston,Charleston Open,4/4/2026,WTA500,Outdoor,Clay,Semifinals,3,Pegula J.,Jovic I.,5,16,6243,2105,6,4,5,7,6,3,2,1,Completed,1.4,3,,,1.4,3.1,1.37,3,1.43,3.25
16,Charleston,Charleston Open,4/4/2026,WTA500,Outdoor,Clay,Semifinals,3,Starodubtseva Y.,Keys M.,89,18,816,2026,6,1,6,4,,,2,0,Completed,4.5,1.2,,,4.5,1.22,4.35,1.2,5.3,1.22
16,Charleston,Charleston Open,4/5/2026,WTA500,Outdoor,Clay,The Final,3,Pegula J.,Starodubtseva Y.,5,89,6243,816,6,2,6,2,,,2,0,Completed,1.25,4,,,1.26,4,1.25,3.8,1.29,4.4
17,Linz,Ladies Linz Open,4/6/2026,WTA500,Indoor,Clay,1st Round,3,Galfi D.,Parks A.,103,93,769,814,6,3,6,3,,,2,0,Completed,1.53,2.5,,,1.53,2.75,1.46,2.66,1.47,3.05
17,Linz,Ladies Linz Open,4/6/2026,WTA500,Indoor,Clay,1st Round,3,Ruse E.G.,Boulter K.,87,62,840,1012,7,6,7,6,,,2,0,Completed,1.73,2.1,,,1.73,2.25,1.69,2.13,1.82,2.18
17,Linz,Ladies Linz Open,4/6/2026,WTA500,Indoor,Clay,1st Round,3,Stephens S.,Maria T.,552,61,90,1023,1,6,7,6,6,4,2,1,Completed,1.57,2.38,,,1.6,2.5,1.56,2.36,1.62,2.58
17,Linz,Ladies Linz Open,4/7/2026,WTA500,Indoor,Clay,1st Round,3,Yastremska D.,Li A.,49,36,1172,1356,7,5,4,6,6,3,2,1,Completed,1.57,2.38,,,1.62,2.45,1.57,2.34,1.71,2.38
17,Linz,Ladies Linz Open,4/7/2026,WTA500,Indoor,Clay,1st Round,3,Korpatsch T.,Cristian J.,109,33,737,1382,4,6,6,1,6,4,2,1,Completed,2.75,1.44,,,2.75,1.45,2.71,1.44,2.92,1.5
17,Linz,Ladies Linz Open,4/7/2026,WTA500,Indoor,Clay,1st Round,3,Cirstea S.,Kraus S.,29,119,1459,699,6,3,6,3,,,2,0,Completed,1.22,4.33,,,1.25,4.5,1.22,4.12,1.28,4.4
17,Linz,Ladies Linz Open,4/7/2026,WTA500,Indoor,Clay,1st Round,3,Tagger L.,Badosa P.,117,102,705,771,6,4,7,6,,,2,0,Completed,3,1.4,,,3.1,1.4,3,1.37,3.25,1.43
17,Linz,Ladies Linz Open,4/7/2026,WTA500,Indoor,Clay,1st Round,3,Vekic D.,Volynets K.,104,88,762,831,6,3,3,6,6,4,2,1,Completed,2.2,1.67,,,2.2,1.73,2.12,1.69,2.24,1.79
17,Linz,Ladies Linz Open,4/7/2026,WTA500,Indoor,Clay,1st Round,3,Eala A.,Grabher J.,46,89,1255,829,6,4,6,3,,,2,0,Completed,1.5,2.63,,,1.53,2.63,1.5,2.52,1.66,2.5
17,Linz,Ladies Linz Open,4/7/2026,WTA500,Indoor,Clay,1st Round,3,Pliskova Ka.,Sasnovich A.,258,115,267,716,6,4,6,4,,,2,0,Completed,1.73,2.1,,,1.95,2.3,1.71,2.09,,
17,Linz,Ladies Linz Open,4/8/2026,WTA500,Indoor,Clay,1st Round,3,Kalinina A.,Udvardy P.,120,71,695,918,5,7,6,1,6,0,2,1,Completed,1.25,4,,,1.26,4,1.25,3.81,1.29,4.3
17,Linz,Ladies Linz Open,4/8/2026,WTA500,Indoor,Clay,1st Round,3,Potapova A.,Zhang S.,97,64,800,989,6,4,6,4,,,2,0,Completed,1.4,3,,,1.4,3.25,1.36,3.07,1.36,3.7
17,Linz,Ladies Linz Open,4/8/2026,WTA500,Indoor,Clay,2nd Round,3,Ruse E.G.,Yastremska D.,87,49,840,1172,4,6,6,4,6,4,2,1,Completed,2,1.8,,,2.02,1.83,1.98,1.79,2.06,1.92
17,Linz,Ladies Linz Open,4/8/2026,WTA500,Indoor,Clay,2nd Round,3,Ostapenko J.,Eala A.,23,46,1706,1255,6,4,7,5,,,2,0,Completed,1.53,2.5,,,1.57,2.63,1.51,2.5,1.65,2.48
17,Linz,Ladies Linz Open,4/8/2026,WTA500,Indoor,Clay,2nd Round,3,Andreeva M.,Stephens S.,10,552,3121,90,6,4,6,2,,,2,0,Completed,1.06,10,,,1.06,10,1.05,9.43,1.05,17.5
17,Linz,Ladies Linz Open,4/8/2026,WTA500,Indoor,Clay,2nd Round,3,Cirstea S.,Galfi D.,29,103,1459,769,5,0,,,,,0,0,Retired,1.29,3.75,,,1.29,4.33,1.23,3.94,1.27,4.7
17,Linz,Ladies Linz Open,4/9/2026,WTA500,Indoor,Clay,2nd Round,3,Vekic D.,Kalinina A.,104,120,762,695,,,,,,,,,Walkover,2,1.8,,,2.1,1.8,2.06,1.73,2.42,1.69
17,Linz,Ladies Linz Open,4/9/2026,WTA500,Indoor,Clay,2nd Round,3,Tagger L.,Samsonova L.,117,21,705,1845,6,2,7,6,,,2,0,Completed,1.8,2,,,1.8,2.1,1.74,2.05,1.72,2.36
17,Linz,Ladies Linz Open,4/9/2026,WTA500,Indoor,Clay,2nd Round,3,Pliskova Ka.,Alexandrova E.,258,13,267,2886,6,1,6,3,,,2,0,Completed,3.5,1.3,,,3.5,1.34,3.35,1.31,3.65,1.37
17,Linz,Ladies Linz Open,4/9/2026,WTA500,Indoor,Clay,2nd Round,3,Potapova A.,Korpatsch T.,97,109,800,737,6,2,6,1,,,2,0,Completed,1.53,2.5,,,1.57,2.5,1.53,2.45,1.62,2.56
17,Linz,Ladies Linz Open,4/10/2026,WTA500,Indoor,Clay,Quarterfinals,3,Ruse E.G.,Ostapenko J.,87,23,840,1706,4,6,6,4,6,1,2,1,Completed,2.63,1.5,,,2.63,1.5,2.58,1.48,2.62,1.61
17,Linz,Ladies Linz Open,4/10/2026,WTA500,Indoor,Clay,Quarterfinals,3,Andreeva M.,Cirstea S.,10,29,3121,1459,7,6,4,6,6,2,2,1,Completed,1.4,3,,,1.4,3.15,1.38,2.95,1.42,3.3
17,Linz,Ladies Linz Open,4/10/2026,WTA500,Indoor,Clay,Quarterfinals,3,Potapova A.,Tagger L.,97,117,800,705,7,6,6,0,,,2,0,Completed,2.2,1.67,,,2.2,1.75,2.1,1.71,2.3,1.75
17,Linz,Ladies Linz Open,4/10/2026,WTA500,Indoor,Clay,Quarterfinals,3,Vekic D.,Pliskova Ka.,104,258,762,267,7,5,6,4,,,2,0,Completed,1.91,1.91,,,2,1.91,1.95,1.83,2.1,1.9
17,Linz,Ladies Linz Open,4/11/2026,WTA500,Indoor,Clay,Semifinals,3,Andreeva M.,Ruse E.G.,10,87,3121,840,6,4,6,1,,,2,0,Completed,1.13,6,,,1.16,6,1.15,5.24,1.17,6.6
17,Linz,Ladies Linz Open,4/11/2026,WTA500,Indoor,Clay,Semifinals,3,Potapova A.,Vekic D.,97,104,800,762,6,4,6,2,,,2,0,Completed,1.62,2.3,,,1.72,2.5,1.63,2.25,1.64,2.5
17,Linz,Ladies Linz Open,4/12/2026,WTA500,Indoor,Clay,The Final,3,Andreeva M.,Potapova A.,10,97,3121,800,1,6,6,4,6,3,2,1,Completed,1.25,4,,,1.28,4,1.25,3.83,1.27,4.5
18,Rouen,Open de Rouen,4/13/2026,WTA250,Indoor,Clay,1st Round,3,Li A.,Kasatkina D.,36,70,1356,918,6,7,6,2,6,4,2,1,Completed,1.73,2.1,,,1.82,2.1,1.76,2.01,1.79,2.24
18,Rouen,Open de Rouen,4/13/2026,WTA250,Indoor,Clay,1st Round,3,Rakhimova K.,Kalieva E.,72,140,914,543,6,3,7,6,,,2,0,Completed,1.57,2.38,,,1.58,2.4,1.55,2.36,1.69,2.42
18,Rouen,Open de Rouen,4/13/2026,WTA250,Indoor,Clay,1st Round,3,Podrez V.,Stephens S.,206,552,338,90,6,2,6,1,,,2,0,Completed,1.8,2,,,1.8,2.1,1.76,2.01,1.84,2.16
18,Rouen,Open de Rouen,4/13/2026,WTA250,Indoor,Clay,1st Round,3,Boulter K.,Timofeeva M.,62,153,1012,494,6,2,6,2,,,2,0,Completed,1.44,2.75,,,1.48,2.88,1.44,2.68,1.51,2.94
18,Rouen,Open de Rouen,4/14/2026,WTA250,Indoor,Clay,1st Round,3,Salkova D.,Blinkova A.,124,90,613,819,7,5,6,1,,,2,0,Completed,1.73,2.1,,,1.8,2.11,1.72,2.06,1.8,2.22
18,Rouen,Open de Rouen,4/14/2026,WTA250,Indoor,Clay,1st Round,3,Shymanovich I.,Fruhvirtova L.,182,143,398,541,6,3,7,5,,,2,0,Completed,1.91,1.91,,,1.95,1.91,1.9,1.86,2.26,1.78
18,Rouen,Open de Rouen,4/14/2026,WTA250,Indoor,Clay,1st Round,3,Kostyuk M.,Parry D.,27,95,1473,806,6,1,6,4,,,2,0,Completed,1.2,4.5,,,1.21,5,1.18,4.64,1.19,6
18,Rouen,Open de Rouen,4/14/2026,WTA250,Indoor,Clay,1st Round,3,McNally C.,Volynets K.,69,88,919,831,1,6,6,1,6,1,2,1,Completed,2,1.8,,,2.1,1.8,2.03,1.74,2.38,1.71
18,Rouen,Open de Rouen,4/14/2026,WTA250,Indoor,Clay,1st Round,3,Wang Xin.,Paquet C.,32,236,1383,295,3,6,6,4,6,3,2,1,Completed,1.33,3.4,,,1.37,3.4,1.34,3.16,1.39,3.45
18,Rouen,Open de Rouen,4/14/2026,WTA250,Indoor,Clay,1st Round,3,Cocciaretto E.,Charaeva A.,42,126,1310,600,6,3,4,6,6,2,2,1,Completed,1.25,4,,,1.25,4.1,1.24,3.88,1.3,4.1
18,Rouen,Open de Rouen,4/14/2026,WTA250,Indoor,Clay,1st Round,3,Cristian J.,Rakotomanga Rajaonah T.,33,136,1382,565,2,6,7,6,7,5,2,1,Completed,1.17,5,,,1.17,6,1.15,5.17,1.19,5.8
18,Rouen,Open de Rouen,4/14/2026,WTA250,Indoor,Clay,1st Round,3,Baptiste H.,Ponchet J.,35,170,1372,427,3,6,7,6,6,2,2,1,Completed,1.13,6,,,1.17,6.25,1.12,5.8,1.15,7.2
18,Rouen,Open de Rouen,4/15/2026,WTA250,Indoor,Clay,1st Round,3,Oliynykova O.,Tagger L.,68,117,931,705,6,3,4,6,6,4,2,1,Completed,2.2,1.67,,,2.23,1.73,2.15,1.68,2.14,1.86
18,Rouen,Open de Rouen,4/15/2026,WTA250,Indoor,Clay,1st Round,3,Bondar A.,Tan H.,63,202,999,352,6,2,4,6,6,0,2,1,Completed,1.2,4.5,,,1.21,4.5,1.2,4.35,1.21,5.6
18,Rouen,Open de Rouen,4/15/2026,WTA250,Indoor,Clay,1st Round,3,Maria T.,Jacquemot E.,61,59,1023,1029,6,4,6,3,,,2,0,Completed,3.2,1.36,,,3.2,1.4,3.03,1.36,3.45,1.4
18,Rouen,Open de Rouen,4/15/2026,WTA250,Indoor,Clay,1st Round,3,Cirstea S.,Ferro F.,29,216,1459,323,6,3,6,7,7,6,2,1,Completed,1.11,6.5,,,1.14,6.5,1.12,6,1.15,7.2
18,Rouen,Open de Rouen,4/15/2026,WTA250,Indoor,Clay,2nd Round,3,Li A.,Rakhimova K.,36,72,1356,914,4,6,6,2,6,3,2,1,Completed,1.4,3,,,1.47,3,1.41,2.83,1.45,3.15
18,Rouen,Open de Rouen,4/15/2026,WTA250,Indoor,Clay,2nd Round,3,Kostyuk M.,McNally C.,27,69,1473,919,2,6,6,2,6,1,2,1,Completed,1.2,4.5,,,1.25,4.5,1.21,4.27,1.22,5.3
18,Rouen,Open de Rouen,4/15/2026,WTA250,Indoor,Clay,2nd Round,3,Boulter K.,Cristian J.,62,33,1012,1382,7,6,4,6,6,1,2,1,Completed,1.67,2.2,,,1.7,2.2,1.67,2.16,1.76,2.28
18,Rouen,Open de Rouen,4/16/2026,WTA250,Indoor,Clay,2nd Round,3,Maria T.,Salkova D.,61,124,1023,613,6,3,6,2,,,2,0,Completed,3,1.4,,,3,1.4,2.94,1.38,3.25,1.43
18,Rouen,Open de Rouen,4/16/2026,WTA250,Indoor,Clay,2nd Round,3,Shymanovich I.,Baptiste H.,182,35,398,1372,6,3,5,7,6,3,2,1,Completed,4,1.25,,,4.2,1.25,3.95,1.23,4.3,1.29
18,Rouen,Open de Rouen,4/16/2026,WTA250,Indoor,Clay,2nd Round,3,Podrez V.,Cocciaretto E.,206,42,338,1310,7,6,4,6,6,4,2,1,Completed,3.5,1.3,,,4,1.32,3.68,1.27,4,1.31
18,Rouen,Open de Rouen,4/16/2026,WTA250,Indoor,Clay,2nd Round,3,Cirstea S.,Wang Xin.,29,32,1459,1383,5,3,,,,,0,0,Retired,1.25,4,,,1.28,4,1.25,3.78,1.31,4
18,Rouen,Open de Rouen,4/16/2026,WTA250,Indoor,Clay,2nd Round,3,Bondar A.,Oliynykova O.,63,68,999,931,6,0,4,6,6,0,2,1,Completed,1.91,1.91,,,2.15,1.91,1.91,1.86,2.06,1.93
18,Rouen,Open de Rouen,4/17/2026,WTA250,Indoor,Clay,Quarterfinals,3,Maria T.,Shymanovich I.,61,182,1023,398,7,6,6,2,,,2,0,Completed,2.1,1.73,,,2.25,1.73,2.19,1.66,2.44,1.68
18,Rouen,Open de Rouen,4/17/2026,WTA250,Indoor,Clay,Quarterfinals,3,Podrez V.,Boulter K.,206,62,338,1012,6,4,6,1,,,2,0,Completed,2.63,1.5,,,2.75,1.53,2.59,1.49,2.54,1.64
18,Rouen,Open de Rouen,4/17/2026,WTA250,Indoor,Clay,Quarterfinals,3,Kostyuk M.,Li A.,27,36,1473,1356,6,0,6,7,6,3,2,1,Completed,1.25,4,,,1.25,4.2,1.24,3.87,1.29,4.3
18,Rouen,Open de Rouen,4/17/2026,WTA250,Indoor,Clay,Quarterfinals,3,Cirstea S.,Bondar A.,29,63,1459,999,7,6,6,2,,,2,0,Completed,1.4,3,,,1.44,3,1.38,2.92,1.43,3.2
18,Rouen,Open de Rouen,4/18/2026,WTA250,Indoor,Clay,Semifinals,3,Kostyuk M.,Maria T.,27,61,1473,1023,6,3,6,0,,,2,0,Completed,1.07,9,,,1.08,9,1.07,7.63,1.1,10
18,Rouen,Open de Rouen,4/18/2026,WTA250,Indoor,Clay,Semifinals,3,Podrez V.,Cirstea S.,206,29,338,1459,,,,,,,,,Walkover,4.5,1.2,,,4.5,1.23,4.23,1.21,4.2,1.29
18,Rouen,Open de Rouen,4/19/2026,WTA250,Indoor,Clay,The Final,3,Kostyuk M.,Podrez V.,27,206,1473,338,6,3,6,4,,,2,0,Completed,1.14,5.5,,,1.15,6,1.14,5.27,1.2,5.8
19,Stuttgart,Porsche Tennis Grand Prix,4/13/2026,WTA500,Indoor,Clay,1st Round,3,Siegemund L.,Tomova V.,51,155,1158,480,4,6,7,6,6,1,2,1,Completed,1.57,2.38,,,1.67,2.43,1.58,2.31,1.62,2.58
19,Stuttgart,Porsche Tennis Grand Prix,4/13/2026,WTA500,Indoor,Clay,1st Round,3,Samsonova L.,Ruzic A.,21,57,1845,1046,6,0,6,4,,,2,0,Completed,1.4,3,,,1.44,3.25,1.4,2.86,1.42,3.35
19,Stuttgart,Porsche Tennis Grand Prix,4/14/2026,WTA500,Indoor,Clay,1st Round,3,Muchova K.,Sasnovich A.,12,115,2993,716,6,2,6,4,,,2,0,Completed,1.25,4,,,1.27,4,1.24,3.87,1.29,4.2
19,Stuttgart,Porsche Tennis Grand Prix,4/14/2026,WTA500,Indoor,Clay,1st Round,3,Mertens E.,Seidel E.,20,85,1906,850,6,3,6,4,,,2,0,Completed,1.14,5.5,,,1.17,6.25,1.14,5.52,1.16,6.8
19,Stuttgart,Porsche Tennis Grand Prix,4/14/2026,WTA500,Indoor,Clay,1st Round,3,Alexandrova E.,Knutson G.,13,223,2886,311,6,2,6,2,,,2,0,Completed,1.11,6.5,,,1.12,7,1.11,6.25,1.13,8
19,Stuttgart,Porsche Tennis Grand Prix,4/14/2026,WTA500,Indoor,Clay,1st Round,3,Fernandez L.A.,Eala A.,25,46,1598,1255,6,1,6,4,,,2,0,Completed,1.57,2.38,,,1.6,2.42,1.57,2.34,1.68,2.42
19,Stuttgart,Porsche Tennis Grand Prix,4/14/2026,WTA500,Indoor,Clay,1st Round,3,Lys E.,Badosa P.,75,102,891,771,2,6,7,5,6,4,2,1,Completed,3.4,1.33,,,3.45,1.35,3.24,1.33,3.5,1.39
19,Stuttgart,Porsche Tennis Grand Prix,4/14/2026,WTA500,Indoor,Clay,1st Round,3,Shnaider D.,Korpatsch T.,19,109,2001,737,6,3,6,1,,,2,0,Completed,1.2,4.5,,,1.2,4.9,1.18,4.55,1.25,4.9
19,Stuttgart,Porsche Tennis Grand Prix,4/15/2026,WTA500,Indoor,Clay,1st Round,3,Sonmez Z.,Paolini J.,76,8,891,3907,6,2,6,2,,,2,0,Completed,4,1.25,,,4.33,1.25,4.05,1.23,4.8,1.24
19,Stuttgart,Porsche Tennis Grand Prix,4/15/2026,WTA500,Indoor,Clay,1st Round,3,Parks A.,Noha Akugue N.,93,192,814,378,6,4,6,2,,,2,0,Completed,1.5,2.63,,,1.64,2.63,1.52,2.48,1.66,2.5
19,Stuttgart,Porsche Tennis Grand Prix,4/15/2026,WTA500,Indoor,Clay,1st Round,3,Noskova L.,Zhang S.,14,64,2801,989,5,7,6,1,6,4,2,1,Completed,1.11,6.5,,,1.15,6.5,1.13,5.72,1.14,7.8
19,Stuttgart,Porsche Tennis Grand Prix,4/15/2026,WTA500,Indoor,Clay,1st Round,3,Andreeva M.,Ostapenko J.,10,23,3121,1706,5,7,6,2,6,4,2,1,Completed,1.3,3.5,,,1.36,3.5,1.31,3.34,1.35,3.7
19,Stuttgart,Porsche Tennis Grand Prix,4/15/2026,WTA500,Indoor,Clay,2nd Round,3,Swiatek I.,Siegemund L.,4,51,7263,1158,6,2,6,3,,,2,0,Completed,1.03,15,,,1.04,17,1.03,12.12,1.04,19.5
19,Stuttgart,Porsche Tennis Grand Prix,4/15/2026,WTA500,Indoor,Clay,2nd Round,3,Svitolina E.,Lys E.,7,75,3965,891,6,1,6,0,,,2,0,Completed,1.17,5,,,1.2,5,1.18,4.6,1.2,5.7
19,Stuttgart,Porsche Tennis Grand Prix,4/16/2026,WTA500,Indoor,Clay,2nd Round,3,Muchova K.,Mertens E.,12,20,2993,1906,1,6,6,3,6,0,2,1,Completed,1.4,3,,,1.45,3,1.41,2.81,1.46,3.1
19,Stuttgart,Porsche Tennis Grand Prix,4/16/2026,WTA500,Indoor,Clay,2nd Round,3,Noskova L.,Alexandrova E.,14,13,2801,2886,6,1,6,1,,,2,0,Completed,1.67,2.2,,,1.73,2.2,1.68,2.13,1.77,2.26
19,Stuttgart,Porsche Tennis Grand Prix,4/16/2026,WTA500,Indoor,Clay,2nd Round,3,Andreeva M.,Parks A.,10,93,3121,814,7,6,6,3,,,2,0,Completed,1.08,8,,,1.1,8.5,1.08,7.38,1.11,9.4
19,Stuttgart,Porsche Tennis Grand Prix,4/16/2026,WTA500,Indoor,Clay,2nd Round,3,Rybakina E.,Shnaider D.,2,19,8108,2001,6,3,6,4,,,2,0,Completed,1.25,4,,,1.25,4.33,1.23,4.03,1.26,4.8
19,Stuttgart,Porsche Tennis Grand Prix,4/16/2026,WTA500,Indoor,Clay,2nd Round,3,Gauff C.,Samsonova L.,3,21,7278,1845,7,5,6,1,,,2,0,Completed,1.17,5,,,1.2,5.3,1.16,4.83,1.19,6
19,Stuttgart,Porsche Tennis Grand Prix,4/16/2026,WTA500,Indoor,Clay,2nd Round,3,Fernandez L.A.,Sonmez Z.,25,76,1598,891,6,7,6,1,7,6,2,1,Completed,1.8,2,,,1.83,4,1.43,3.27,,
19,Stuttgart,Porsche Tennis Grand Prix,4/17/2026,WTA500,Indoor,Clay,Quarterfinals,3,Svitolina E.,Noskova L.,7,14,3965,2801,7,6,7,5,,,2,0,Completed,1.5,2.63,,,1.6,2.63,1.51,2.51,1.5,2.96
19,Stuttgart,Porsche Tennis Grand Prix,4/17/2026,WTA500,Indoor,Clay,Quarterfinals,3,Muchova K.,Gauff C.,12,3,2993,7278,6,3,5,7,6,3,2,1,Completed,3.4,1.33,,,3.4,1.36,3.2,1.34,3.4,1.41
19,Stuttgart,Porsche Tennis Grand Prix,4/17/2026,WTA500,Indoor,Clay,Quarterfinals,3,Andreeva M.,Swiatek I.,10,4,3121,7263,3,6,6,4,6,3,2,1,Completed,2.63,1.5,,,2.7,1.5,2.58,1.48,2.9,1.52
19,Stuttgart,Porsche Tennis Grand Prix,4/17/2026,WTA500,Indoor,Clay,Quarterfinals,3,Rybakina E.,Fernandez L.A.,2,25,8108,1598,6,7,6,4,7,6,2,1,Completed,1.07,9,,,1.08,9,1.07,7.73,1.1,10.5
19,Stuttgart,Porsche Tennis Grand Prix,4/18/2026,WTA500,Indoor,Clay,Semifinals,3,Muchova K.,Svitolina E.,12,7,2993,3965,6,4,2,6,6,4,2,1,Completed,2.1,1.73,,,2.2,1.73,2.14,1.68,2.26,1.78
19,Stuttgart,Porsche Tennis Grand Prix,4/18/2026,WTA500,Indoor,Clay,Semifinals,3,Rybakina E.,Andreeva M.,2,10,8108,3121,7,5,6,1,,,2,0,Completed,1.73,2.1,,,1.8,2.1,1.73,2.06,1.86,2.14
19,Stuttgart,Porsche Tennis Grand Prix,4/19/2026,WTA500,Indoor,Clay,The Final,3,Rybakina E.,Muchova K.,2,12,8108,2993,7,5,6,1,,,2,0,Completed,1.4,3,,,1.42,3,1.4,2.87,1.46,3.1
20,Madrid,Mutua Madrid Open,4/21/2026,WTA1000,Outdoor,Clay,1st Round,3,Marcinko P.,Jimenez Kasintseva V.,74,115,919,711,6,0,7,5,,,2,0,Completed,1.4,3,,,1.4,3.2,1.36,3.07,,
20,Madrid,Mutua Madrid Open,4/21/2026,WTA1000,Outdoor,Clay,1st Round,3,Samson L.,Maria T.,171,54,428,1106,6,4,6,2,,,2,0,Completed,1.8,2,,,1.8,2.2,1.73,2.06,,
20,Madrid,Mutua Madrid Open,4/21/2026,WTA1000,Outdoor,Clay,1st Round,3,Siegemund L.,Begu I.,47,182,1217,399,6,4,6,0,,,2,0,Completed,1.44,2.75,,,1.45,2.88,1.43,2.73,,
20,Madrid,Mutua Madrid Open,4/21/2026,WTA1000,Outdoor,Clay,1st Round,3,Bouzas Maneiro J.,Haddad Maia B.,50,69,1186,947,6,1,6,1,,,2,0,Completed,1.4,3,,,1.44,3,1.43,2.77,,
20,Madrid,Mutua Madrid Open,4/21/2026,WTA1000,Outdoor,Clay,1st Round,3,Grabher J.,Badosa P.,107,103,746,771,7,6,4,6,6,0,2,1,Completed,5.5,1.14,,,5.5,1.17,5.18,1.15,,
20,Madrid,Mutua Madrid Open,4/21/2026,WTA1000,Outdoor,Clay,1st Round,3,Bondar A.,Golubic V.,63,81,1023,881,6,2,6,3,,,2,0,Completed,1.2,4.5,,,1.22,4.6,1.2,4.39,,
20,Madrid,Mutua Madrid Open,4/21/2026,WTA1000,Outdoor,Clay,1st Round,3,Linette M.,Montgomery R.,57,339,1059,188,6,4,6,3,,,2,0,Completed,1.57,2.38,,,1.65,2.38,1.59,2.3,,
20,Madrid,Mutua Madrid Open,4/21/2026,WTA1000,Outdoor,Clay,1st Round,3,Quevedo K.,Williams V.,140,479,541,113,6,2,6,4,,,2,0,Completed,1.2,4.5,,,1.22,4.5,1.2,4.31,,
20,Madrid,Mutua Madrid Open,4/21/2026,WTA1000,Outdoor,Clay,1st Round,3,Osorio M.,Zakharova A.,83,79,876,894,6,0,6,3,,,2,0,Completed,1.36,3.2,,,1.4,3.25,1.36,3.06,,
20,Madrid,Mutua Madrid Open,4/21/2026,WTA1000,Outdoor,Clay,1st Round,3,Stearns P.,Boisson L.,43,46,1296,1259,6,1,6,3,,,2,0,Completed,1.4,3,,,1.4,3.1,1.37,3,,
20,Madrid,Mutua Madrid Open,4/22/2026,WTA1000,Outdoor,Clay,1st Round,3,Ruse E.G.,Ruzic A.,71,59,937,1046,6,3,4,6,6,0,2,1,Completed,1.36,3.2,,,1.4,3.25,1.35,3.08,,
20,Madrid,Mutua Madrid Open,4/22/2026,WTA1000,Outdoor,Clay,1st Round,3,Sonmez Z.,Martinez Cirez C.,67,352,963,180,7,5,6,2,,,2,0,Completed,1.07,9,,,1.07,11,1.05,9.59,,
20,Madrid,Mutua Madrid Open,4/22/2026,WTA1000,Outdoor,Clay,1st Round,3,Udvardy P.,Birrell K.,78,82,906,880,6,4,1,6,6,1,2,1,Completed,1.67,2.2,,,1.67,2.63,1.53,2.47,,
20,Madrid,Mutua Madrid Open,4/22/2026,WTA1000,Outdoor,Clay,1st Round,3,Zhang S.,Lys E.,65,72,989,926,6,4,6,3,,,2,0,Completed,2.75,1.44,,,2.9,1.48,2.68,1.45,,
20,Madrid,Mutua Madrid Open,4/22/2026,WTA1000,Outdoor,Clay,1st Round,3,Snigur D.,Kasatkina D.,98,75,796,918,6,3,3,6,7,6,2,1,Completed,2.2,1.67,,,2.43,1.67,2.34,1.57,,
20,Madrid,Mutua Madrid Open,4/22/2026,WTA1000,Outdoor,Clay,1st Round,3,Galfi D.,Tomljanovic A.,117,85,704,867,7,6,6,4,,,2,0,Completed,2,1.8,,,2.02,1.81,1.99,1.78,,
20,Madrid,Mutua Madrid Open,4/22/2026,WTA1000,Outdoor,Clay,1st Round,3,Parks A.,Cocciaretto E.,84,41,872,1310,6,3,6,2,,,2,0,Completed,2.75,1.44,,,2.88,1.5,2.76,1.43,,
20,Madrid,Mutua Madrid Open,4/22/2026,WTA1000,Outdoor,Clay,1st Round,3,Starodubtseva Y.,Uchijima M.,53,94,1139,810,6,3,1,6,6,3,2,1,Completed,1.44,2.75,,,1.5,2.75,1.48,2.58,,
20,Madrid,Mutua Madrid Open,4/22/2026,WTA1000,Outdoor,Clay,1st Round,3,Eala A.,Pavlyuchenkova A.,44,116,1285,707,6,3,6,3,,,2,0,Completed,1.57,2.38,,,1.62,2.4,1.57,2.35,,
20,Madrid,Mutua Madrid Open,4/22/2026,WTA1000,Outdoor,Clay,1st Round,3,Kalinina A.,Rakhimova K.,110,73,738,919,6,2,5,7,6,2,2,1,Completed,1.5,2.63,,,1.5,2.8,1.46,2.65,,
20,Madrid,Mutua Madrid Open,4/22/2026,WTA1000,Outdoor,Clay,1st Round,3,Arango E.,Gibson T.,86,58,843,1050,6,3,6,2,,,2,0,Completed,2,1.8,,,2.02,1.91,1.98,1.8,,
20,Madrid,Mutua Madrid Open,4/22/2026,WTA1000,Outdoor,Clay,1st Round,3,Tjen J.,Charaeva A.,39,129,1317,573,6,4,6,2,,,2,0,Completed,2,1.8,,,2.1,1.82,2.04,1.75,,
20,Madrid,Mutua Madrid Open,4/22/2026,WTA1000,Outdoor,Clay,1st Round,3,Putintseva Y.,Valentova T.,80,51,893,1161,6,4,4,6,6,3,2,1,Completed,2.2,1.67,,,2.25,1.7,2.16,1.66,,
20,Madrid,Mutua Madrid Open,4/22/2026,WTA1000,Outdoor,Clay,1st Round,3,Sierra S.,Yastremska D.,88,49,825,1200,7,6,7,6,,,2,0,Completed,3.75,1.29,,,3.8,1.3,3.61,1.28,,
20,Madrid,Mutua Madrid Open,4/22/2026,WTA1000,Outdoor,Clay,1st Round,3,Waltert S.,Oliynykova O.,97,70,796,945,7,5,6,0,,,2,0,Completed,2,1.8,,,2,1.85,1.95,1.81,,
20,Madrid,Mutua Madrid Open,4/22/2026,WTA1000,Outdoor,Clay,1st Round,3,Pliskova Ka.,Kraus S.,197,104,375,765,2,6,6,1,6,4,2,1,Completed,1.8,2,,,1.91,2.06,1.81,1.96,,
20,Madrid,Mutua Madrid Open,4/22/2026,WTA1000,Outdoor,Clay,1st Round,3,Jeanjean L.,Selekhmeteva O.,126,77,586,910,6,4,6,1,,,2,0,Completed,2.5,1.53,,,2.55,1.57,2.47,1.52,,
20,Madrid,Mutua Madrid Open,4/22/2026,WTA1000,Outdoor,Clay,1st Round,3,Kenin S.,Krueger A.,68,108,952,741,7,6,6,4,,,2,0,Completed,2,1.8,,,2.1,1.8,2.03,1.76,,
20,Madrid,Mutua Madrid Open,4/22/2026,WTA1000,Outdoor,Clay,1st Round,3,Boulter K.,Townsend T.,61,90,1036,814,6,4,6,2,,,2,0,Completed,2,1.8,,,2,1.83,1.96,1.8,,
20,Madrid,Mutua Madrid Open,4/22/2026,WTA1000,Outdoor,Clay,1st Round,3,Siniakova K.,Kalieva E.,42,134,1299,562,6,3,6,4,,,2,0,Completed,1.44,2.75,,,1.48,2.85,1.45,2.71,,
20,Madrid,Mutua Madrid Open,4/22/2026,WTA1000,Outdoor,Clay,1st Round,3,McNally C.,Volynets K.,76,101,916,775,6,1,6,2,,,2,0,Completed,1.73,2.1,,,1.75,2.18,1.71,2.11,,
20,Madrid,Mutua Madrid Open,4/22/2026,WTA1000,Outdoor,Clay,1st Round,3,Grant T.C.,Jacquemot E.,262,62,260,1029,6,1,6,2,,,2,0,Completed,1.67,2.2,,,1.73,2.23,1.68,2.13,,
20,Madrid,Mutua Madrid Open,4/23/2026,WTA1000,Outdoor,Clay,2nd Round,3,Bencic B.,Marcinko P.,12,74,3090,919,6,4,6,2,,,2,0,Completed,1.2,4.5,,,1.22,5,1.2,4.41,,
20,Madrid,Mutua Madrid Open,4/23/2026,WTA1000,Outdoor,Clay,2nd Round,3,Bondar A.,Svitolina E.,63,7,1023,3910,6,3,6,4,,,2,0,Completed,5.5,1.14,,,6,1.17,5.2,1.15,,
20,Madrid,Mutua Madrid Open,4/23/2026,WTA1000,Outdoor,Clay,2nd Round,3,Cristian J.,Starodubtseva Y.,33,53,1382,1139,3,6,7,6,6,4,2,1,Completed,2.2,1.67,,,2.25,1.68,2.2,1.66,,
20,Madrid,Mutua Madrid Open,4/23/2026,WTA1000,Outdoor,Clay,2nd Round,3,Samson L.,Wang Xin.,171,31,428,1401,2,6,6,3,6,0,2,1,Completed,2,1.8,,,2.1,1.83,2,1.77,,
20,Madrid,Mutua Madrid Open,4/23/2026,WTA1000,Outdoor,Clay,2nd Round,3,Shnaider D.,Bouzas Maneiro J.,19,50,2001,1186,3,6,7,5,6,1,2,1,Completed,1.33,3.4,,,1.36,3.5,1.33,3.3,,
20,Madrid,Mutua Madrid Open,4/23/2026,WTA1000,Outdoor,Clay,2nd Round,3,Swiatek I.,Snigur D.,4,98,7273,796,6,1,6,2,,,2,0,Completed,1.02,19,,,1.03,21,1.02,15.08,,
20,Madrid,Mutua Madrid Open,4/23/2026,WTA1000,Outdoor,Clay,2nd Round,3,Galfi D.,Kalinskaya A.,117,22,704,1813,6,3,6,3,,,2,0,Completed,2.63,1.5,,,2.75,1.5,2.66,1.46,,
20,Madrid,Mutua Madrid Open,4/23/2026,WTA1000,Outdoor,Clay,2nd Round,3,Kalinina A.,Bouzkova M.,110,24,738,1676,6,4,6,3,,,2,0,Completed,2,1.8,,,2.1,1.8,2.05,1.75,,
20,Madrid,Mutua Madrid Open,4/23/2026,WTA1000,Outdoor,Clay,2nd Round,3,Paolini J.,Siegemund L.,9,47,3722,1217,3,6,6,2,6,4,2,1,Completed,1.44,2.75,,,1.44,2.88,1.42,2.77,,
20,Madrid,Mutua Madrid Open,4/23/2026,WTA1000,Outdoor,Clay,2nd Round,3,Sabalenka A.,Stearns P.,1,43,10895,1296,7,5,6,3,,,2,0,Completed,1.04,13,,,1.05,17,1.04,11.44,,
20,Madrid,Mutua Madrid Open,4/23/2026,WTA1000,Outdoor,Clay,2nd Round,3,Li A.,Parks A.,34,84,1380,872,6,2,6,7,6,3,2,1,Completed,1.73,2.1,,,1.73,2.2,1.68,2.15,,
20,Madrid,Mutua Madrid Open,4/23/2026,WTA1000,Outdoor,Clay,2nd Round,3,Osaka N.,Osorio M.,15,83,2324,876,6,2,7,5,,,2,0,Completed,1.91,1.91,,,1.91,1.91,1.88,1.88,,
20,Madrid,Mutua Madrid Open,4/23/2026,WTA1000,Outdoor,Clay,2nd Round,3,Jovic I.,Linette M.,16,57,2270,1059,6,4,6,1,,,2,0,Completed,1.53,2.5,,,1.54,2.6,1.51,2.53,,
20,Madrid,Mutua Madrid Open,4/23/2026,WTA1000,Outdoor,Clay,2nd Round,3,Fernandez L.A.,Grabher J.,25,107,1646,746,6,2,6,3,,,2,0,Completed,1.2,4.5,,,1.2,5.2,1.18,4.8,,
20,Madrid,Mutua Madrid Open,4/23/2026,WTA1000,Outdoor,Clay,2nd Round,3,Andreeva M.,Udvardy P.,8,78,3746,906,7,5,6,2,,,2,0,Completed,1.04,13,,,1.05,13,1.04,10.96,,
20,Madrid,Mutua Madrid Open,4/23/2026,WTA1000,Outdoor,Clay,2nd Round,3,Baptiste H.,Quevedo K.,32,140,1392,541,6,1,6,4,,,2,0,Completed,1.44,2.75,,,1.44,2.88,1.42,2.78,,
20,Madrid,Mutua Madrid Open,4/24/2026,WTA1000,Outdoor,Clay,2nd Round,3,Sierra S.,Frech M.,88,38,825,1318,6,2,6,4,,,2,0,Completed,2.2,1.67,,,2.35,1.67,2.23,1.63,,
20,Madrid,Mutua Madrid Open,4/24/2026,WTA1000,Outdoor,Clay,2nd Round,3,Pliskova Ka.,Sakkari M.,197,37,375,1348,6,4,7,6,,,2,0,Completed,2.3,1.62,,,2.3,1.67,2.22,1.64,,
20,Madrid,Mutua Madrid Open,4/24/2026,WTA1000,Outdoor,Clay,2nd Round,3,Potapova A.,Zhang S.,56,65,1065,989,6,3,6,1,,,2,0,Completed,1.3,3.5,,,1.3,3.5,1.3,3.5,,
20,Madrid,Mutua Madrid Open,4/24/2026,WTA1000,Outdoor,Clay,2nd Round,3,Zheng Q.,Kenin S.,36,68,1350,952,1,6,6,3,6,3,2,1,Completed,1.25,4,,,1.25,4.5,1.24,3.93,,
20,Madrid,Mutua Madrid Open,4/24/2026,WTA1000,Outdoor,Clay,2nd Round,3,Sonmez Z.,Bucsa C.,67,30,963,1426,6,1,6,7,6,2,2,1,Completed,1.53,2.5,,,1.57,2.5,1.53,2.45,,
20,Madrid,Mutua Madrid Open,4/24/2026,WTA1000,Outdoor,Clay,2nd Round,3,Samsonova L.,Tjen J.,20,39,1895,1317,6,2,6,1,,,2,0,Completed,1.44,2.75,,,1.5,2.75,1.46,2.65,,
20,Madrid,Mutua Madrid Open,4/24/2026,WTA1000,Outdoor,Clay,2nd Round,3,Mertens E.,Eala A.,21,44,1858,1285,6,2,6,1,,,2,0,Completed,1.33,3.4,,,1.37,3.4,1.35,3.12,,
20,Madrid,Mutua Madrid Open,4/24/2026,WTA1000,Outdoor,Clay,2nd Round,3,Rybakina E.,Ruse E.G.,2,71,8500,937,4,6,6,3,7,5,2,1,Completed,1.05,11,,,1.06,15,1.05,10.09,,
20,Madrid,Mutua Madrid Open,4/24/2026,WTA1000,Outdoor,Clay,2nd Round,3,Ostapenko J.,Waltert S.,40,97,1314,796,6,2,7,5,,,2,0,Completed,1.62,2.3,,,1.62,2.4,1.59,2.31,,
20,Madrid,Mutua Madrid Open,4/24/2026,WTA1000,Outdoor,Clay,2nd Round,3,Cirstea S.,Grant T.C.,26,262,1540,260,6,2,7,6,,,2,0,Completed,1.33,3.4,,,1.33,3.55,1.32,3.31,,
20,Madrid,Mutua Madrid Open,4/24/2026,WTA1000,Outdoor,Clay,2nd Round,3,Noskova L.,Arango E.,13,86,2849,843,6,3,6,2,,,2,0,Completed,1.11,6.5,,,1.16,7,1.13,5.7,,
20,Madrid,Mutua Madrid Open,4/24/2026,WTA1000,Outdoor,Clay,2nd Round,3,Kostyuk M.,Putintseva Y.,23,80,1722,893,6,1,6,3,,,2,0,Completed,1.29,3.75,,,1.29,4,1.25,3.81,,
20,Madrid,Mutua Madrid Open,4/24/2026,WTA1000,Outdoor,Clay,2nd Round,3,Siniakova K.,Blinkova A.,42,89,1299,819,6,2,6,2,,,2,0,Completed,,,,,1.01,34,1.01,30,,
20,Madrid,Mutua Madrid Open,4/24/2026,WTA1000,Outdoor,Clay,2nd Round,3,Gauff C.,Jeanjean L.,3,126,7279,586,6,3,6,0,,,2,0,Completed,1.04,13,,,1.05,13,1.04,11.5,,
20,Madrid,Mutua Madrid Open,4/24/2026,WTA1000,Outdoor,Clay,2nd Round,3,McNally C.,Mboko V.,76,10,916,3531,6,4,6,1,,,2,0,Completed,3.4,1.33,,,3.75,1.34,3.36,1.31,,
20,Madrid,Mutua Madrid Open,4/24/2026,WTA1000,Outdoor,Clay,2nd Round,3,Pegula J.,Boulter K.,5,61,6136,1036,6,4,6,4,,,2,0,Completed,1.13,6,,,1.15,6.5,1.13,5.7,,
20,Madrid,Mutua Madrid Open,4/25/2026,WTA1000,Outdoor,Clay,3rd Round,3,Bencic B.,Shnaider D.,12,19,3090,2001,6,2,7,6,,,2,0,Completed,1.57,2.38,,,1.62,2.75,1.55,2.41,,
20,Madrid,Mutua Madrid Open,4/25/2026,WTA1000,Outdoor,Clay,3rd Round,3,Bondar A.,Samson L.,63,171,1023,428,7,6,6,1,,,2,0,Completed,1.3,3.5,,,1.3,3.6,1.29,3.52,,
20,Madrid,Mutua Madrid Open,4/25/2026,WTA1000,Outdoor,Clay,3rd Round,3,Fernandez L.A.,Jovic I.,25,16,1646,2270,3,6,6,3,6,2,2,1,Completed,2.3,1.62,,,2.35,1.62,2.29,1.6,,
20,Madrid,Mutua Madrid Open,4/25/2026,WTA1000,Outdoor,Clay,3rd Round,3,Andreeva M.,Galfi D.,8,117,3746,704,6,3,6,2,,,2,0,Completed,1.1,7,,,1.14,7.5,1.11,6.38,,
20,Madrid,Mutua Madrid Open,4/25/2026,WTA1000,Outdoor,Clay,3rd Round,3,Li A.,Swiatek I.,34,4,1380,7273,7,6,2,6,3,0,1,1,Retired,10,1.06,,,10,1.07,8.88,1.06,,
20,Madrid,Mutua Madrid Open,4/25/2026,WTA1000,Outdoor,Clay,3rd Round,3,Baptiste H.,Paolini J.,32,9,1392,3722,7,5,6,3,,,2,0,Completed,2.3,1.62,,,2.3,1.67,2.24,1.63,,
20,Madrid,Mutua Madrid Open,4/25/2026,WTA1000,Outdoor,Clay,3rd Round,3,Sabalenka A.,Cristian J.,1,33,10895,1382,6,1,6,4,,,2,0,Completed,1.03,15,,,1.03,17,1.03,12.71,,
20,Madrid,Mutua Madrid Open,4/25/2026,WTA1000,Outdoor,Clay,3rd Round,3,Osaka N.,Kalinina A.,15,110,2324,738,6,1,6,3,,,2,0,Completed,1,51,,,1.03,51,1.02,28.44,,
20,Madrid,Mutua Madrid Open,4/26/2026,WTA1000,Outdoor,Clay,3rd Round,3,Gauff C.,Cirstea S.,3,26,7279,1540,4,6,7,5,6,1,2,1,Completed,1.25,4,,,1.25,4.5,1.23,3.98,,
20,Madrid,Mutua Madrid Open,4/26/2026,WTA1000,Outdoor,Clay,3rd Round,3,Sierra S.,Sonmez Z.,88,67,825,963,0,6,6,2,6,3,2,1,Completed,2.38,1.57,,,2.88,1.58,2.42,1.54,,
20,Madrid,Mutua Madrid Open,4/26/2026,WTA1000,Outdoor,Clay,3rd Round,3,McNally C.,Siniakova K.,76,42,916,1299,6,3,2,6,7,6,2,1,Completed,1.73,2.1,,,1.8,2.13,1.73,2.07,,
20,Madrid,Mutua Madrid Open,4/26/2026,WTA1000,Outdoor,Clay,3rd Round,3,Noskova L.,Samsonova L.,13,20,2849,1895,,,,,,,,,Walkover,1.53,2.5,,,1.57,2.5,1.54,2.43,,
20,Madrid,Mutua Madrid Open,4/26/2026,WTA1000,Outdoor,Clay,3rd Round,3,Pliskova Ka.,Mertens E.,197,21,375,1858,7,5,2,6,7,6,2,1,Completed,3.2,1.36,,,3.5,1.4,3.14,1.35,,
20,Madrid,Mutua Madrid Open,4/26/2026,WTA1000,Outdoor,Clay,3rd Round,3,Kostyuk M.,Pegula J.,23,5,1722,6136,6,1,6,4,,,2,0,Completed,2.2,1.67,,,2.25,1.68,2.19,1.66,,
20,Madrid,Mutua Madrid Open,4/26/2026,WTA1000,Outdoor,Clay,3rd Round,3,Rybakina E.,Zheng Q.,2,36,8500,1350,4,6,6,4,6,3,2,1,Completed,1.25,4,,,1.27,4.2,1.25,3.86,,
20,Madrid,Mutua Madrid Open,4/26/2026,WTA1000,Outdoor,Clay,3rd Round,3,Potapova A.,Ostapenko J.,56,40,1065,1314,4,6,6,4,6,4,2,1,Completed,2,1.8,,,2,1.83,1.97,1.8,,
20,Madrid,Mutua Madrid Open,4/27/2026,WTA1000,Outdoor,Clay,4th Round,3,Baptiste H.,Bencic B.,32,12,1392,3090,6,1,6,7,6,3,2,1,Completed,3,1.4,,,3.3,1.4,3.09,1.35,,
20,Madrid,Mutua Madrid Open,4/27/2026,WTA1000,Outdoor,Clay,4th Round,3,Fernandez L.A.,Li A.,25,34,1646,1380,6,3,6,2,,,2,0,Completed,1.57,2.38,,,1.65,2.38,1.59,2.3,,
20,Madrid,Mutua Madrid Open,4/27/2026,WTA1000,Outdoor,Clay,4th Round,3,Sabalenka A.,Osaka N.,1,15,10895,2324,6,7,6,3,6,2,2,1,Completed,1.13,6,,,1.14,6,1.13,5.65,,
20,Madrid,Mutua Madrid Open,4/27/2026,WTA1000,Outdoor,Clay,4th Round,3,Pliskova Ka.,Sierra S.,197,88,375,825,6,4,6,3,,,2,0,Completed,1.57,2.38,,,1.64,2.38,1.6,2.27,,
20,Madrid,Mutua Madrid Open,4/27/2026,WTA1000,Outdoor,Clay,4th Round,3,Andreeva M.,Bondar A.,8,63,3746,1023,6,7,6,3,7,6,2,1,Completed,1.2,4.5,,,1.25,4.5,1.21,4.19,,
20,Madrid,Mutua Madrid Open,4/27/2026,WTA1000,Outdoor,Clay,4th Round,3,Noskova L.,Gauff C.,13,3,2849,7279,6,4,1,6,7,6,2,1,Completed,2.38,1.57,,,2.5,1.58,2.39,1.55,,
20,Madrid,Mutua Madrid Open,4/27/2026,WTA1000,Outdoor,Clay,4th Round,3,Kostyuk M.,McNally C.,23,76,1722,916,6,2,6,3,,,2,0,Completed,1.17,5,,,1.17,5.3,1.16,4.99,,
20,Madrid,Mutua Madrid Open,4/27/2026,WTA1000,Outdoor,Clay,4th Round,3,Potapova A.,Rybakina E.,56,2,1065,8500,7,6,6,4,,,2,0,Completed,5.5,1.14,,,6,1.15,5.6,1.13,,
20,Madrid,Mutua Madrid Open,4/28/2026,WTA1000,Outdoor,Clay,Quarterfinals,3,Andreeva M.,Fernandez L.A.,8,25,3746,1646,7,6,6,3,,,2,0,Completed,1.36,3.2,,,1.41,3.25,1.38,3,,
20,Madrid,Mutua Madrid Open,4/28/2026,WTA1000,Outdoor,Clay,Quarterfinals,3,Baptiste H.,Sabalenka A.,32,1,1392,10895,2,6,6,2,7,6,2,1,Completed,7,1.1,,,7.5,1.12,6.73,1.1,,
20,Madrid,Mutua Madrid Open,4/29/2026,WTA1000,Outdoor,Clay,Quarterfinals,3,Potapova A.,Pliskova Ka.,56,197,1065,375,6,1,6,7,6,3,2,1,Completed,1.53,2.5,,,1.57,2.5,1.53,2.44,,
20,Madrid,Mutua Madrid Open,4/29/2026,WTA1000,Outdoor,Clay,Quarterfinals,3,Kostyuk M.,Noskova L.,23,13,1722,2849,7,6,6,0,,,2,0,Completed,1.5,2.63,,,1.53,2.75,1.48,2.59,,
20,Madrid,Mutua Madrid Open,4/30/2026,WTA1000,Outdoor,Clay,Semifinals,3,Andreeva M.,Baptiste H.,8,32,3746,1392,6,4,7,6,,,2,0,Completed,1.5,2.63,,,1.5,2.75,1.47,2.65,,
20,Madrid,Mutua Madrid Open,4/30/2026,WTA1000,Outdoor,Clay,Semifinals,3,Kostyuk M.,Potapova A.,23,56,1722,1065,6,2,1,6,6,1,2,1,Completed,1.33,3.4,,,1.36,3.4,1.34,3.2,,
20,Madrid,Mutua Madrid Open,5/2/2026,WTA1000,Outdoor,Clay,The Final,3,Kostyuk M.,Andreeva M.,23,8,1722,3746,6,3,7,5,,,2,0,Completed,2.2,1.67,,,2.3,1.73,2.18,1.68,,
21,Rome,Internazionali BNL d'Italia,5/5/2026,WTA1000,Outdoor,Clay,1st Round,3,Krejcikova B.,Jacquemot E.,53,64,1156,1007,6,2,6,4,"	",,2,0,Completed,1.53,2.5,,,1.53,2.55,1.52,2.48,1.61,2.6
21,Rome,Internazionali BNL d'Italia,5/5/2026,WTA1000,Outdoor,Clay,1st Round,3,Zheng Q.,Bondar A.,32,58,1405,1043,3,6,6,3,6,4,2,1,Completed,1.36,3.2,,,1.42,3.2,1.37,2.98,1.39,3.5
21,Rome,Internazionali BNL d'Italia,5/5/2026,WTA1000,Outdoor,Clay,1st Round,3,Oliynykova O.,Marcinko P.,68,69,940,934,6,1,6,3,,"	",2,0,Completed,2.1,1.73,,,2.12,1.73,2.09,1.72,2.2,1.8
21,Rome,Internazionali BNL d'Italia,5/5/2026,WTA1000,Outdoor,Clay,1st Round,3,Andreescu B.,Kenin S.,137,74,564,922,6,4,7,5,,"	",2,0,Completed,1.8,2,,,1.83,2.1,1.77,2,1.9,2.06
21,Rome,Internazionali BNL d'Italia,5/5/2026,WTA1000,Outdoor,Clay,1st Round,3,Ruzic A.,Rakhimova K.,59,76,1041,919,6,4,1,6,6,3,2,1,Completed,2,1.8,,,2,1.83,1.97,1.79,2.16,1.84
21,Rome,Internazionali BNL d'Italia,5/5/2026,WTA1000,Outdoor,Clay,1st Round,3,Kessler M.,Bronzetti L.,50,173,1204,459,6,3,5,7,6,4,2,1,Completed,1.53,2.5,,,1.57,2.55,1.52,2.5,1.53,2.82
21,Rome,Internazionali BNL d'Italia,5/5/2026,WTA1000,Outdoor,Clay,1st Round,3,Zakharova A.,Yastremska D.,81,52,888,1175,4,6,7,5,7,6,2,1,Completed,3.4,1.33,,,3.5,1.36,3.21,1.34,3.65,1.37
21,Rome,Internazionali BNL d'Italia,5/5/2026,WTA1000,Outdoor,Clay,1st Round,3,Sonmez Z.,Ruggeri J.,65,265,998,260,4,6,6,2,6,2,2,1,Completed,1.11,6.5,,,1.12,7,1.11,6.28,1.13,8
21,Rome,Internazionali BNL d'Italia,5/5/2026,WTA1000,Outdoor,Clay,1st Round,3,Gibson T.,Trevisan M.,62,516,1021,100,6,4,0,6,6,3,2,1,Completed,1.44,2.75,,,1.5,2.8,1.45,2.68,1.47,3.05
21,Rome,Internazionali BNL d'Italia,5/5/2026,WTA1000,Outdoor,Clay,1st Round,3,Li A.,Zhang S.,29,73,1435,924,1,6,6,4,6,2,2,1,Completed,1.25,4,,,1.3,4,1.26,3.73,1.31,4.2
21,Rome,Internazionali BNL d'Italia,5/6/2026,WTA1000,Outdoor,Clay,1st Round,3,Maria T.,Linette M.,54,55,1086,1084,6,0,6,3,,"	",2,0,Completed,3.75,1.29,,,3.75,1.3,3.52,1.29,4.2,1.3
21,Rome,Internazionali BNL d'Italia,5/6/2026,WTA1000,Outdoor,Clay,1st Round,3,Udvardy P.,Korneeva A.,71,122,931,657,6,2,7,6,"	",,2,0,Completed,1.73,2.1,,,1.83,2.1,1.75,2.03,1.92,2.06
21,Rome,Internazionali BNL d'Italia,5/6/2026,WTA1000,Outdoor,Clay,1st Round,3,Ostapenko J.,Stefanini L.,36,154,1369,495,6,0,6,1,,"	",2,0,Completed,1.07,9,,,1.09,9,1.08,7.75,1.1,10
21,Rome,Internazionali BNL d'Italia,5/6/2026,WTA1000,Outdoor,Clay,1st Round,3,Eala A.,Frech M.,42,45,1285,1263,6,0,3,6,6,4,2,1,Completed,1.8,2,,,1.83,2.04,1.78,1.98,1.89,2.08
21,Rome,Internazionali BNL d'Italia,5/6/2026,WTA1000,Outdoor,Clay,1st Round,3,Jeanjean L.,Haddad Maia B.,127,78,608,904,7,6,6,4,"	",,2,0,Completed,1.67,2.2,,,1.67,2.38,1.64,2.22,1.69,2.42
21,Rome,Internazionali BNL d'Italia,5/6/2026,WTA1000,Outdoor,Clay,1st Round,3,Siniakova K.,Boisson L.,39,43,1342,1268,6,2,6,3,"	",,2,0,Completed,1.3,3.5,,,1.38,3.6,1.32,3.32,1.37,3.6
21,Rome,Internazionali BNL d'Italia,5/6/2026,WTA1000,Outdoor,Clay,1st Round,3,Grant T.C.,Pigato L.,234,141,305,547,1,6,6,2,6,4,2,1,Completed,1.91,1.91,,,1.96,1.95,1.9,1.87,2.06,1.92
21,Rome,Internazionali BNL d'Italia,5/6/2026,WTA1000,Outdoor,Clay,1st Round,3,Golubic V.,Urgesi F.,90,410,854,145,6,1,6,1,"	",,2,0,Completed,1.44,2.75,,,1.53,2.75,1.5,2.56,1.62,2.58
21,Rome,Internazionali BNL d'Italia,5/6/2026,WTA1000,Outdoor,Clay,1st Round,3,Siegemund L.,Bejlek S.,46,37,1250,1360,6,4,6,4,"	",,2,0,Completed,2.5,1.53,,,2.55,1.54,2.48,1.52,2.48,1.67
21,Rome,Internazionali BNL d'Italia,5/6/2026,WTA1000,Outdoor,Clay,1st Round,3,Sierra S.,Korpatsch T.,72,87,924,868,6,3,6,1,"	",,2,0,Completed,1.57,2.38,,,1.65,2.38,1.61,2.27,1.75,2.3
21,Rome,Internazionali BNL d'Italia,5/6/2026,WTA1000,Outdoor,Clay,1st Round,3,Townsend T.,Brancaccio N.,96,171,824,463,6,3,6,2,"	",,2,0,Completed,1.3,3.5,,,1.3,3.8,1.27,3.68,1.28,4.3
21,Rome,Internazionali BNL d'Italia,5/6/2026,WTA1000,Outdoor,Clay,1st Round,3,Stearns P.,Tjen J.,49,40,1211,1317,6,4,6,4,"	",,2,0,Completed,1.44,2.75,,,1.44,3,1.41,2.83,1.47,3.1
21,Rome,Internazionali BNL d'Italia,5/6/2026,WTA1000,Outdoor,Clay,1st Round,3,Sakkari M.,Tagger L.,47,92,1238,836,5,7,6,3,6,0,2,1,Completed,1.57,2.38,,,1.67,2.38,1.63,2.22,1.76,2.28
21,Rome,Internazionali BNL d'Italia,5/6/2026,WTA1000,Outdoor,Clay,1st Round,3,Valentova T.,Putintseva Y.,48,77,1231,918,6,3,6,2,,"	",2,0,Completed,1.62,2.3,,,1.68,2.3,1.65,2.19,1.71,2.36
21,Rome,Internazionali BNL d'Italia,5/6/2026,WTA1000,Outdoor,Clay,1st Round,3,Potapova A.,Galfi D.,38,119,1355,674,5,7,6,2,6,4,2,1,Completed,1.36,3.2,,,1.37,3.25,1.35,3.11,1.38,3.5
21,Rome,Internazionali BNL d'Italia,5/6/2026,WTA1000,Outdoor,Clay,1st Round,3,Masarova R.,Selekhmeteva O.,160,84,479,871,7,5,5,7,6,1,2,1,Completed,1.73,2.1,,,1.73,2.23,1.66,2.17,1.73,2.34
21,Rome,Internazionali BNL d'Italia,5/6/2026,WTA1000,Outdoor,Clay,1st Round,3,Lys E.,Boulter K.,80,60,901,1036,6,4,3,6,6,4,2,1,Completed,2.3,1.62,,,2.33,1.67,2.24,1.63,2.2,1.83
21,Rome,Internazionali BNL d'Italia,5/6/2026,WTA1000,Outdoor,Clay,1st Round,3,Pliskova Ka.,Bouzas Maneiro J.,130,51,590,1186,4,6,6,3,7,5,2,1,Completed,1.67,2.2,,,1.67,2.43,1.58,2.32,1.66,2.46
21,Rome,Internazionali BNL d'Italia,5/6/2026,WTA1000,Outdoor,Clay,1st Round,3,Cocciaretto E.,Kraus S.,41,103,1290,780,6,2,6,4,"	",,2,0,Completed,1.67,2.2,,,1.75,2.2,1.7,2.1,1.83,2.16
21,Rome,Internazionali BNL d'Italia,5/6/2026,WTA1000,Outdoor,Clay,1st Round,3,McNally C.,Kasatkina D.,63,66,1018,987,6,2,6,3,"	",,2,0,Completed,2,1.8,,,2.01,1.85,1.97,1.79,2.08,1.9
21,Rome,Internazionali BNL d'Italia,5/7/2026,WTA1000,Outdoor,Clay,1st Round,3,Basiletti N.,Tomljanovic A.,427,88,137,867,7,5,6,4,"	",,2,0,Completed,3.2,1.36,,,3.5,1.91,2.95,1.45,3.8,1.35
21,Rome,Internazionali BNL d'Italia,5/7/2026,WTA1000,Outdoor,Clay,1st Round,3,Waltert S.,Starodubtseva Y.,91,57,840,1044,7,5,4,6,6,1,2,1,Completed,2.1,1.73,,,2.13,1.74,2.1,1.72,2.2,1.82
21,Rome,Internazionali BNL d'Italia,5/7/2026,WTA1000,Outdoor,Clay,2nd Round,3,Zheng Q.,Bucsa C.,32,31,1405,1406,7,6,6,2,,"	",2,0,Completed,1.14,5.5,,,1.16,6.5,1.14,5.54,1.18,6.2
21,Rome,Internazionali BNL d'Italia,5/7/2026,WTA1000,Outdoor,Clay,2nd Round,3,Andreeva M.,Ruzic A.,7,59,4181,1041,6,1,6,0,,"	",2,0,Completed,1.08,8,,,1.08,9,1.07,7.92,1.08,11.5
21,Rome,Internazionali BNL d'Italia,5/7/2026,WTA1000,Outdoor,Clay,2nd Round,3,Mertens E.,Udvardy P.,22,71,1858,931,6,4,6,2,,"	",2,0,Completed,1.25,4,,,1.25,5,1.22,4.06,1.26,4.5
21,Rome,Internazionali BNL d'Italia,5/7/2026,WTA1000,Outdoor,Clay,2nd Round,3,Paolini J.,Jeanjean L.,8,127,3722,608,6,7,6,2,6,4,2,1,Completed,1.2,4.5,,,1.22,4.6,1.2,4.35,1.22,5.3
21,Rome,Internazionali BNL d'Italia,5/7/2026,WTA1000,Outdoor,Clay,2nd Round,3,Noskova L.,Zakharova A.,13,81,2999,888,6,4,6,1,,"	",2,0,Completed,1.13,6,,,1.14,6,1.13,5.56,1.16,7
21,Rome,Internazionali BNL d'Italia,5/7/2026,WTA1000,Outdoor,Clay,2nd Round,3,Cirstea S.,Maria T.,27,54,1595,1086,6,2,6,0,,"	",2,0,Completed,1.13,6,,,1.14,8,1.11,6.29,1.12,8.8
21,Rome,Internazionali BNL d'Italia,5/7/2026,WTA1000,Outdoor,Clay,2nd Round,3,Oliynykova O.,Tauson C.,68,18,940,2030,6,1,3,1,,"	",1,0,Retired,2,1.8,,,2.1,1.8,2.04,1.75,2.12,1.86
21,Rome,Internazionali BNL d'Italia,5/7/2026,WTA1000,Outdoor,Clay,2nd Round,3,Golubic V.,Joint M.,90,34,854,1380,7,5,6,2,,"	",2,0,Completed,1.8,2,,,1.91,2,1.84,1.92,1.9,2.1
21,Rome,Internazionali BNL d'Italia,5/7/2026,WTA1000,Outdoor,Clay,2nd Round,3,Kalinskaya A.,Siniakova K.,24,39,1758,1342,4,6,7,6,7,5,2,1,Completed,2,1.8,,,2.02,1.85,1.99,1.79,2.12,1.87
21,Rome,Internazionali BNL d'Italia,5/7/2026,WTA1000,Outdoor,Clay,2nd Round,3,Gauff C.,Valentova T.,4,48,6749,1231,6,3,6,4,"	",,2,0,Completed,1.22,4.33,,,1.26,4.35,1.22,4.06,1.25,4.8
21,Rome,Internazionali BNL d'Italia,5/7/2026,WTA1000,Outdoor,Clay,2nd Round,3,Ostapenko J.,Ruse E.G.,36,67,1369,963,2,6,6,2,6,3,2,1,Completed,1.62,2.3,,,1.8,2.63,1.59,2.33,1.5,2.96
21,Rome,Internazionali BNL d'Italia,5/7/2026,WTA1000,Outdoor,Clay,2nd Round,3,Bencic B.,Andreescu B.,12,137,3090,564,6,4,6,1,"	",,2,0,Completed,1.25,4,,,1.29,4,1.25,3.78,1.28,4.3
21,Rome,Internazionali BNL d'Italia,5/7/2026,WTA1000,Outdoor,Clay,2nd Round,3,Townsend T.,Bouzkova M.,96,26,824,1651,6,3,7,5,,"	",2,0,Completed,1.8,2,,,1.85,2.1,1.79,1.98,1.8,2.24
21,Rome,Internazionali BNL d'Italia,5/7/2026,WTA1000,Outdoor,Clay,2nd Round,3,Sierra S.,Kalinina A.,72,93,924,833,6,2,6,3,"	",,2,0,Completed,3,1.4,,,3,1.44,2.81,1.41,3.05,1.47
21,Rome,Internazionali BNL d'Italia,5/7/2026,WTA1000,Outdoor,Clay,2nd Round,3,Jovic I.,Kessler M.,17,50,2235,1204,7,6,7,6,,"	",2,0,Completed,1.3,3.5,,,1.36,3.5,1.32,3.31,1.37,3.55
21,Rome,Internazionali BNL d'Italia,5/7/2026,WTA1000,Outdoor,Clay,2nd Round,3,Sabalenka A.,Krejcikova B.,1,53,10110,1156,6,2,6,3,"	",,2,0,Completed,1.05,11,,,1.06,13,1.05,10.08,1.08,13
21,Rome,Internazionali BNL d'Italia,5/8/2026,WTA1000,Outdoor,Clay,2nd Round,3,Eala A.,Wang Xin.,42,33,1285,1401,6,4,6,3,,"	",2,0,Completed,1.73,2.1,,,1.75,2.16,1.72,2.09,1.78,2.26
21,Rome,Internazionali BNL d'Italia,5/8/2026,WTA1000,Outdoor,Clay,2nd Round,3,Shnaider D.,Gibson T.,20,62,1946,1021,5,7,6,1,6,1,2,1,Completed,1.17,5,,,1.17,6.5,1.15,5.31,1.18,6.2
21,Rome,Internazionali BNL d'Italia,5/8/2026,WTA1000,Outdoor,Clay,2nd Round,3,Swiatek I.,McNally C.,3,63,6948,1018,6,1,6,7,6,3,2,1,Completed,1.1,7,,,1.1,7.5,1.09,6.98,1.13,7.8
21,Rome,Internazionali BNL d'Italia,5/8/2026,WTA1000,Outdoor,Clay,2nd Round,3,Samsonova L.,Li A.,21,29,1895,1435,6,4,6,3,"	",,2,0,Completed,1.67,2.2,,,1.73,2.2,1.7,2.12,1.95,2.04
21,Rome,Internazionali BNL d'Italia,5/8/2026,WTA1000,Outdoor,Clay,2nd Round,3,Potapova A.,Muchova K.,38,11,1355,3318,6,3,6,2,"	",,2,0,Completed,2.75,1.44,,,3,1.48,2.74,1.43,3.15,1.45
21,Rome,Internazionali BNL d'Italia,5/8/2026,WTA1000,Outdoor,Clay,2nd Round,3,Keys M.,Stearns P.,19,49,1946,1211,4,6,6,4,6,2,2,1,Completed,1.57,2.38,,,1.62,2.4,1.58,2.32,1.69,2.4
21,Rome,Internazionali BNL d'Italia,5/8/2026,WTA1000,Outdoor,Clay,2nd Round,3,Osaka N.,Lys E.,16,80,2341,901,6,4,4,6,6,3,2,1,Completed,1.29,3.75,,,1.3,3.75,1.29,3.48,1.32,3.95
21,Rome,Internazionali BNL d'Italia,5/8/2026,WTA1000,Outdoor,Clay,2nd Round,3,Pegula J.,Sonmez Z.,5,65,6136,998,6,4,6,0,"	",,2,0,Completed,1.2,4.5,,,1.22,4.5,1.21,4.27,1.23,5.2
21,Rome,Internazionali BNL d'Italia,5/8/2026,WTA1000,Outdoor,Clay,2nd Round,3,Siegemund L.,Alexandrova E.,46,14,1250,2669,6,4,6,7,6,1,2,1,Completed,2,1.8,,,2.03,2,1.96,1.81,2.12,1.87
21,Rome,Internazionali BNL d'Italia,5/8/2026,WTA1000,Outdoor,Clay,2nd Round,3,Baptiste H.,Waltert S.,25,91,1747,840,6,7,6,4,6,4,2,1,Completed,1.4,3,,,1.44,3,1.4,2.86,1.47,3.1
21,Rome,Internazionali BNL d'Italia,5/8/2026,WTA1000,Outdoor,Clay,2nd Round,3,Bartunkova N.,Grant T.C.,94,234,831,305,4,6,6,3,6,4,2,1,Completed,1.57,2.38,,,1.62,2.4,1.59,2.31,1.6,2.6
21,Rome,Internazionali BNL d'Italia,5/8/2026,WTA1000,Outdoor,Clay,2nd Round,3,Svitolina E.,Basiletti N.,10,427,3530,137,6,1,6,3,"	",,2,0,Completed,1.05,11,,,1.05,13,1.04,10.5,1.07,14.5
21,Rome,Internazionali BNL d'Italia,5/8/2026,WTA1000,Outdoor,Clay,2nd Round,3,Pliskova Ka.,Cristian J.,130,28,590,1437,6,7,7,6,6,4,2,1,Completed,1.73,2.1,,,1.75,2.14,1.72,2.09,1.92,2.08
21,Rome,Internazionali BNL d'Italia,5/8/2026,WTA1000,Outdoor,Clay,2nd Round,3,Masarova R.,Fernandez L.A.,160,23,479,1851,4,6,6,4,6,4,2,1,Completed,3,1.4,,,3,1.44,2.79,1.42,2.98,1.49
21,Rome,Internazionali BNL d'Italia,5/8/2026,WTA1000,Outdoor,Clay,2nd Round,3,Cocciaretto E.,Navarro E.,41,35,1290,1377,6,3,6,3,,"	",2,0,Completed,1.4,3,,,1.48,3,1.42,2.83,1.46,3.1
21,Rome,Internazionali BNL d'Italia,5/8/2026,WTA1000,Outdoor,Clay,2nd Round,3,Rybakina E.,Sakkari M.,2,47,8555,1238,6,4,6,1,,"	",2,0,Completed,1.1,7,,,1.12,8,1.1,6.56,1.12,8.6
21,Rome,Internazionali BNL d'Italia,5/9/2026,WTA1000,Outdoor,Clay,3rd Round,3,Gauff C.,Sierra S.,4,72,6749,924,5,7,6,0,6,4,2,1,Completed,1.08,8,,,1.09,8.5,1.08,7.58,1.1,10
21,Rome,Internazionali BNL d'Italia,5/9/2026,WTA1000,Outdoor,Clay,3rd Round,3,Noskova L.,Oliynykova O.,13,68,2999,940,6,1,6,3,,"	",2,0,Completed,1.3,3.5,,,1.3,3.75,1.28,3.54,1.32,3.9
21,Rome,Internazionali BNL d'Italia,5/9/2026,WTA1000,Outdoor,Clay,3rd Round,3,Mertens E.,Paolini J.,22,8,1858,3722,4,6,7,6,6,3,2,1,Completed,1.73,2.1,,,1.85,2.14,1.76,2.03,1.96,2.04
21,Rome,Internazionali BNL d'Italia,5/9/2026,WTA1000,Outdoor,Clay,3rd Round,3,Ostapenko J.,Zheng Q.,36,32,1369,1405,4,6,6,4,6,4,2,1,Completed,2.75,1.44,,,2.8,1.47,2.71,1.44,2.92,1.51
21,Rome,Internazionali BNL d'Italia,5/9/2026,WTA1000,Outdoor,Clay,3rd Round,3,Cirstea S.,Sabalenka A.,27,1,1595,10110,2,6,6,3,7,5,2,1,Completed,6,1.13,,,7,1.14,5.78,1.13,7,1.16
21,Rome,Internazionali BNL d'Italia,5/9/2026,WTA1000,Outdoor,Clay,3rd Round,3,Andreeva M.,Golubic V.,7,90,4181,854,6,1,4,6,6,0,2,1,Completed,1.04,13,,,1.04,19,1.03,12.56,1.05,18.5
21,Rome,Internazionali BNL d'Italia,5/9/2026,WTA1000,Outdoor,Clay,3rd Round,3,Jovic I.,Townsend T.,17,96,2235,824,7,5,6,2,,"	",2,0,Completed,1.73,2.1,,,1.78,2.1,1.73,2.06,1.79,2.24
21,Rome,Internazionali BNL d'Italia,5/9/2026,WTA1000,Outdoor,Clay,3rd Round,3,Kalinskaya A.,Bencic B.,24,12,1758,3090,6,4,6,3,,"	",2,0,Completed,3.4,1.33,,,3.6,1.33,3.39,1.31,3.55,1.37
21,Rome,Internazionali BNL d'Italia,5/10/2026,WTA1000,Outdoor,Clay,3rd Round,3,Bartunkova N.,Keys M.,94,19,831,1946,6,3,1,6,6,4,2,1,Completed,3.4,1.33,,,3.5,1.34,3.27,1.33,3.65,1.37
21,Rome,Internazionali BNL d'Italia,5/10/2026,WTA1000,Outdoor,Clay,3rd Round,3,Svitolina E.,Baptiste H.,10,25,3530,1747,6,1,6,2,"	",,2,0,Completed,1.4,3,,,1.42,3,1.39,2.91,1.42,3.25
21,Rome,Internazionali BNL d'Italia,5/10/2026,WTA1000,Outdoor,Clay,3rd Round,3,Pegula J.,Masarova R.,5,160,6136,479,6,0,6,0,"	",,2,0,Completed,1.14,5.5,,,1.15,6,1.14,5.5,1.17,6.4
21,Rome,Internazionali BNL d'Italia,5/10/2026,WTA1000,Outdoor,Clay,3rd Round,3,Potapova A.,Samsonova L.,38,21,1355,1895,6,3,6,2,,"	",2,0,Completed,1.5,2.63,,,1.55,2.63,1.52,2.47,1.6,2.66
21,Rome,Internazionali BNL d'Italia,5/10/2026,WTA1000,Outdoor,Clay,3rd Round,3,Osaka N.,Shnaider D.,16,20,2341,1946,6,1,6,2,"	",,2,0,Completed,1.91,1.91,,,1.96,1.91,1.91,1.85,2.04,1.93
21,Rome,Internazionali BNL d'Italia,5/10/2026,WTA1000,Outdoor,Clay,3rd Round,3,Rybakina E.,Eala A.,2,42,8555,1285,6,4,6,3,,"	",2,0,Completed,1.05,11,,,1.07,15,1.05,9.75,1.08,12.5
21,Rome,Internazionali BNL d'Italia,5/10/2026,WTA1000,Outdoor,Clay,3rd Round,3,Swiatek I.,Cocciaretto E.,3,41,6948,1290,6,1,6,0,,"	",2,0,Completed,1.1,7,,,1.13,7,1.1,6.45,1.15,7.2
21,Rome,Internazionali BNL d'Italia,5/10/2026,WTA1000,Outdoor,Clay,3rd Round,3,Pliskova Ka.,Siegemund L.,130,46,590,1250,6,1,6,4,,"	",2,0,Completed,1.8,2,,,1.81,2.04,1.78,1.99,1.87,2.1
21,Rome,Internazionali BNL d'Italia,5/11/2026,WTA1000,Outdoor,Clay,4th Round,3,Cirstea S.,Noskova L.,27,13,1595,2999,6,2,6,4,"	",,2,0,Completed,2,1.8,,,2.02,1.83,1.98,1.8,2.08,1.9
21,Rome,Internazionali BNL d'Italia,5/11/2026,WTA1000,Outdoor,Clay,4th Round,3,Gauff C.,Jovic I.,4,17,6749,2235,5,7,7,5,6,2,2,1,Completed,1.29,3.75,,,1.33,3.75,1.31,3.41,1.31,4.1
21,Rome,Internazionali BNL d'Italia,5/11/2026,WTA1000,Outdoor,Clay,4th Round,3,Ostapenko J.,Kalinskaya A.,36,24,1369,1758,6,1,6,2,,"	",2,0,Completed,1.8,2,,,1.8,2.06,1.76,2.01,1.85,2.16
21,Rome,Internazionali BNL d'Italia,5/11/2026,WTA1000,Outdoor,Clay,4th Round,3,Andreeva M.,Mertens E.,7,22,4181,1858,6,3,6,3,,"	",2,0,Completed,1.3,3.5,,,1.34,3.5,1.32,3.26,1.39,3.55
21,Rome,Internazionali BNL d'Italia,5/11/2026,WTA1000,Outdoor,Clay,4th Round,3,Svitolina E.,Bartunkova N.,10,94,3530,831,6,2,6,3,"	",,2,0,Completed,1.13,6,,,1.17,6,1.14,5.46,1.16,7
21,Rome,Internazionali BNL d'Italia,5/11/2026,WTA1000,Outdoor,Clay,4th Round,3,Pegula J.,Potapova A.,5,38,6136,1355,7,6,6,2,"	",,2,0,Completed,1.44,2.75,,,1.53,2.75,1.46,2.63,1.56,2.76
21,Rome,Internazionali BNL d'Italia,5/11/2026,WTA1000,Outdoor,Clay,4th Round,3,Swiatek I.,Osaka N.,3,16,6948,2341,6,2,6,1,,"	",2,0,Completed,1.29,3.75,,,1.33,3.75,1.29,3.48,1.35,3.75
21,Rome,Internazionali BNL d'Italia,5/11/2026,WTA1000,Outdoor,Clay,4th Round,3,Rybakina E.,Pliskova Ka.,2,130,8555,590,6,0,6,2,,"	",2,0,Completed,1.11,6.5,,,1.13,7.5,1.11,6.26,1.13,8.4
21,Rome,Internazionali BNL d'Italia,5/12/2026,WTA1000,Outdoor,Clay,Quarterfinals,3,Cirstea S.,Ostapenko J.,27,36,1595,1369,6,1,7,6,"	",,2,0,Completed,1.62,2.3,,,1.65,2.38,1.62,2.26,1.69,2.42
21,Rome,Internazionali BNL d'Italia,5/12/2026,WTA1000,Outdoor,Clay,Quarterfinals,3,Gauff C.,Andreeva M.,4,7,6749,4181,4,6,6,2,6,4,2,1,Completed,1.91,1.91,,,1.98,1.91,1.91,1.85,2.04,1.94
21,Rome,Internazionali BNL d'Italia,5/13/2026,WTA1000,Outdoor,Clay,Quarterfinals,3,Swiatek I.,Pegula J.,3,5,6948,6136,6,1,6,2,,"	",2,0,Completed,1.36,3.2,,,1.4,3.25,1.37,3.01,1.41,3.4
21,Rome,Internazionali BNL d'Italia,5/13/2026,WTA1000,Outdoor,Clay,Quarterfinals,3,Svitolina E.,Rybakina E.,10,2,3530,8555,2,6,6,4,6,4,2,1,Completed,3,1.4,,,3.1,1.4,2.96,1.38,3.25,1.42
21,Rome,Internazionali BNL d'Italia,5/14/2026,WTA1000,Outdoor,Clay,Semifinals,3,Gauff C.,Cirstea S.,4,27,6749,1595,6,4,6,3,,"	",2,0,Completed,1.4,3,,,1.48,3,1.42,2.81,1.48,3.05
21,Rome,Internazionali BNL d'Italia,5/14/2026,WTA1000,Outdoor,Clay,Semifinals,3,Svitolina E.,Swiatek I.,10,3,3530,6948,6,4,2,6,6,2,2,1,Completed,4,1.25,,,4,1.29,3.8,1.25,4.5,1.28
21,Rome,Internazionali BNL d'Italia,5/16/2026,WTA1000,Outdoor,Clay,The Final,3,Svitolina E.,Gauff C.,10,4,3530,6749,6,4,6,7,6,2,2,1,Completed,2.3,1.62,,,2.3,1.7,2.2,1.65,2.36,1.72
22,Rabat,Morocco Open,5/18/2026,WTA250,Outdoor,Clay,1st Round,3,Teichmann J.,Grabher J.,207,123,352,661,6,4,7,6,"	",,2,0,Completed,2,1.8,,,2.12,1.8,2.05,1.73,2.26,1.77
22,Rabat,Morocco Open,5/18/2026,WTA250,Outdoor,Clay,1st Round,3,Udvardy P.,Vandewinkel H.,68,102,951,790,6,4,6,2,,"	",2,0,Completed,1.73,2.1,,,1.83,2.18,1.72,2.06,1.78,2.28
22,Rabat,Morocco Open,5/18/2026,WTA250,Outdoor,Clay,1st Round,3,Kalinina A.,Waltert S.,84,93,873,856,6,3,6,4,,"	",2,0,Completed,1.44,2.75,,,1.5,2.75,1.45,2.66,1.52,2.84
22,Rabat,Morocco Open,5/18/2026,WTA250,Outdoor,Clay,1st Round,3,Marcinko P.,Zvonareva V.,76,326,917,201,6,2,6,4,"	",,2,0,Completed,1.53,2.5,,,1.53,2.63,1.5,2.54,1.52,2.84
22,Rabat,Morocco Open,5/18/2026,WTA250,Outdoor,Clay,1st Round,3,Parks A.,Uchijima M.,80,110,902,707,6,2,6,4,"	",,2,0,Completed,2.75,1.44,,,2.75,1.5,2.61,1.46,2.76,1.55
22,Rabat,Morocco Open,5/18/2026,WTA250,Outdoor,Clay,1st Round,3,Ferro F.,Kovinic D.,200,N/A,370,N/A,6,2,6,3,"	",,2,0,Completed,1.11,6.5,,,1.14,7,1.1,6.44,1.11,8.6
22,Rabat,Morocco Open,5/18/2026,WTA250,Outdoor,Clay,1st Round,3,Bondar A.,Hercog P.,58,217,1023,333,1,1,,"	",,,0,0,Retired,1.25,4,,,1.25,4.1,1.23,3.96,1.26,4.5
22,Rabat,Morocco Open,5/19/2026,WTA250,Outdoor,Clay,1st Round,3,Kotliar Y.,Jones F.,528,105,100,736,2,6,6,3,6,4,2,1,Completed,9,1.07,,,9,1.08,7.84,1.07,10,1.11
22,Rabat,Morocco Open,5/19/2026,WTA250,Outdoor,Clay,1st Round,3,Nahimana S.,Tomljanovic A.,231,90,309,857,6,3,7,5,"	",,2,0,Completed,4.33,1.22,,,4.33,1.25,4.06,1.23,4.8,1.25
22,Rabat,Morocco Open,5/19/2026,WTA250,Outdoor,Clay,1st Round,3,Tjen J.,Hennemann C.W.,41,292,1292,234,6,1,7,5,"	",,2,0,Completed,1.5,2.63,,,1.5,2.75,1.45,2.68,1.49,3
22,Rabat,Morocco Open,5/19/2026,WTA250,Outdoor,Clay,1st Round,3,Kabbaj Y.,Cengiz B.,334,429,195,136,7,6,6,3,"	",,2,0,Completed,2.75,1.44,,,2.8,1.53,2.6,1.47,2.64,1.6
22,Rabat,Morocco Open,5/19/2026,WTA250,Outdoor,Clay,1st Round,3,Bouzas Maneiro J.,Zaar L.,51,335,1200,195,6,0,7,5,,"	",2,0,Completed,1.3,3.5,,,1.3,3.75,1.28,3.57,1.33,4
22,Rabat,Morocco Open,5/19/2026,WTA250,Outdoor,Clay,1st Round,3,Osorio M.,Martincova T.,77,250,912,287,6,0,6,4,,"	",2,0,Completed,1.17,5,,,1.17,6,1.14,5.4,1.16,6.8
22,Rabat,Morocco Open,5/19/2026,WTA250,Outdoor,Clay,1st Round,3,Maria T.,El Jardi D.,52,1023,1111,19,6,2,6,4,,"	",2,0,Completed,1.01,21,,,1.02,21,1.01,16.91,1.02,26
22,Rabat,Morocco Open,5/19/2026,WTA250,Outdoor,Clay,1st Round,3,Starodubtseva Y.,Fita Boluda A.,54,192,1078,383,6,4,6,2,"	",,2,0,Completed,1.22,4.33,,,1.22,4.75,1.19,4.42,1.23,5
22,Rabat,Morocco Open,5/19/2026,WTA250,Outdoor,Clay,1st Round,3,Arango E.,Seidel E.,98,97,813,818,6,3,4,6,6,1,2,1,Completed,2.1,1.73,,,2.12,1.8,2.05,1.74,2.16,1.84
22,Rabat,Morocco Open,5/20/2026,WTA250,Outdoor,Clay,2nd Round,3,Bouzas Maneiro J.,Ferro F.,51,200,1200,370,2,6,7,6,6,3,2,1,Completed,1.62,2.3,,,1.63,2.38,1.59,2.29,1.68,2.44
22,Rabat,Morocco Open,5/20/2026,WTA250,Outdoor,Clay,2nd Round,3,Teichmann J.,Parks A.,207,80,352,902,6,3,6,4,,"	",2,0,Completed,2.1,1.73,,,2.1,1.8,2.04,1.74,2.12,1.87
22,Rabat,Morocco Open,5/20/2026,WTA250,Outdoor,Clay,2nd Round,3,Udvardy P.,Nahimana S.,68,231,951,309,6,4,6,1,,"	",2,0,Completed,1.25,4,,,1.26,4,1.24,3.88,1.26,4.7
22,Rabat,Morocco Open,5/20/2026,WTA250,Outdoor,Clay,2nd Round,3,Marcinko P.,Kotliar Y.,76,528,917,100,5,7,6,2,7,6,2,1,Completed,1.08,8,,,1.12,8,1.1,6.67,1.13,8.2
22,Rabat,Morocco Open,5/20/2026,WTA250,Outdoor,Clay,2nd Round,3,Kabbaj Y.,Maria T.,334,52,195,1111,6,2,6,4,"	",,2,0,Completed,4,1.25,,,4.1,1.57,3.72,1.28,4.1,1.3
22,Rabat,Morocco Open,5/20/2026,WTA250,Outdoor,Clay,2nd Round,3,Osorio M.,Tjen J.,77,41,912,1292,6,3,3,6,6,0,2,1,Completed,1.3,3.5,,,1.33,3.75,1.29,3.52,1.31,4.1
22,Rabat,Morocco Open,5/20/2026,WTA250,Outdoor,Clay,2nd Round,3,Bondar A.,Arango E.,58,98,1023,813,7,6,1,6,6,0,2,1,Completed,1.3,3.5,,,1.32,4,1.27,3.63,1.29,4.3
22,Rabat,Morocco Open,5/20/2026,WTA250,Outdoor,Clay,2nd Round,3,Kalinina A.,Starodubtseva Y.,84,54,873,1078,6,3,7,6,,"	",2,0,Completed,1.62,2.3,,,1.83,2.3,1.66,2.17,1.71,2.4
22,Rabat,Morocco Open,5/21/2026,WTA250,Outdoor,Clay,Quarterfinals,3,Udvardy P.,Osorio M.,68,77,951,912,7,5,6,3,,"	",2,0,Completed,3,1.4,,,3.25,1.4,3.05,1.36,3.3,1.42
22,Rabat,Morocco Open,5/21/2026,WTA250,Outdoor,Clay,Quarterfinals,3,Marcinko P.,Bouzas Maneiro J.,76,51,917,1200,6,3,6,4,"	",,2,0,Completed,2.38,1.57,,,2.38,1.67,2.28,1.6,2.36,1.71
22,Rabat,Morocco Open,5/21/2026,WTA250,Outdoor,Clay,Quarterfinals,3,Kalinina A.,Bondar A.,84,58,873,1023,6,4,7,5,"	",,2,0,Completed,1.8,2,,,1.8,2.18,1.75,2.03,1.81,2.2
22,Rabat,Morocco Open,5/21/2026,WTA250,Outdoor,Clay,Quarterfinals,3,Teichmann J.,Kabbaj Y.,207,334,352,195,6,1,5,7,7,6,2,1,Completed,1.2,4.5,,,1.25,4.5,1.22,4.1,1.26,4.7
22,Rabat,Morocco Open,5/22/2026,WTA250,Outdoor,Clay,Semifinals,3,Kalinina A.,Udvardy P.,84,68,873,951,6,0,6,3,,"	",2,0,Completed,1.4,3,,,1.41,3.1,1.38,2.93,1.44,3.15
22,Rabat,Morocco Open,5/22/2026,WTA250,Outdoor,Clay,Semifinals,3,Marcinko P.,Teichmann J.,76,207,917,352,7,6,6,3,,"	",2,0,Completed,1.44,2.75,,,1.53,2.75,1.45,2.68,1.5,2.94
22,Rabat,Morocco Open,5/23/2026,WTA250,Outdoor,Clay,The Final,3,Marcinko P.,Kalinina A.,76,84,917,873,6,2,3,0,,"	",1,0,Retired,3.2,1.36,,,3.2,1.4,3,1.37,3.35,1.41
23,Strasbourg,Internationaux de Strasbourg,5/17/2026,WTA500,Outdoor,Clay,1st Round,3,Li A.,Joint M.,30,34,1460,1370,6,1,6,2,,"	",2,0,Completed,1.4,3,,,1.42,3,1.4,2.87,1.44,3.15
23,Strasbourg,Internationaux de Strasbourg,5/17/2026,WTA500,Outdoor,Clay,1st Round,3,Stearns P.,Sakkari M.,92,48,856,1208,6,3,6,1,,"	",2,0,Completed,2,1.8,,,2,2,1.92,1.85,2.06,1.89
23,Strasbourg,Internationaux de Strasbourg,5/17/2026,WTA500,Outdoor,Clay,1st Round,3,Navarro E.,Bejlek S.,39,35,1327,1369,6,1,6,4,,"	",2,0,Completed,2.3,1.62,,,2.3,1.73,2.18,1.66,2.32,1.74
23,Strasbourg,Internationaux de Strasbourg,5/17/2026,WTA500,Outdoor,Clay,1st Round,3,Boisson L.,Wang Xin.,50,32,1204,1401,6,3,7,6,,"	",2,0,Completed,2.2,1.67,,,2.25,1.68,2.17,1.66,2.22,1.79
23,Strasbourg,Internationaux de Strasbourg,5/17/2026,WTA500,Outdoor,Clay,1st Round,3,Fernandez L.A.,Jeanjean L.,24,124,1796,653,6,1,7,5,,"	",2,0,Completed,1.36,3.2,,,1.36,3.4,1.32,3.28,1.38,3.5
23,Strasbourg,Internationaux de Strasbourg,5/18/2026,WTA500,Outdoor,Clay,1st Round,3,Frech M.,Gibson T.,49,55,1208,1036,7,6,6,3,"	",,2,0,Completed,2,1.8,,,2.05,1.81,2,1.77,2.14,1.84
23,Strasbourg,Internationaux de Strasbourg,5/18/2026,WTA500,Outdoor,Clay,1st Round,3,Kasatkina D.,Samsonova L.,62,20,987,1950,7,5,6,3,"	",,2,0,Completed,1.8,2,,,1.81,2.02,1.78,1.98,1.9,2.08
23,Strasbourg,Internationaux de Strasbourg,5/18/2026,WTA500,Outdoor,Clay,1st Round,3,Cristian J.,Kessler M.,33,47,1382,1229,6,1,6,1,,"	",2,0,Completed,1.91,1.91,,,1.91,2.12,1.81,1.95,1.88,2.12
23,Strasbourg,Internationaux de Strasbourg,5/18/2026,WTA500,Outdoor,Clay,1st Round,3,Oliynykova O.,Eala A.,66,38,970,1340,3,6,7,5,6,3,2,1,Completed,1.8,2,,,1.84,2,1.8,1.97,1.84,2.14
23,Strasbourg,Internationaux de Strasbourg,5/18/2026,WTA500,Outdoor,Clay,1st Round,3,Bouzkova M.,Siniakova K.,27,36,1596,1362,7,6,6,3,"	",,2,0,Completed,2.3,1.62,,,2.3,1.72,2.17,1.66,2.28,1.75
23,Strasbourg,Internationaux de Strasbourg,5/19/2026,WTA500,Outdoor,Clay,1st Round,3,Zhang S.,Bucsa C.,74,31,919,1406,2,6,7,6,7,5,2,1,Completed,2.2,1.67,,,2.4,1.67,2.3,1.59,2.52,1.63
23,Strasbourg,Internationaux de Strasbourg,5/19/2026,WTA500,Outdoor,Clay,1st Round,3,Parry D.,Raducanu E.,94,37,853,1360,6,4,7,6,"	",,2,0,Completed,1.91,1.91,,,1.95,1.91,1.89,1.87,1.97,2.02
23,Strasbourg,Internationaux de Strasbourg,5/19/2026,WTA500,Outdoor,Clay,2nd Round,3,Li A.,Alexandrova E.,30,14,1460,2679,4,6,6,4,6,3,2,1,Completed,1.8,2,,,1.83,2,1.8,1.97,1.85,2.16
23,Strasbourg,Internationaux de Strasbourg,5/19/2026,WTA500,Outdoor,Clay,2nd Round,3,Kasatkina D.,Stearns P.,62,92,987,856,6,1,6,3,,"	",2,0,Completed,1.8,2,,,2,2,1.86,1.9,1.94,2.04
23,Strasbourg,Internationaux de Strasbourg,5/19/2026,WTA500,Outdoor,Clay,2nd Round,3,Fernandez L.A.,Frech M.,24,49,1796,1208,6,4,3,6,6,4,2,1,Completed,1.4,3,,,1.4,3.1,1.37,3,1.43,3.2
23,Strasbourg,Internationaux de Strasbourg,5/19/2026,WTA500,Outdoor,Clay,2nd Round,3,Mboko V.,Boisson L.,9,50,3395,1204,6,4,6,3,"	",,2,0,Completed,1.4,3,,,1.4,3,1.38,2.92,1.44,3.2
23,Strasbourg,Internationaux de Strasbourg,5/20/2026,WTA500,Outdoor,Clay,2nd Round,3,Bouzkova M.,Oliynykova O.,27,66,1596,970,3,1,"	",,,,0,0,Retired,1.67,2.2,,,1.75,2.2,1.67,2.15,1.74,2.3
23,Strasbourg,Internationaux de Strasbourg,5/20/2026,WTA500,Outdoor,Clay,2nd Round,3,Cristian J.,Tauson C.,33,21,1382,1920,6,1,7,5,,"	",2,0,Completed,1.53,2.5,,,1.55,2.7,1.5,2.55,1.51,2.9
23,Strasbourg,Internationaux de Strasbourg,5/20/2026,WTA500,Outdoor,Clay,2nd Round,3,Zhang S.,Parry D.,74,94,919,853,6,2,7,5,"	",,2,0,Completed,2.38,1.57,,,2.54,1.57,2.44,1.53,2.56,1.62
23,Strasbourg,Internationaux de Strasbourg,5/20/2026,WTA500,Outdoor,Clay,2nd Round,3,Navarro E.,Jovic I.,39,17,1327,2306,6,4,4,6,6,1,2,1,Completed,2.75,1.44,,,2.9,1.44,2.82,1.41,3.1,1.46
23,Strasbourg,Internationaux de Strasbourg,5/21/2026,WTA500,Outdoor,Clay,Quarterfinals,3,Li A.,Bouzkova M.,30,27,1460,1596,6,3,7,5,,"	",2,0,Completed,2,1.8,,,2,1.85,1.96,1.81,2.08,1.91
23,Strasbourg,Internationaux de Strasbourg,5/21/2026,WTA500,Outdoor,Clay,Quarterfinals,3,Cristian J.,Kasatkina D.,33,62,1382,987,7,6,3,6,6,2,2,1,Completed,2.3,1.62,,,2.5,1.7,2.28,1.61,2.44,1.68
23,Strasbourg,Internationaux de Strasbourg,5/21/2026,WTA500,Outdoor,Clay,Quarterfinals,3,Navarro E.,Zhang S.,39,74,1327,919,2,6,7,6,6,2,2,1,Completed,1.3,3.5,,,1.34,3.5,1.31,3.37,1.35,3.75
23,Strasbourg,Internationaux de Strasbourg,5/21/2026,WTA500,Outdoor,Clay,Quarterfinals,3,Mboko V.,Fernandez L.A.,9,24,3395,1796,6,4,6,4,"	",,2,0,Completed,1.57,2.38,,,1.6,2.45,1.55,2.38,1.64,2.52
23,Strasbourg,Internationaux de Strasbourg,5/22/2026,WTA500,Outdoor,Clay,Semifinals,3,Navarro E.,Li A.,39,30,1327,1460,6,1,6,3,"	",,2,0,Completed,2.2,1.67,,,2.25,1.73,2.17,1.66,2.4,1.7
23,Strasbourg,Internationaux de Strasbourg,5/22/2026,WTA500,Outdoor,Clay,Semifinals,3,Mboko V.,Cristian J.,9,33,3395,1382,7,6,3,6,6,2,2,1,Completed,1.33,3.4,,,1.35,3.5,1.33,3.24,1.38,3.55
23,Strasbourg,Internationaux de Strasbourg,5/23/2026,WTA500,Outdoor,Clay,The Final,3,Navarro E.,Mboko V.,39,9,1327,3395,6,0,5,7,6,2,2,1,Completed,2.5,1.53,,,2.63,1.55,2.49,1.51,2.66,1.58
24,Paris,French Open,5/24/2026,Grand Slam,Outdoor,Clay,1st Round,3,McNally C.,Tomljanovic A.,63,100,1018,784,3,6,7,6,6,3,2,1,Completed,1.3,3.5,,,1.4,3.5,1.35,3.13,1.39,3.5
24,Paris,French Open,5/24/2026,Grand Slam,Outdoor,Clay,1st Round,3,Kostyuk M.,Selekhmeteva O.,15,88,2387,865,6,2,6,3,"	",,2,0,Completed,1.06,10,,,1.07,10,1.06,8.77,1.08,12.5
24,Paris,French Open,5/24/2026,Grand Slam,Outdoor,Clay,1st Round,3,Bouzkova M.,Bronzetti L.,28,172,1631,448,6,3,6,1,,"	",2,0,Completed,1.22,4.33,,,1.25,4.4,1.22,4.17,1.24,4.8
24,Paris,French Open,5/24/2026,Grand Slam,Outdoor,Clay,1st Round,3,Wang Xin.,Tagger L.,34,90,1371,857,6,3,3,6,6,4,2,1,Completed,2.3,1.62,,,2.5,1.62,2.33,1.58,2.5,1.65
24,Paris,French Open,5/24/2026,Grand Slam,Outdoor,Clay,1st Round,3,Bencic B.,Kraus S.,11,98,3145,795,6,2,6,3,,"	",2,0,Completed,1.22,4.33,,,1.29,4.33,1.25,3.9,1.28,4.5
24,Paris,French Open,5/24/2026,Grand Slam,Outdoor,Clay,1st Round,3,Volynets K.,Burel C.,108,1486,705,3,6,3,6,1,"	",,2,0,Completed,1.2,4.5,,,1.2,4.8,1.19,4.51,1.23,5.1
24,Paris,French Open,5/24/2026,Grand Slam,Outdoor,Clay,1st Round,3,Starodubtseva Y.,Blinkova A.,55,103,1093,733,6,3,6,1,,"	",2,0,Completed,1.29,3.75,,,1.36,3.75,1.32,3.33,1.38,3.55
24,Paris,French Open,5/24/2026,Grand Slam,Outdoor,Clay,1st Round,3,Wang Xiy.,Kovinic D.,148,N/A,516,N/A,6,3,6,1,,"	",2,0,Completed,1.04,13,,,1.04,15,1.03,11.75,1.04,17.5
24,Paris,French Open,5/24/2026,Grand Slam,Outdoor,Clay,1st Round,3,Linette M.,Valentova T.,73,42,931,1265,5,7,6,4,7,6,2,1,Completed,3.75,1.29,,,4.1,1.3,3.75,1.26,4.1,1.32
24,Paris,French Open,5/24/2026,Grand Slam,Outdoor,Clay,1st Round,3,Baptiste H.,Krejcikova B.,26,41,1683,1271,6,7,7,6,6,2,2,1,Completed,1.73,2.1,,,1.8,2.12,1.73,2.07,1.83,2.16
24,Paris,French Open,5/24/2026,Grand Slam,Outdoor,Clay,1st Round,3,Korpatsch T.,Sorribes Tormo S.,95,304,829,226,6,4,6,2,,"	",2,0,Completed,1.73,2.1,,,1.73,2.2,1.71,2.1,1.81,2.22
24,Paris,French Open,5/24/2026,Grand Slam,Outdoor,Clay,1st Round,3,Jones F.,Haddad Maia B.,102,105,736,724,1,6,7,6,6,2,2,1,Completed,1.62,2.3,,,1.68,2.38,1.61,2.28,1.64,2.5
24,Paris,French Open,5/24/2026,Grand Slam,Outdoor,Clay,1st Round,3,Frech M.,Ruse E.G.,46,77,1238,918,7,6,2,1,"	",,1,0,Retired,2.3,1.62,,,2.34,1.63,2.25,1.61,2.4,1.7
24,Paris,French Open,5/24/2026,Grand Slam,Outdoor,Clay,1st Round,3,Andreeva M.,Ferro F.,8,181,4181,418,6,3,6,3,"	",,2,0,Completed,1.04,13,,,1.05,14,1.04,11.25,1.05,18.5
24,Paris,French Open,5/24/2026,Grand Slam,Outdoor,Clay,1st Round,3,Sierra S.,Raducanu E.,68,39,974,1301,6,0,7,6,,"	",2,0,Completed,1.57,2.38,,,1.58,2.63,1.53,2.46,1.6,2.6
24,Paris,French Open,5/24/2026,Grand Slam,Outdoor,Clay,1st Round,3,Snigur D.,Tauson C.,93,20,839,1920,3,6,7,5,6,2,2,1,Completed,2.38,1.57,,,2.5,1.57,2.41,1.55,2.62,1.61
24,Paris,French Open,5/24/2026,Grand Slam,Outdoor,Clay,1st Round,3,Bejlek S.,Stephens S.,35,363,1369,173,6,3,6,2,"	",,2,0,Completed,1.57,2.38,,,1.62,2.42,1.58,2.33,1.69,2.42
24,Paris,French Open,5/24/2026,Grand Slam,Outdoor,Clay,1st Round,3,Stearns P.,Kenin S.,78,87,915,867,6,3,6,3,,"	",2,0,Completed,1.44,2.75,,,1.5,2.75,1.47,2.64,,
24,Paris,French Open,5/24/2026,Grand Slam,Outdoor,Clay,1st Round,3,Bassols M.,Arango E.,175,94,438,833,6,3,6,4,"	",,2,0,Completed,2,1.8,,,2,1.95,1.86,1.9,1.94,2.02
24,Paris,French Open,5/24/2026,Grand Slam,Outdoor,Clay,1st Round,3,Cirstea S.,Efremova K.,18,623,1985,75,6,3,6,1,,"	",2,0,Completed,1.03,15,,,1.04,17,1.03,12.75,1.07,14.5
24,Paris,French Open,5/25/2026,Grand Slam,Outdoor,Clay,1st Round,3,Teichmann J.,Samsonova L.,170,27,449,1635,6,4,6,4,,"	",2,0,Completed,3.75,1.29,,,4,1.3,3.58,1.28,4.1,1.31
24,Paris,French Open,5/25/2026,Grand Slam,Outdoor,Clay,1st Round,3,Chwalinska M.,Zheng Q.,114,56,693,1080,6,4,6,0,"	",,2,0,Completed,3.5,1.3,,,3.75,1.33,3.48,1.3,4,1.31
24,Paris,French Open,5/25/2026,Grand Slam,Outdoor,Clay,1st Round,3,Kasatkina D.,Sonmez Z.,53,66,1119,1003,6,4,6,4,"	",,2,0,Completed,1.4,3,,,1.42,3,1.4,2.91,1.42,3.35
24,Paris,French Open,5/25/2026,Grand Slam,Outdoor,Clay,1st Round,3,Paolini J.,Yastremska D.,13,45,2787,1246,7,5,6,3,"	",,2,0,Completed,1.53,2.5,,,1.57,2.55,1.53,2.47,1.61,2.58
24,Paris,French Open,5/25/2026,Grand Slam,Outdoor,Clay,1st Round,3,Bandecchi S.,Bucsa C.,215,33,337,1406,6,4,2,6,6,4,2,1,Completed,3.2,1.36,,,3.3,1.4,3.13,1.35,3.35,1.41
24,Paris,French Open,5/25/2026,Grand Slam,Outdoor,Clay,1st Round,3,Swiatek I.,Jones E.,3,136,7273,557,6,1,6,2,,"	",2,0,Completed,-,34,,,1.01,51,1.01,25.25,1.01,50
24,Paris,French Open,5/25/2026,Grand Slam,Outdoor,Clay,1st Round,3,Grabher J.,Sramkova R.,121,125,661,640,6,2,6,2,"	",,2,0,Completed,2.63,1.5,,,2.63,1.53,2.55,1.5,2.74,1.56
24,Paris,French Open,5/25/2026,Grand Slam,Outdoor,Clay,1st Round,3,Mertens E.,Maria T.,21,54,1858,1111,7,5,6,0,,"	",2,0,Completed,1.05,11,,,1.07,11,1.06,9.45,1.07,13
24,Paris,French Open,5/25/2026,Grand Slam,Outdoor,Clay,1st Round,3,Rybakina E.,Erjavec V.,2,84,8313,873,6,2,6,2,,"	",2,0,Completed,1.01,21,,,1.03,34,1.02,18.25,1.02,34
24,Paris,French Open,5/25/2026,Grand Slam,Outdoor,Clay,1st Round,3,Lys E.,Marcinko P.,81,51,901,1140,6,3,6,0,,"	",2,0,Completed,2.1,1.73,,,2.15,1.8,2.06,1.73,2.28,1.76
24,Paris,French Open,5/25/2026,Grand Slam,Outdoor,Clay,1st Round,3,Svitolina E.,Bondar A.,7,57,4315,1047,3,6,6,1,7,6,2,1,Completed,1.14,5.5,,,1.17,6,1.14,5.44,1.16,6.8
24,Paris,French Open,5/25/2026,Grand Slam,Outdoor,Clay,1st Round,3,Potapova A.,Joint M.,30,52,1470,1130,6,1,6,2,,"	",2,0,Completed,1.11,6.5,,,1.14,7,1.12,6.1,,
24,Paris,French Open,5/25/2026,Grand Slam,Outdoor,Clay,1st Round,3,Putintseva Y.,Gibson T.,76,58,918,1040,4,6,6,4,6,1,2,1,Completed,1.36,3.2,,,1.4,3.3,1.35,3.13,1.4,3.45
24,Paris,French Open,5/25/2026,Grand Slam,Outdoor,Clay,1st Round,3,Quevedo K.,Jeanjean L.,126,122,622,653,7,6,7,6,"	",,2,0,Completed,2,1.8,,,2.07,1.88,1.98,1.8,,
24,Paris,French Open,5/25/2026,Grand Slam,Outdoor,Clay,1st Round,3,Golubic V.,Udvardy P.,82,59,901,1029,6,0,6,2,,"	",2,0,Completed,2.1,1.73,,,2.18,1.75,2.09,1.71,2.28,1.77
24,Paris,French Open,5/25/2026,Grand Slam,Outdoor,Clay,1st Round,3,Anisimova A.,Rakotomanga Rajaonah T.,6,153,5958,494,6,3,6,1,,"	",2,0,Completed,1.06,10,,,1.08,11,1.06,9.07,1.08,12
24,Paris,French Open,5/25/2026,Grand Slam,Outdoor,Clay,1st Round,3,Rakhimova K.,Cristian J.,89,32,860,1414,6,3,4,6,6,4,2,1,Completed,3.5,1.3,,,3.75,1.32,3.54,1.28,,
24,Paris,French Open,5/25/2026,Grand Slam,Outdoor,Clay,1st Round,3,Ostapenko J.,Seidel E.,31,96,1464,818,6,4,6,4,"	",,2,0,Completed,1.17,5,,,1.22,5,1.2,4.35,1.21,5.4
24,Paris,French Open,5/25/2026,Grand Slam,Outdoor,Clay,1st Round,3,Boulter K.,Urhobo A.,71,185,941,403,6,4,4,6,6,4,2,1,Completed,1.4,3,,,1.4,3.15,1.37,3.03,1.41,3.35
24,Paris,French Open,5/25/2026,Grand Slam,Outdoor,Clay,1st Round,3,Osorio M.,Alexandrova E.,86,14,868,2679,6,2,6,4,"	",,2,0,Completed,1.73,2.1,,,1.73,2.2,1.67,2.16,1.75,2.3
24,Paris,French Open,5/25/2026,Grand Slam,Outdoor,Clay,1st Round,3,Kessler M.,Guo H.,48,166,1229,454,4,6,7,6,7,5,2,1,Completed,1.36,3.2,,,1.5,3.2,1.37,2.99,,
24,Paris,French Open,5/25/2026,Grand Slam,Outdoor,Clay,1st Round,3,Shnaider D.,Zarazua R.,23,74,1796,925,6,4,6,1,"	",,2,0,Completed,1.13,6,,,1.14,6,1.13,5.69,1.15,6.8
24,Paris,French Open,5/25/2026,Grand Slam,Outdoor,Clay,1st Round,3,Parks A.,Fernandez L.A.,79,22,905,1844,6,4,6,4,"	",,2,0,Completed,3.75,1.29,,,4,1.29,3.72,1.26,4.1,1.3
24,Paris,French Open,5/25/2026,Grand Slam,Outdoor,Clay,1st Round,3,Muchova K.,Zakharova A.,10,80,3318,903,7,5,6,2,,"	",2,0,Completed,1.11,6.5,,,1.12,7.5,1.11,6.2,1.14,7.6
24,Paris,French Open,5/26/2026,Grand Slam,Outdoor,Clay,1st Round,3,Liu C.,Uchijima M.,182,107,417,707,3,6,6,0,4,1,1,1,Retired,1.67,2.2,,,1.73,2.2,1.7,2.11,1.78,2.26
24,Paris,French Open,5/26/2026,Grand Slam,Outdoor,Clay,1st Round,3,Jovic I.,Eala A.,17,37,2306,1340,6,4,6,2,"	",,2,0,Completed,1.36,3.2,,,1.37,3.25,1.36,3.08,1.39,3.5
24,Paris,French Open,5/26/2026,Grand Slam,Outdoor,Clay,1st Round,3,Navarro E.,Tjen J.,25,40,1719,1292,6,4,6,3,"	",,2,0,Completed,1.3,3.5,,,1.3,4.1,1.25,3.81,1.26,4.7
24,Paris,French Open,5/26/2026,Grand Slam,Outdoor,Clay,1st Round,3,Vekic D.,Tubello A.,72,226,933,317,6,3,6,2,"	",,2,0,Completed,1.3,3.5,,,1.33,3.75,1.3,3.46,1.34,3.9
24,Paris,French Open,5/26/2026,Grand Slam,Outdoor,Clay,1st Round,3,Sabalenka A.,Bouzas Maneiro J.,1,50,9960,1200,6,4,6,2,"	",,2,0,Completed,1.03,15,,,1.05,19,1.03,12.63,1.04,25
24,Paris,French Open,5/26/2026,Grand Slam,Outdoor,Clay,1st Round,3,Sakkari M.,Noskova L.,49,12,1208,3054,7,5,7,6,,"	",2,0,Completed,3,1.4,,,3.1,1.4,2.95,1.38,3.35,1.41
24,Paris,French Open,5/26/2026,Grand Slam,Outdoor,Clay,1st Round,3,Li A.,Zhang S.,29,61,1601,1025,6,4,6,2,"	",,2,0,Completed,1.36,3.2,,,1.37,3.75,1.34,3.17,1.39,3.5
24,Paris,French Open,5/26/2026,Grand Slam,Outdoor,Clay,1st Round,3,Sherif M.,Galfi D.,129,115,593,691,7,5,6,4,,"	",2,0,Completed,2.1,1.73,,,2.2,1.75,2.09,1.71,2.18,1.82
24,Paris,French Open,5/26/2026,Grand Slam,Outdoor,Clay,1st Round,3,Osaka N.,Siegemund L.,16,47,2341,1230,6,3,7,6,,"	",2,0,Completed,1.29,3.75,,,1.3,3.8,1.28,3.58,1.29,4.3
24,Paris,French Open,5/26/2026,Grand Slam,Outdoor,Clay,1st Round,3,Gauff C.,Townsend T.,4,75,6749,919,6,4,6,0,"	",,2,0,Completed,1.1,7,,,1.12,7.5,1.1,6.59,1.12,8.6
24,Paris,French Open,5/26/2026,Grand Slam,Outdoor,Clay,1st Round,3,Ruzic A.,Krueger A.,64,120,1011,663,3,6,6,2,6,2,2,1,Completed,2.5,1.53,,,2.55,1.57,2.47,1.52,2.72,1.57
24,Paris,French Open,5/26/2026,Grand Slam,Outdoor,Clay,1st Round,3,Jacquemot E.,Fruhvirtova L.,67,149,984,506,6,4,6,3,,"	",2,0,Completed,1.8,2,,,1.8,2.1,1.76,2.01,1.86,2.14
24,Paris,French Open,5/26/2026,Grand Slam,Outdoor,Clay,1st Round,3,Korneeva A.,Cocciaretto E.,117,38,685,1320,6,3,6,3,"	",,2,0,Completed,2.75,1.44,,,2.8,1.47,2.69,1.45,2.96,1.5
24,Paris,French Open,5/26/2026,Grand Slam,Outdoor,Clay,1st Round,3,Parry D.,Kalinina A.,92,60,853,1026,0,6,6,2,6,4,2,1,Completed,3,1.4,,,3,1.41,2.89,1.4,3.05,1.47
24,Paris,French Open,5/26/2026,Grand Slam,Outdoor,Clay,1st Round,3,Kalinskaya A.,Boisson L.,24,43,1792,1264,6,2,6,2,"	",,2,0,Completed,1.53,2.5,,,1.57,2.55,1.53,2.45,,
24,Paris,French Open,5/26/2026,Grand Slam,Outdoor,Clay,1st Round,3,Siniakova K.,Waltert S.,36,91,1362,856,6,4,7,6,,"	",2,0,Completed,1.44,2.75,,,1.45,2.9,1.42,2.77,1.5,2.96
24,Paris,French Open,5/26/2026,Grand Slam,Outdoor,Clay,1st Round,3,Oliynykova O.,Pridankina E.,65,218,1005,330,6,1,6,2,,"	",2,0,Completed,1.44,2.75,,,1.48,2.88,1.44,2.71,1.48,3
24,Paris,French Open,5/26/2026,Grand Slam,Outdoor,Clay,1st Round,3,Keys M.,Vandewinkel H.,19,99,1962,790,6,3,6,0,,"	",2,0,Completed,1.14,5.5,,,1.17,7,1.13,5.93,1.17,6.6
24,Paris,French Open,5/26/2026,Grand Slam,Outdoor,Clay,1st Round,3,Mboko V.,Bartunkova N.,9,69,3710,970,6,1,6,2,"	",,2,0,Completed,1.25,4,,,1.3,4,1.28,3.6,1.31,4.1
24,Paris,French Open,5/26/2026,Grand Slam,Outdoor,Clay,1st Round,3,Birrell K.,Pegula J.,83,5,880,6286,1,6,6,3,6,3,2,1,Completed,19,1.02,,,23,1.05,12.9,1.03,18,1.08
24,Paris,French Open,5/27/2026,Grand Slam,Outdoor,Clay,2nd Round,3,Bencic B.,McNally C.,11,63,3145,1018,6,4,6,0,,"	",2,0,Completed,1.29,3.75,,,1.3,3.75,1.29,3.54,1.31,4.1
24,Paris,French Open,5/27/2026,Grand Slam,Outdoor,Clay,2nd Round,3,Korpatsch T.,Wang Xin.,95,34,829,1371,6,2,2,6,6,3,2,1,Completed,1.91,1.91,,,1.95,1.95,1.89,1.88,1.98,2
24,Paris,French Open,5/27/2026,Grand Slam,Outdoor,Clay,2nd Round,3,Swiatek I.,Bejlek S.,3,35,7273,1369,6,2,6,3,,"	",2,0,Completed,1.02,17,,,1.04,17,1.03,13.44,1.04,21
24,Paris,French Open,5/27/2026,Grand Slam,Outdoor,Clay,2nd Round,3,Stearns P.,Snigur D.,78,93,915,839,6,4,6,0,,"	",2,0,Completed,1.44,2.75,,,1.57,2.88,1.44,2.74,1.49,3
24,Paris,French Open,5/27/2026,Grand Slam,Outdoor,Clay,2nd Round,3,Linette M.,Ostapenko J.,73,31,931,1464,6,2,2,6,6,2,2,1,Completed,4,1.25,,,4,1.29,3.78,1.26,4.1,1.3
24,Paris,French Open,5/27/2026,Grand Slam,Outdoor,Clay,2nd Round,3,Svitolina E.,Quevedo K.,7,126,4315,622,6,0,6,4,"	",,2,0,Completed,1.06,10,,,1.07,12,1.06,9.08,,
24,Paris,French Open,5/27/2026,Grand Slam,Outdoor,Clay,2nd Round,3,Golubic V.,Parks A.,82,79,901,905,6,2,6,2,"	",,2,0,Completed,1.91,1.91,,,1.95,1.91,1.9,1.86,2,1.98
24,Paris,French Open,5/27/2026,Grand Slam,Outdoor,Clay,2nd Round,3,Kostyuk M.,Volynets K.,15,108,2387,705,6,7,6,3,6,3,2,1,Completed,1.11,6.5,,,1.14,6.5,1.13,5.9,1.14,7.8
24,Paris,French Open,5/27/2026,Grand Slam,Outdoor,Clay,2nd Round,3,Bouzkova M.,Jones F.,28,102,1631,736,6,0,7,6,,"	",2,0,Completed,1.29,3.75,,,1.29,3.9,1.27,3.68,1.3,4.2
24,Paris,French Open,5/27/2026,Grand Slam,Outdoor,Clay,2nd Round,3,Starodubtseva Y.,Rybakina E.,55,2,1093,8313,3,6,6,1,7,6,2,1,Completed,9,1.06,,,9.5,1.08,8.2,1.07,8.6,1.12
24,Paris,French Open,5/27/2026,Grand Slam,Outdoor,Clay,2nd Round,3,Teichmann J.,Frech M.,170,46,449,1238,7,5,6,4,"	",,2,0,Completed,2.38,1.57,,,2.4,1.64,2.34,1.58,2.66,1.6
24,Paris,French Open,5/27/2026,Grand Slam,Outdoor,Clay,2nd Round,3,Sierra S.,Paolini J.,68,13,974,2787,3,6,6,4,6,3,2,1,Completed,2.5,1.53,,,2.6,1.67,2.45,1.54,2.72,1.57
24,Paris,French Open,5/27/2026,Grand Slam,Outdoor,Clay,2nd Round,3,Wang Xiy.,Baptiste H.,148,26,516,1683,5,4,,"	",,,0,0,Retired,2.75,1.44,,,2.88,1.48,2.73,1.44,1.43,1.18
24,Paris,French Open,5/27/2026,Grand Slam,Outdoor,Clay,2nd Round,3,Cirstea S.,Lys E.,18,81,1985,901,6,3,6,0,,"	",2,0,Completed,1.22,4.33,,,1.23,4.4,1.21,4.23,1.27,4.6
24,Paris,French Open,5/27/2026,Grand Slam,Outdoor,Clay,2nd Round,3,Andreeva M.,Bassols M.,8,175,4181,438,3,6,6,1,6,1,2,1,Completed,1.07,9,,,1.08,9.5,1.07,8.33,1.09,11
24,Paris,French Open,5/27/2026,Grand Slam,Outdoor,Clay,2nd Round,3,Muchova K.,Rakhimova K.,10,89,3318,860,6,2,6,2,,"	",2,0,Completed,1.08,8,,,1.11,8,1.08,7.3,1.12,8.6
24,Paris,French Open,5/28/2026,Grand Slam,Outdoor,Clay,2nd Round,3,Osaka N.,Vekic D.,16,72,2341,933,7,6,6,4,,"	",2,0,Completed,1.29,3.75,,,1.3,3.75,1.29,3.53,1.33,3.95
24,Paris,French Open,5/28/2026,Grand Slam,Outdoor,Clay,2nd Round,3,Oliynykova O.,Birrell K.,65,83,1005,880,6,3,0,6,7,6,2,1,Completed,1.44,2.75,,,1.45,2.88,1.42,2.77,1.46,3.1
24,Paris,French Open,5/28/2026,Grand Slam,Outdoor,Clay,2nd Round,3,Jovic I.,Navarro E.,17,25,2306,1719,6,0,6,3,"	",,2,0,Completed,1.8,2,,,1.83,2.02,1.8,1.97,1.88,2.12
24,Paris,French Open,5/28/2026,Grand Slam,Outdoor,Clay,2nd Round,3,Shnaider D.,Kessler M.,23,48,1796,1229,7,6,6,1,"	",,2,0,Completed,1.22,4.33,,,1.29,4.33,1.25,3.91,,
24,Paris,French Open,5/28/2026,Grand Slam,Outdoor,Clay,2nd Round,3,Chwalinska M.,Mertens E.,114,21,693,1858,6,4,6,0,"	",,2,0,Completed,2.63,1.5,,,2.75,1.5,2.71,1.45,2.9,1.51
24,Paris,French Open,5/28/2026,Grand Slam,Outdoor,Clay,2nd Round,3,Osorio M.,Putintseva Y.,86,76,868,918,7,5,6,7,7,5,2,1,Completed,1.62,2.3,,,1.7,2.3,1.65,2.2,1.68,2.44
24,Paris,French Open,5/28/2026,Grand Slam,Outdoor,Clay,2nd Round,3,Kalinskaya A.,Korneeva A.,24,117,1792,685,7,6,6,4,"	",,2,0,Completed,1.4,3,,,1.4,3.1,1.39,2.94,1.45,3.1
24,Paris,French Open,5/28/2026,Grand Slam,Outdoor,Clay,2nd Round,3,Sakkari M.,Liu C.,49,182,1208,417,6,7,6,3,6,3,2,1,Completed,1.44,2.75,,,1.5,2.8,1.46,2.67,1.5,2.96
24,Paris,French Open,5/28/2026,Grand Slam,Outdoor,Clay,2nd Round,3,Kasatkina D.,Bandecchi S.,53,215,1119,337,7,5,7,6,"	",,2,0,Completed,1.1,7,,,1.13,7.5,1.1,6.7,1.13,8
24,Paris,French Open,5/28/2026,Grand Slam,Outdoor,Clay,2nd Round,3,Parry D.,Li A.,92,29,853,1601,6,3,6,4,,"	",2,0,Completed,3,1.4,,,3.2,1.4,3,1.38,3.3,1.42
24,Paris,French Open,5/28/2026,Grand Slam,Outdoor,Clay,2nd Round,3,Anisimova A.,Grabher J.,6,121,5958,661,6,0,,"	",,,1,0,Retired,1.14,5.5,,,1.18,5.5,1.16,5.03,1.18,6.2
24,Paris,French Open,5/28/2026,Grand Slam,Outdoor,Clay,2nd Round,3,Gauff C.,Sherif M.,4,129,6749,593,6,3,6,2,"	",,2,0,Completed,1.03,15,,,1.04,15,1.03,12.38,1.05,18
24,Paris,French Open,5/28/2026,Grand Slam,Outdoor,Clay,2nd Round,3,Keys M.,Ruzic A.,19,64,1962,1011,6,4,6,4,,"	",2,0,Completed,1.13,6,,,1.15,6,1.13,5.7,1.16,7
24,Paris,French Open,5/28/2026,Grand Slam,Outdoor,Clay,2nd Round,3,Sabalenka A.,Jacquemot E.,1,67,9960,984,7,5,6,2,"	",,2,0,Completed,1.01,23,,,1.03,26,1.02,18.41,1.03,27
24,Paris,French Open,5/28/2026,Grand Slam,Outdoor,Clay,2nd Round,3,Potapova A.,Boulter K.,30,71,1470,941,5,7,6,4,6,2,2,1,Completed,1.2,4.5,,,1.23,4.5,1.21,4.25,1.23,5.1
24,Paris,French Open,5/28/2026,Grand Slam,Outdoor,Clay,2nd Round,3,Mboko V.,Siniakova K.,9,36,3710,1362,5,7,6,4,6,2,2,1,Completed,1.3,3.5,,,1.3,3.75,1.29,3.51,1.35,3.75
24,Paris,French Open,5/29/2026,Grand Slam,Outdoor,Clay,3rd Round,3,Kostyuk M.,Golubic V.,15,82,2387,901,6,4,6,3,"	",,2,0,Completed,1.08,8,,,1.09,9.5,1.07,8.14,1.09,11.5
24,Paris,French Open,5/29/2026,Grand Slam,Outdoor,Clay,3rd Round,3,Wang Xiy.,Starodubtseva Y.,148,55,516,1093,6,3,7,5,"	",,2,0,Completed,2.5,1.53,,,2.55,1.54,2.49,1.52,,
24,Paris,French Open,5/29/2026,Grand Slam,Outdoor,Clay,3rd Round,3,Swiatek I.,Linette M.,3,73,7273,931,6,4,6,4,,"	",2,0,Completed,1.03,15,,,1.04,21,1.03,14,1.05,17.5
24,Paris,French Open,5/29/2026,Grand Slam,Outdoor,Clay,3rd Round,3,Andreeva M.,Bouzkova M.,8,28,4181,1631,6,4,6,2,"	",,2,0,Completed,1.13,6,,,1.14,6,1.13,5.6,1.17,6.6
24,Paris,French Open,5/29/2026,Grand Slam,Outdoor,Clay,3rd Round,3,Teichmann J.,Muchova K.,170,10,449,3318,6,1,7,5,"	",,2,0,Completed,7,1.1,,,7,1.13,6.31,1.11,7.6,1.14
24,Paris,French Open,5/29/2026,Grand Slam,Outdoor,Clay,3rd Round,3,Cirstea S.,Sierra S.,18,68,1985,974,6,0,6,0,,"	",2,0,Completed,1.25,4,,,1.3,4,1.27,3.65,1.33,4
24,Paris,French Open,5/29/2026,Grand Slam,Outdoor,Clay,3rd Round,3,Svitolina E.,Korpatsch T.,7,95,4315,829,6,2,6,3,"	",,2,0,Completed,1.05,11,,,1.06,15,1.05,10.58,1.1,10
24,Paris,French Open,5/29/2026,Grand Slam,Outdoor,Clay,3rd Round,3,Bencic B.,Stearns P.,11,78,3145,915,6,3,6,3,,"	",2,0,Completed,1.4,3,,,1.44,3.3,1.37,3.03,1.39,3.5
24,Paris,French Open,5/30/2026,Grand Slam,Outdoor,Clay,3rd Round,3,Osaka N.,Jovic I.,16,17,2341,2306,7,6,6,7,6,4,2,1,Completed,1.8,2,,,1.84,2.02,1.8,1.99,1.86,2.12
24,Paris,French Open,5/30/2026,Grand Slam,Outdoor,Clay,3rd Round,3,Chwalinska M.,Sakkari M.,114,49,693,1208,1,6,6,3,6,2,2,1,Completed,1.73,2.1,,,1.73,2.2,1.7,2.12,1.8,2.24
24,Paris,French Open,5/30/2026,Grand Slam,Outdoor,Clay,3rd Round,3,Shnaider D.,Oliynykova O.,23,65,1796,1005,7,5,6,1,"	",,2,0,Completed,1.33,3.4,,,1.34,3.4,1.33,3.28,1.37,3.65
24,Paris,French Open,5/30/2026,Grand Slam,Outdoor,Clay,3rd Round,3,Parry D.,Anisimova A.,92,6,853,5958,6,3,4,6,7,6,2,1,Completed,4.5,1.2,,,4.7,1.24,4.39,1.21,5.1,1.23
24,Paris,French Open,5/30/2026,Grand Slam,Outdoor,Clay,3rd Round,3,Sabalenka A.,Kasatkina D.,1,53,9960,1119,6,0,7,5,"	",,2,0,Completed,1.06,10,,,1.08,10,1.07,8.61,1.08,12.5
24,Paris,French Open,5/30/2026,Grand Slam,Outdoor,Clay,3rd Round,3,Kalinskaya A.,Osorio M.,24,86,1792,868,6,3,0,6,6,2,2,1,Completed,1.8,2,,,1.85,2.1,1.79,1.98,1.85,2.14
24,Paris,French Open,5/30/2026,Grand Slam,Outdoor,Clay,3rd Round,3,Potapova A.,Gauff C.,30,4,1470,6749,4,6,7,6,6,4,2,1,Completed,4,1.25,,,4,1.33,3.78,1.26,4.1,1.3
24,Paris,French Open,5/30/2026,Grand Slam,Outdoor,Clay,3rd Round,3,Keys M.,Mboko V.,19,9,1962,3710,6,3,5,7,7,5,2,1,Completed,1.91,1.91,,,1.92,2.05,1.86,1.9,1.98,1.98
24,Paris,French Open,5/31/2026,Grand Slam,Outdoor,Clay,4th Round,3,Cirstea S.,Wang Xiy.,18,148,1985,516,6,3,7,6,"	",,2,0,Completed,1.2,4.5,,,1.21,4.75,1.2,4.44,1.23,5.1
24,Paris,French Open,5/31/2026,Grand Slam,Outdoor,Clay,4th Round,3,Kostyuk M.,Swiatek I.,15,3,2387,7273,7,5,6,1,"	",,2,0,Completed,3.2,1.36,,,3.5,1.37,3.22,1.34,3.7,1.35
24,Paris,French Open,5/31/2026,Grand Slam,Outdoor,Clay,4th Round,3,Svitolina E.,Bencic B.,7,11,4315,3145,4,6,6,4,6,0,2,1,Completed,1.53,2.5,,,1.54,2.63,1.51,2.51,1.56,2.74
24,Paris,French Open,5/31/2026,Grand Slam,Outdoor,Clay,4th Round,3,Andreeva M.,Teichmann J.,8,170,4181,449,6,3,6,2,"	",,2,0,Completed,1.08,8,,,1.13,8,1.1,6.84,1.12,9
24,Paris,French Open,6/1/2026,Grand Slam,Outdoor,Clay,4th Round,3,Kalinskaya A.,Potapova A.,24,30,1792,1470,6,4,2,6,7,6,2,1,Completed,2.75,1.44,,,2.75,1.55,2.59,1.49,2.78,1.55
24,Paris,French Open,6/1/2026,Grand Slam,Outdoor,Clay,4th Round,3,Shnaider D.,Keys M.,23,19,1796,1962,6,3,3,6,6,0,2,1,Completed,2.2,1.67,,,2.24,1.7,2.17,1.67,2.38,1.71
24,Paris,French Open,6/1/2026,Grand Slam,Outdoor,Clay,4th Round,3,Chwalinska M.,Parry D.,114,92,693,853,6,3,6,2,"	",,2,0,Completed,1.53,2.5,,,1.56,2.63,1.53,2.48,1.59,2.66
24,Paris,French Open,6/1/2026,Grand Slam,Outdoor,Clay,4th Round,3,Sabalenka A.,Osaka N.,1,16,9960,2341,7,5,6,3,"	",,2,0,Completed,1.2,4.5,,,1.24,4.5,1.22,4.2,1.24,5
24,Paris,French Open,6/2/2026,Grand Slam,Outdoor,Clay,Quarterfinals,3,Andreeva M.,Cirstea S.,8,18,4181,1985,6,0,6,3,"	",,2,0,Completed,1.5,2.63,,,1.5,2.8,1.47,2.64,1.51,2.94
24,Paris,French Open,6/2/2026,Grand Slam,Outdoor,Clay,Quarterfinals,3,Kostyuk M.,Svitolina E.,15,7,2387,4315,6,3,2,6,6,2,2,1,Completed,1.8,2,,,1.83,2.02,1.78,1.99,1.9,2.1
24,Paris,French Open,6/3/2026,Grand Slam,Outdoor,Clay,Quarterfinals,3,Chwalinska M.,Kalinskaya A.,114,24,693,1792,7,6,6,3,,"	",2,0,Completed,2.1,1.73,,,2.1,1.78,2.08,1.73,2.18,1.83
24,Paris,French Open,6/3/2026,Grand Slam,Outdoor,Clay,Quarterfinals,3,Shnaider D.,Sabalenka A.,23,1,1796,9960,3,6,7,5,6,0,2,1,Completed,8,1.08,,,8.5,1.1,7.45,1.08,9,1.12
24,Paris,French Open,6/4/2026,Grand Slam,Outdoor,Clay,Semifinals,3,Andreeva M.,Kostyuk M.,8,15,4181,2387,6,1,6,3,,"	",2,0,Completed,2.1,1.73,,,2.1,1.8,2.06,1.74,2.16,1.84
24,Paris,French Open,6/4/2026,Grand Slam,Outdoor,Clay,Semifinals,3,Chwalinska M.,Shnaider D.,114,23,693,1796,7,6,6,4,,"	",2,0,Completed,2.5,1.53,,,2.53,1.57,2.42,1.55,2.56,1.63
24,Paris,French Open,6/6/2026,Grand Slam,Outdoor,Clay,The Final,3,Andreeva M.,Chwalinska M.,8,114,4181,693,6,3,6,2,,"	",2,0,Completed,1.2,4.8,,,1.25,4.8,1.22,4.36,1.21,5.5
25,'s-Hertogenbosch,Rosmalen Grass Court Championships,6/8/2026,WTA250,Outdoor,Grass,1st Round,3,Udvardy P.,Alexandrova E.,65,17,1012,2449,6,4,7,6,,,2,0,Completed,4.5,1.2,,,4.9,1.22,4.54,1.19,5.9,1.2
25,'s-Hertogenbosch,Rosmalen Grass Court Championships,6/8/2026,WTA250,Outdoor,Grass,1st Round,3,Linette M.,Birrell K.,60,74,1051,940,2,6,6,1,6,2,2,1,Completed,1.67,2.2,,,1.75,2.2,1.71,2.08,1.8,2.22
25,'s-Hertogenbosch,Rosmalen Grass Court Championships,6/8/2026,WTA250,Outdoor,Grass,1st Round,3,Montgomery R.,Kasatkina D.,484,66,116,1009,5,7,6,0,6,4,2,1,Completed,2.75,1.44,,,2.8,1.5,2.64,1.46,2.78,1.55
25,'s-Hertogenbosch,Rosmalen Grass Court Championships,6/8/2026,WTA250,Outdoor,Grass,1st Round,3,Mertens E.,Andreescu B.,22,158,1918,479,6,1,6,2,,,2,0,Completed,1.33,3.4,,,1.36,3.4,1.34,3.15,1.4,3.45
25,'s-Hertogenbosch,Rosmalen Grass Court Championships,6/8/2026,WTA250,Outdoor,Grass,1st Round,3,Snigur D.,Badosa P.,84,141,889,546,6,1,7,6,,,2,0,Completed,1.8,2,,,1.8,2.2,1.75,2.04,1.8,2.22
25,'s-Hertogenbosch,Rosmalen Grass Court Championships,6/8/2026,WTA250,Outdoor,Grass,1st Round,3,Pohankova M.,Tauson C.,280,24,253,1800,6,4,6,4,,,2,0,Completed,2.75,1.44,,,2.9,1.45,2.74,1.43,3,1.49
25,'s-Hertogenbosch,Rosmalen Grass Court Championships,6/9/2026,WTA250,Outdoor,Grass,1st Round,3,Yastremska D.,Bejlek S.,49,46,1126,1205,6,1,6,2,,,2,0,Completed,1.53,2.5,,,1.53,2.75,1.46,2.63,1.52,2.88
25,'s-Hertogenbosch,Rosmalen Grass Court Championships,6/9/2026,WTA250,Outdoor,Grass,1st Round,3,Sonmez Z.,Volynets K.,67,101,1001,765,6,3,2,6,6,3,2,1,Completed,2.38,1.57,,,2.55,1.67,2.28,1.6,2.32,1.73
25,'s-Hertogenbosch,Rosmalen Grass Court Championships,6/9/2026,WTA250,Outdoor,Grass,1st Round,3,Minnen G.,Tjen J.,202,40,361,1267,7,6,6,1,,,2,0,Completed,1.53,2.5,,,1.53,2.75,1.47,2.61,1.51,2.94
25,'s-Hertogenbosch,Rosmalen Grass Court Championships,6/9/2026,WTA250,Outdoor,Grass,1st Round,3,Krejcikova B.,Zarazua R.,45,77,1211,925,6,1,6,2,,,2,0,Completed,1.14,5.5,,,1.15,5.6,1.14,5.43,1.17,6.2
25,'s-Hertogenbosch,Rosmalen Grass Court Championships,6/9/2026,WTA250,Outdoor,Grass,1st Round,3,Ruse E.G.,Korpatsch T.,88,79,858,919,6,4,7,6,,,2,0,Completed,1.3,3.5,,,1.3,4,1.28,3.59,1.32,4.1
25,'s-Hertogenbosch,Rosmalen Grass Court Championships,6/10/2026,WTA250,Outdoor,Grass,1st Round,3,Sierra S.,Boisson L.,56,155,1064,494,6,4,5,7,6,3,2,1,Completed,1.5,2.63,,,1.5,3,1.42,2.77,1.5,2.96
25,'s-Hertogenbosch,Rosmalen Grass Court Championships,6/10/2026,WTA250,Outdoor,Grass,1st Round,3,Potapova A.,Lamens S.,27,125,1640,624,6,7,6,4,6,4,2,1,Completed,1.17,5,,,1.2,5,1.18,4.63,1.24,5
25,'s-Hertogenbosch,Rosmalen Grass Court Championships,6/10/2026,WTA250,Outdoor,Grass,1st Round,3,Tomljanovic A.,Bouzas Maneiro J.,109,54,724,1080,6,3,6,1,,,2,0,Completed,2,1.8,,,2.04,1.85,1.98,1.79,2,1.96
25,'s-Hertogenbosch,Rosmalen Grass Court Championships,6/10/2026,WTA250,Outdoor,Grass,1st Round,3,Vandewinkel H.,Bartunkova N.,97,61,785,1048,4,6,7,6,7,5,2,1,Completed,2.1,1.73,,,2.23,1.73,2.18,1.66,2.44,1.68
25,'s-Hertogenbosch,Rosmalen Grass Court Championships,6/10/2026,WTA250,Outdoor,Grass,1st Round,3,McNally C.,Navarro E.,59,25,1056,1779,4,6,6,0,6,4,2,1,Completed,2.3,1.62,,,2.3,1.67,2.23,1.63,2.32,1.74
25,'s-Hertogenbosch,Rosmalen Grass Court Championships,6/11/2026,WTA250,Outdoor,Grass,2nd Round,3,Sonmez Z.,Potapova A.,67,27,1001,1640,6,1,2,0,,,1,0,Retired,2.63,1.5,,,2.88,1.53,2.58,1.48,2.66,1.59
25,'s-Hertogenbosch,Rosmalen Grass Court Championships,6/11/2026,WTA250,Outdoor,Grass,2nd Round,3,Montgomery R.,Minnen G.,484,202,116,361,6,4,7,6,,,2,0,Completed,2.3,1.62,,,2.31,1.65,2.25,1.61,2.42,1.69
25,'s-Hertogenbosch,Rosmalen Grass Court Championships,6/11/2026,WTA250,Outdoor,Grass,2nd Round,3,Ruse E.G.,Mertens E.,88,22,858,1918,6,3,6,3,,,2,0,Completed,4,1.25,,,4,1.32,3.68,1.26,4.3,1.29
25,'s-Hertogenbosch,Rosmalen Grass Court Championships,6/11/2026,WTA250,Outdoor,Grass,2nd Round,3,Linette M.,Pohankova M.,60,280,1051,253,6,2,6,2,,,2,0,Completed,1.8,2,,,2,2.07,1.8,1.97,1.89,2.1
25,'s-Hertogenbosch,Rosmalen Grass Court Championships,6/11/2026,WTA250,Outdoor,Grass,2nd Round,3,Snigur D.,Udvardy P.,84,65,889,1012,6,4,3,6,6,4,2,1,Completed,1.3,3.5,,,1.3,3.75,1.27,3.61,1.29,4.3
25,'s-Hertogenbosch,Rosmalen Grass Court Championships,6/11/2026,WTA250,Outdoor,Grass,2nd Round,3,Krejcikova B.,Vandewinkel H.,45,97,1211,785,6,1,6,4,,,2,0,Completed,1.22,4.33,,,1.24,4.33,1.22,4.1,1.27,4.7
25,'s-Hertogenbosch,Rosmalen Grass Court Championships,6/12/2026,WTA250,Outdoor,Grass,2nd Round,3,McNally C.,Sierra S.,59,56,1056,1064,6,4,6,3,,,2,0,Completed,1.4,3,,,1.4,3.25,1.35,3.1,1.43,3.25
25,'s-Hertogenbosch,Rosmalen Grass Court Championships,6/12/2026,WTA250,Outdoor,Grass,2nd Round,3,Tomljanovic A.,Yastremska D.,109,49,724,1126,4,6,6,4,7,5,2,1,Completed,2.3,1.62,,,2.3,1.67,2.23,1.62,2.26,1.78
25,'s-Hertogenbosch,Rosmalen Grass Court Championships,6/12/2026,WTA250,Outdoor,Grass,Quarterfinals,3,Krejcikova B.,Ruse E.G.,45,88,1211,858,6,1,6,2,,,2,0,Completed,1.44,2.75,,,1.5,2.75,1.47,2.62,1.53,2.84
25,'s-Hertogenbosch,Rosmalen Grass Court Championships,6/12/2026,WTA250,Outdoor,Grass,Quarterfinals,3,Linette M.,Sonmez Z.,60,67,1051,1001,6,4,6,2,,,2,0,Completed,2,1.8,,,2.1,1.83,1.98,1.79,2.12,1.87
25,'s-Hertogenbosch,Rosmalen Grass Court Championships,6/12/2026,WTA250,Outdoor,Grass,Quarterfinals,3,Montgomery R.,Snigur D.,484,84,116,889,6,4,6,4,,,2,0,Completed,2.1,1.73,,,2.11,1.75,2.08,1.72,2.2,1.82
25,'s-Hertogenbosch,Rosmalen Grass Court Championships,6/13/2026,WTA250,Outdoor,Grass,Quarterfinals,3,Tomljanovic A.,McNally C.,109,59,724,1056,6,4,6,4,,,2,0,Completed,2.5,1.53,,,2.62,1.55,2.48,1.51,2.68,1.57
25,'s-Hertogenbosch,Rosmalen Grass Court Championships,6/13/2026,WTA250,Outdoor,Grass,Semifinals,3,Krejcikova B.,Linette M.,45,60,1211,1051,6,3,7,6,,,2,0,Completed,1.33,3.4,,,1.35,3.5,1.33,3.21,1.36,3.65
25,'s-Hertogenbosch,Rosmalen Grass Court Championships,6/13/2026,WTA250,Outdoor,Grass,Semifinals,3,Montgomery R.,Tomljanovic A.,484,109,116,724,6,4,6,2,,,2,0,Completed,1.8,2,,,1.91,2.05,1.81,1.95,1.94,2.04
25,'s-Hertogenbosch,Rosmalen Grass Court Championships,6/14/2026,WTA250,Outdoor,Grass,The Final,3,Montgomery R.,Krejcikova B.,484,45,116,1211,,,,,,,,,Walkover,3.2,1.36,,,3.25,1.4,3.12,1.35,3.5,1.39
26,Queens Club,Queen's Club Championships,6/8/2026,WTA500,Outdoor,Grass,1st Round,3,Dart H.,Samsonova L.,160,35,467,1405,5,7,6,4,6,3,2,1,Completed,2.75,1.44,,,2.85,1.44,2.77,1.42,3,1.49
26,Queens Club,Queen's Club Championships,6/8/2026,WTA500,Outdoor,Grass,1st Round,3,Pliskova Ka.,Kessler M.,106,39,730,1289,6,7,6,3,6,4,2,1,Completed,1.73,2.1,,,1.76,2.2,1.7,2.1,1.81,2.2
26,Queens Club,Queen's Club Championships,6/8/2026,WTA500,Outdoor,Grass,1st Round,3,Cristian J.,Zheng Q.,38,122,1294,660,6,4,7,6,,,2,0,Completed,3.4,1.33,,,3.4,1.35,3.21,1.33,3.65,1.37
26,Queens Club,Queen's Club Championships,6/9/2026,WTA500,Outdoor,Grass,1st Round,3,Cirstea S.,Inglis M.,18,151,2415,516,6,4,5,7,6,2,2,1,Completed,1.2,4.5,,,1.22,4.5,1.2,4.31,1.23,5.1
26,Queens Club,Queen's Club Championships,6/9/2026,WTA500,Outdoor,Grass,1st Round,3,Raducanu E.,Blinkova A.,42,105,1241,733,6,0,6,3,,,2,0,Completed,1.44,2.75,,,1.55,2.75,1.51,2.51,1.64,2.52
26,Queens Club,Queen's Club Championships,6/9/2026,WTA500,Outdoor,Grass,1st Round,3,Jovic I.,Ruzic A.,19,58,2366,1061,6,3,6,4,,,2,0,Completed,1.29,3.75,,,1.29,3.9,1.26,3.73,1.31,4.1
26,Queens Club,Queen's Club Championships,6/9/2026,WTA500,Outdoor,Grass,1st Round,3,Boulter K.,Fernandez L.A.,73,23,941,1844,3,6,7,6,7,5,2,1,Completed,1.73,2.1,,,1.85,2.1,1.77,2,1.97,2.02
26,Queens Club,Queen's Club Championships,6/9/2026,WTA500,Outdoor,Grass,1st Round,3,Siegemund L.,Jones F.,44,98,1230,776,6,2,6,3,,,2,0,Completed,1.4,3,,,1.4,3.15,1.37,2.98,1.43,3.3
26,Queens Club,Queen's Club Championships,6/9/2026,WTA500,Outdoor,Grass,1st Round,3,Eala A.,Zhang S.,33,64,1416,1015,6,3,6,2,,,2,0,Completed,1.5,2.63,,,1.54,2.63,1.49,2.58,1.57,2.72
26,Queens Club,Queen's Club Championships,6/9/2026,WTA500,Outdoor,Grass,1st Round,3,Maria T.,Sakkari M.,52,37,1111,1328,6,3,6,3,,,2,0,Completed,1.91,1.91,,,1.91,1.95,1.83,1.92,1.9,2.08
26,Queens Club,Queen's Club Championships,6/9/2026,WTA500,Outdoor,Grass,1st Round,3,Bouzkova M.,Kudermetova P.,28,121,1631,668,6,0,6,3,,,2,0,Completed,1.44,2.75,,,1.44,2.9,1.41,2.78,1.47,3.05
26,Queens Club,Queen's Club Championships,6/9/2026,WTA500,Outdoor,Grass,1st Round,3,Vekic D.,Stojsavljevic M.,76,261,933,270,6,2,6,3,,,2,0,Completed,1.3,3.5,,,1.36,3.5,1.32,3.28,1.38,3.5
26,Queens Club,Queen's Club Championships,6/10/2026,WTA500,Outdoor,Grass,2nd Round,3,Jovic I.,Eala A.,19,33,2366,1416,6,2,6,2,,,2,0,Completed,1.57,2.38,,,1.57,2.45,1.54,2.4,1.72,2.38
26,Queens Club,Queen's Club Championships,6/10/2026,WTA500,Outdoor,Grass,2nd Round,3,Anisimova A.,Siegemund L.,5,44,5848,1230,6,1,6,3,,,2,0,Completed,1.3,3.5,,,1.33,3.75,1.29,3.5,1.3,4.2
26,Queens Club,Queen's Club Championships,6/10/2026,WTA500,Outdoor,Grass,2nd Round,3,Pliskova Ka.,Mboko V.,106,9,730,3670,6,2,3,4,,,1,0,Retired,2.75,1.44,,,2.85,1.5,2.67,1.45,3,1.49
26,Queens Club,Queen's Club Championships,6/12/2026,WTA500,Outdoor,Grass,2nd Round,3,Vekic D.,Bouzkova M.,76,28,933,1631,7,6,6,3,,,2,0,Completed,2.3,1.62,,,2.31,1.65,2.24,1.62,2.3,1.75
26,Queens Club,Queen's Club Championships,6/12/2026,WTA500,Outdoor,Grass,2nd Round,3,Boulter K.,Cristian J.,73,38,941,1294,6,1,6,3,,,2,0,Completed,1.44,2.75,,,1.47,2.9,1.43,2.74,1.44,3.2
26,Queens Club,Queen's Club Championships,6/12/2026,WTA500,Outdoor,Grass,2nd Round,3,Rybakina E.,Maria T.,2,52,8143,1111,6,7,7,5,6,0,2,1,Completed,1.17,5,,,1.21,5,1.18,4.56,1.21,5.6
26,Queens Club,Queen's Club Championships,6/12/2026,WTA500,Outdoor,Grass,2nd Round,3,Rakhimova K.,Dart H.,78,160,920,467,5,7,6,1,7,5,2,1,Completed,2.1,1.73,,,2.1,1.8,2.05,1.74,2.2,1.82
26,Queens Club,Queen's Club Championships,6/12/2026,WTA500,Outdoor,Grass,2nd Round,3,Raducanu E.,Cirstea S.,42,18,1241,2415,6,4,6,2,,,2,0,Completed,1.8,2,,,1.91,2,1.86,1.89,1.94,2.04
26,Queens Club,Queen's Club Championships,6/12/2026,WTA500,Outdoor,Grass,Quarterfinals,3,Jovic I.,Anisimova A.,19,5,2366,5848,6,2,3,6,6,3,2,1,Completed,2.2,1.67,,,2.24,1.67,2.19,1.65,2.36,1.72
26,Queens Club,Queen's Club Championships,6/12/2026,WTA500,Outdoor,Grass,Quarterfinals,3,Vekic D.,Pliskova Ka.,76,106,933,730,6,4,4,6,6,3,2,1,Completed,1.67,2.2,,,1.73,2.21,1.67,2.16,1.73,2.34
26,Queens Club,Queen's Club Championships,6/12/2026,WTA500,Outdoor,Grass,Quarterfinals,3,Boulter K.,Rybakina E.,73,2,941,8143,7,5,2,6,6,4,2,1,Completed,4,1.25,,,4,1.29,3.83,1.25,4.7,1.26
26,Queens Club,Queen's Club Championships,6/13/2026,WTA500,Outdoor,Grass,Quarterfinals,3,Raducanu E.,Rakhimova K.,42,78,1241,920,6,3,7,5,,,2,0,Completed,1.2,4.5,,,1.2,5,1.19,4.44,1.23,5.1
26,Queens Club,Queen's Club Championships,6/13/2026,WTA500,Outdoor,Grass,Semifinals,3,Vekic D.,Boulter K.,76,73,933,941,6,1,6,3,,,2,0,Completed,2.1,1.73,,,2.2,1.75,2.1,1.7,2.34,1.72
26,Queens Club,Queen's Club Championships,6/13/2026,WTA500,Outdoor,Grass,Semifinals,3,Raducanu E.,Jovic I.,42,19,1241,2366,6,2,6,2,,,2,0,Completed,3.75,1.29,,,4,1.3,3.67,1.27,4.3,1.29
26,Queens Club,Queen's Club Championships,6/14/2026,WTA500,Outdoor,Grass,The Final,3,Vekic D.,Raducanu E.,76,42,933,1241,6,0,7,6,,,2,0,Completed,2.2,1.67,,,2.25,1.68,2.19,1.66,2.34,1.72
27,Berlin,German Open,6/15/2026,WTA500,Outdoor,Grass,1st Round,3,Alexandrova E.,Potapova A.,19,26,2411,1669,6,1,,,,,1,0,Retired,1.8,2,,,1.81,2.02,1.78,1.99,1.9,2.08
27,Berlin,German Open,6/15/2026,WTA500,Outdoor,Grass,1st Round,3,Bartunkova N.,Shnaider D.,62,16,1041,2458,6,2,6,7,6,3,2,1,Completed,2.63,1.5,,,2.7,1.5,2.6,1.48,2.78,1.55
27,Berlin,German Open,6/15/2026,WTA500,Outdoor,Grass,1st Round,3,Mertens E.,Samsonova L.,24,37,1698,1405,1,6,6,3,6,0,2,1,Completed,1.53,2.5,,,1.53,2.65,1.5,2.53,1.59,2.66
27,Berlin,German Open,6/16/2026,WTA500,Outdoor,Grass,1st Round,3,Lys E.,Frech M.,80,45,901,1238,7,6,6,3,,,2,0,Completed,2.1,1.73,,,2.38,1.8,2.09,1.71,2.16,1.84
27,Berlin,German Open,6/16/2026,WTA500,Outdoor,Grass,1st Round,3,Keys M.,Wang Xin.,28,32,1642,1431,7,6,6,1,,,2,0,Completed,1.36,3.2,,,1.36,3.75,1.32,3.29,1.39,3.5
27,Berlin,German Open,6/16/2026,WTA500,Outdoor,Grass,1st Round,3,Noskova L.,Zarazua R.,13,77,3054,925,6,1,6,4,,,2,0,Completed,1.2,4.5,,,1.22,4.9,1.2,4.41,1.23,5.2
27,Berlin,German Open,6/16/2026,WTA500,Outdoor,Grass,1st Round,3,Muchova K.,Zhang S.,10,67,3388,1015,6,1,6,3,,,2,0,Completed,1.33,3.4,,,1.34,3.5,1.33,3.27,1.37,3.6
27,Berlin,German Open,6/16/2026,WTA500,Outdoor,Grass,1st Round,3,Siniakova K.,Masarova R.,34,141,1422,550,6,2,6,4,,,2,0,Completed,1.44,2.75,,,1.53,2.75,1.47,2.59,1.54,2.8
27,Berlin,German Open,6/16/2026,WTA500,Outdoor,Grass,1st Round,3,Svitolina E.,Kalinskaya A.,8,20,4315,2212,6,1,4,1,,,1,0,Retired,1.44,2.75,,,1.45,3.5,1.41,2.8,1.47,3.05
27,Berlin,German Open,6/16/2026,WTA500,Outdoor,Grass,1st Round,3,Parry D.,Tauson C.,60,23,1045,1800,6,3,6,4,,,2,0,Completed,1.73,2.1,,,1.73,2.2,1.7,2.11,1.76,2.28
27,Berlin,German Open,6/16/2026,WTA500,Outdoor,Grass,1st Round,3,Badosa P.,Lamens S.,142,134,546,572,6,3,6,2,,,2,0,Completed,1.67,2.2,,,1.73,2.2,1.67,2.16,1.74,2.34
27,Berlin,German Open,6/17/2026,WTA500,Outdoor,Grass,1st Round,3,Eala A.,Vekic D.,35,33,1422,1431,7,5,6,4,,,2,0,Completed,2.1,1.73,,,2.2,1.81,2.04,1.75,2.28,1.77
27,Berlin,German Open,6/17/2026,WTA500,Outdoor,Grass,2nd Round,3,Bartunkova N.,Mertens E.,62,24,1041,1698,6,1,6,4,,,2,0,Completed,3.2,1.36,,,3.2,1.4,3.02,1.37,3.4,1.41
27,Berlin,German Open,6/17/2026,WTA500,Outdoor,Grass,2nd Round,3,Pegula J.,Siniakova K.,4,34,6056,1422,6,2,6,4,,,2,0,Completed,1.57,2.38,,,1.62,2.5,1.55,2.38,1.65,2.5
27,Berlin,German Open,6/17/2026,WTA500,Outdoor,Grass,2nd Round,3,Badosa P.,Gauff C.,142,7,546,4879,1,6,6,3,6,2,2,1,Completed,3.5,1.3,,,3.5,1.33,3.35,1.31,3.9,1.32
27,Berlin,German Open,6/17/2026,WTA500,Outdoor,Grass,2nd Round,3,Sabalenka A.,Alexandrova E.,1,19,9090,2411,6,4,6,4,,,2,0,Completed,1.22,4.33,,,1.25,4.6,1.22,4.11,1.25,4.7
27,Berlin,German Open,6/18/2026,WTA500,Outdoor,Grass,2nd Round,3,Noskova L.,Parry D.,13,60,3054,1045,6,2,6,2,,,2,0,Completed,1.33,3.4,,,1.36,3.4,1.34,3.13,1.4,3.4
27,Berlin,German Open,6/18/2026,WTA500,Outdoor,Grass,2nd Round,3,Svitolina E.,Lys E.,8,80,4315,901,6,3,6,2,,,2,0,Completed,1.17,5,,,1.22,5,1.19,4.48,1.22,5.3
27,Berlin,German Open,6/18/2026,WTA500,Outdoor,Grass,2nd Round,3,Keys M.,Muchova K.,28,10,1642,3388,6,4,7,5,,,2,0,Completed,2,1.8,,,2,1.85,1.97,1.8,2.08,1.89
27,Berlin,German Open,6/18/2026,WTA500,Outdoor,Grass,2nd Round,3,Eala A.,Rybakina E.,35,2,1422,8143,7,5,6,4,,,2,0,Completed,5,1.17,,,5.25,1.2,4.7,1.17,5.2,1.23
27,Berlin,German Open,6/19/2026,WTA500,Outdoor,Grass,Quarterfinals,3,Pegula J.,Keys M.,4,28,6056,1642,7,6,7,6,,,2,0,Completed,1.67,2.2,,,1.73,2.2,1.67,2.15,1.72,2.36
27,Berlin,German Open,6/19/2026,WTA500,Outdoor,Grass,Quarterfinals,3,Noskova L.,Badosa P.,13,142,3054,546,6,1,6,3,,,2,0,Completed,1.44,2.75,,,1.45,3.2,1.41,2.79,1.46,3.1
27,Berlin,German Open,6/19/2026,WTA500,Outdoor,Grass,Quarterfinals,3,Sabalenka A.,Bartunkova N.,1,62,9090,1041,2,6,7,6,6,4,2,1,Completed,1.11,6.5,,,1.12,7.5,1.1,6.48,1.15,7.4
27,Berlin,German Open,6/19/2026,WTA500,Outdoor,Grass,Quarterfinals,3,Eala A.,Svitolina E.,35,8,1422,4315,6,3,6,4,,,2,0,Completed,3,1.4,,,3.1,1.4,2.92,1.39,3.1,1.46
27,Berlin,German Open,6/20/2026,WTA500,Outdoor,Grass,Semifinals,3,Pegula J.,Sabalenka A.,4,1,6056,9090,6,4,6,7,6,0,2,1,Completed,2.5,1.53,,,2.63,1.57,2.43,1.54,2.5,1.64
27,Berlin,German Open,6/20/2026,WTA500,Outdoor,Grass,Semifinals,3,Noskova L.,Eala A.,13,35,3054,1422,6,2,6,4,,,2,0,Completed,1.62,2.3,,,1.64,2.5,1.59,2.27,1.71,2.38
27,Berlin,German Open,6/21/2026,WTA500,Outdoor,Grass,The Final,3,Noskova L.,Pegula J.,13,4,3054,6056,6,4,4,6,6,3,2,1,Completed,2.38,1.57,,,2.5,1.62,2.38,1.56,2.66,1.59
28,Nottingham,Nottingham Open,6/15/2026,WTA250,Outdoor,Grass,1st Round,3,Bouzkova M.,Valentova T.,27,63,1659,1040,6,3,6,3,,,2,0,Completed,1.57,2.38,,,1.58,2.5,1.55,2.39,1.58,2.68
28,Nottingham,Nottingham Open,6/15/2026,WTA250,Outdoor,Grass,1st Round,3,Maria T.,Tjen J.,117,43,671,1267,6,3,6,2,,,2,0,Completed,1.53,2.5,,,1.62,2.5,1.55,2.39,1.71,2.42
28,Nottingham,Nottingham Open,6/15/2026,WTA250,Outdoor,Grass,1st Round,3,Zheng Q.,Sakkari M.,160,41,466,1299,4,6,7,6,6,4,2,1,Completed,1.57,2.38,,,1.62,2.38,1.59,2.28,1.67,2.46
28,Nottingham,Nottingham Open,6/15/2026,WTA250,Outdoor,Grass,1st Round,3,Navarro E.,Bondar A.,25,74,1681,936,6,7,6,3,6,2,2,1,Completed,1.3,3.5,,,1.3,3.5,1.3,3.5,,
28,Nottingham,Nottingham Open,6/15/2026,WTA250,Outdoor,Grass,1st Round,3,Starodubtseva Y.,Joint M.,59,53,1063,1096,6,7,7,5,6,4,2,1,Completed,1.62,2.3,,,1.62,2.5,1.54,2.4,1.55,2.76
28,Nottingham,Nottingham Open,6/15/2026,WTA250,Outdoor,Grass,1st Round,3,Gibson T.,Jones F.,66,99,1023,776,6,3,5,7,7,6,2,1,Completed,1.3,3.5,,,1.3,3.75,1.28,3.53,1.31,4.1
28,Nottingham,Nottingham Open,6/15/2026,WTA250,Outdoor,Grass,1st Round,3,Bouzas Maneiro J.,Sakatsume H.,55,125,1080,612,7,5,6,2,,,2,0,Completed,1.5,2.63,,,1.5,2.65,1.48,2.59,1.61,2.6
28,Nottingham,Nottingham Open,6/15/2026,WTA250,Outdoor,Grass,1st Round,3,Preston T.,Blinkova A.,124,106,624,728,4,6,6,3,6,3,2,1,Completed,2.5,1.53,,,2.6,1.54,2.49,1.51,2.5,1.66
28,Nottingham,Nottingham Open,6/16/2026,WTA250,Outdoor,Grass,1st Round,3,Li A.,Birrell K.,29,73,1601,939,4,6,7,6,6,4,2,1,Completed,2.2,1.67,,,2.25,1.67,2.18,1.66,2.24,1.78
28,Nottingham,Nottingham Open,6/16/2026,WTA250,Outdoor,Grass,1st Round,3,Volynets K.,Kessler M.,102,44,765,1261,6,3,6,3,,,2,0,Completed,2.2,1.67,,,2.2,1.73,2.12,1.69,2.18,1.83
28,Nottingham,Nottingham Open,6/16/2026,WTA250,Outdoor,Grass,1st Round,3,Sonmez Z.,Fernandez L.A.,61,22,1042,1844,6,4,7,6,,,2,0,Completed,2.1,1.73,,,2.28,1.73,2.2,1.64,2.34,1.72
28,Nottingham,Nottingham Open,6/16/2026,WTA250,Outdoor,Grass,1st Round,3,Yastremska D.,Dudeney A.,50,248,1126,286,6,4,7,6,,,2,0,Completed,1.2,4.5,,,1.25,5.5,1.2,4.4,1.23,4.9
28,Nottingham,Nottingham Open,6/16/2026,WTA250,Outdoor,Grass,1st Round,3,McNally C.,Ruzic A.,54,57,1095,1071,6,3,6,0,,,2,0,Completed,1.5,2.63,,,1.53,2.75,1.47,2.62,1.5,2.9
28,Nottingham,Nottingham Open,6/16/2026,WTA250,Outdoor,Grass,1st Round,3,Klugman H.,Dart H.,509,152,107,512,6,2,6,4,,,2,0,Completed,3,1.4,,,3,1.44,2.87,1.4,3,1.48
28,Nottingham,Nottingham Open,6/16/2026,WTA250,Outdoor,Grass,1st Round,3,Golubic V.,Kenin S.,76,104,927,747,6,2,4,6,6,3,2,1,Completed,1.62,2.3,,,1.8,2.3,1.63,2.23,,
28,Nottingham,Nottingham Open,6/16/2026,WTA250,Outdoor,Grass,1st Round,3,Pliskova Ka.,Bejlek S.,87,47,838,1179,2,6,7,6,6,2,2,1,Completed,1.29,3.75,,,1.3,3.8,1.27,3.64,1.3,4.2
28,Nottingham,Nottingham Open,6/17/2026,WTA250,Outdoor,Grass,2nd Round,3,Navarro E.,Starodubtseva Y.,25,59,1681,1063,6,4,6,7,6,4,2,1,Completed,1.44,2.75,,,1.5,2.85,1.44,2.73,1.54,2.78
28,Nottingham,Nottingham Open,6/17/2026,WTA250,Outdoor,Grass,2nd Round,3,Bouzas Maneiro J.,Volynets K.,55,102,1080,765,7,5,1,0,,,1,0,Retired,2.3,1.62,,,2.38,1.67,2.26,1.62,2.32,1.74
28,Nottingham,Nottingham Open,6/17/2026,WTA250,Outdoor,Grass,2nd Round,3,Maria T.,Yastremska D.,117,50,671,1126,6,1,6,2,,,2,0,Completed,1.91,1.91,,,1.91,2.02,1.84,1.93,1.92,2.06
28,Nottingham,Nottingham Open,6/17/2026,WTA250,Outdoor,Grass,2nd Round,3,Gibson T.,Zheng Q.,66,160,1023,466,6,3,7,6,,,2,0,Completed,2.75,1.44,,,3,1.47,2.75,1.42,3,1.47
28,Nottingham,Nottingham Open,6/18/2026,WTA250,Outdoor,Grass,2nd Round,3,Golubic V.,Sonmez Z.,76,61,927,1042,7,5,4,6,6,4,2,1,Completed,2.38,1.57,,,2.38,1.67,2.27,1.59,2.44,1.68
28,Nottingham,Nottingham Open,6/18/2026,WTA250,Outdoor,Grass,2nd Round,3,Pliskova Ka.,McNally C.,87,54,838,1095,6,4,7,6,,,2,0,Completed,2,1.8,,,2,1.83,1.97,1.79,2.04,1.94
28,Nottingham,Nottingham Open,6/18/2026,WTA250,Outdoor,Grass,2nd Round,3,Bouzkova M.,Klugman H.,27,509,1659,107,7,5,6,2,,,2,0,Completed,1.14,5.5,,,1.17,5.5,1.15,5.13,1.19,6
28,Nottingham,Nottingham Open,6/18/2026,WTA250,Outdoor,Grass,2nd Round,3,Li A.,Preston T.,29,124,1601,624,5,7,6,2,6,2,2,1,Completed,1.44,2.75,,,1.5,2.75,1.45,2.68,1.51,2.92
28,Nottingham,Nottingham Open,6/19/2026,WTA250,Outdoor,Grass,Quarterfinals,3,Bouzkova M.,Maria T.,27,117,1659,671,7,5,6,0,,,2,0,Completed,1.67,2.2,,,1.67,2.3,1.62,2.23,1.69,2.42
28,Nottingham,Nottingham Open,6/19/2026,WTA250,Outdoor,Grass,Quarterfinals,3,Pliskova Ka.,Gibson T.,87,66,838,1023,7,5,6,4,,,2,0,Completed,1.62,2.3,,,1.62,2.38,1.59,2.27,1.66,2.48
28,Nottingham,Nottingham Open,6/19/2026,WTA250,Outdoor,Grass,Quarterfinals,3,Navarro E.,Bouzas Maneiro J.,25,55,1681,1080,7,6,6,2,,,2,0,Completed,1.5,2.63,,,1.53,2.65,1.48,2.57,1.53,2.82
28,Nottingham,Nottingham Open,6/19/2026,WTA250,Outdoor,Grass,Quarterfinals,3,Golubic V.,Li A.,76,29,927,1601,6,3,2,6,6,3,2,1,Completed,2,1.8,,,2.12,1.87,2,1.77,2.14,1.85
28,Nottingham,Nottingham Open,6/20/2026,WTA250,Outdoor,Grass,Semifinals,3,Bouzkova M.,Pliskova Ka.,27,87,1659,838,6,4,6,1,,,2,0,Completed,1.8,2,,,1.87,2,1.81,1.96,1.91,2.06
28,Nottingham,Nottingham Open,6/20/2026,WTA250,Outdoor,Grass,Semifinals,3,Navarro E.,Golubic V.,25,76,1681,927,7,6,6,2,,,2,0,Completed,1.4,3,,,1.42,3,1.4,2.88,1.43,3.25
28,Nottingham,Nottingham Open,6/21/2026,WTA250,Outdoor,Grass,The Final,3,Bouzkova M.,Navarro E.,27,25,1659,1681,7,6,4,6,6,2,2,1,Completed,1.91,1.91,,,2,2,1.84,1.92,1.9,2.08
